-- MySQL dump 10.13  Distrib 8.0.28, for Win64 (x86_64)
--
-- Host: 127.0.0.1    Database: projectmonitor
-- ------------------------------------------------------
-- Server version	8.0.28

/*!40101 SET @OLD_CHARACTER_SET_CLIENT=@@CHARACTER_SET_CLIENT */;
/*!40101 SET @OLD_CHARACTER_SET_RESULTS=@@CHARACTER_SET_RESULTS */;
/*!40101 SET @OLD_COLLATION_CONNECTION=@@COLLATION_CONNECTION */;
/*!50503 SET NAMES utf8 */;
/*!40103 SET @OLD_TIME_ZONE=@@TIME_ZONE */;
/*!40103 SET TIME_ZONE='+00:00' */;
/*!40014 SET @OLD_UNIQUE_CHECKS=@@UNIQUE_CHECKS, UNIQUE_CHECKS=0 */;
/*!40014 SET @OLD_FOREIGN_KEY_CHECKS=@@FOREIGN_KEY_CHECKS, FOREIGN_KEY_CHECKS=0 */;
/*!40101 SET @OLD_SQL_MODE=@@SQL_MODE, SQL_MODE='NO_AUTO_VALUE_ON_ZERO' */;
/*!40111 SET @OLD_SQL_NOTES=@@SQL_NOTES, SQL_NOTES=0 */;

--
-- Table structure for table `batch_job_execution`
--

DROP TABLE IF EXISTS `batch_job_execution`;
/*!40101 SET @saved_cs_client     = @@character_set_client */;
/*!50503 SET character_set_client = utf8mb4 */;
CREATE TABLE `batch_job_execution` (
  `JOB_EXECUTION_ID` bigint NOT NULL,
  `VERSION` bigint DEFAULT NULL,
  `JOB_INSTANCE_ID` bigint NOT NULL,
  `CREATE_TIME` datetime(6) NOT NULL,
  `START_TIME` datetime(6) DEFAULT NULL,
  `END_TIME` datetime(6) DEFAULT NULL,
  `STATUS` varchar(10) DEFAULT NULL,
  `EXIT_CODE` varchar(2500) DEFAULT NULL,
  `EXIT_MESSAGE` varchar(2500) DEFAULT NULL,
  `LAST_UPDATED` datetime(6) DEFAULT NULL,
  `JOB_CONFIGURATION_LOCATION` varchar(2500) DEFAULT NULL,
  PRIMARY KEY (`JOB_EXECUTION_ID`),
  KEY `JOB_INST_EXEC_FK` (`JOB_INSTANCE_ID`),
  CONSTRAINT `JOB_INST_EXEC_FK` FOREIGN KEY (`JOB_INSTANCE_ID`) REFERENCES `batch_job_instance` (`JOB_INSTANCE_ID`)
) ENGINE=InnoDB DEFAULT CHARSET=utf8mb4 COLLATE=utf8mb4_0900_ai_ci;
/*!40101 SET character_set_client = @saved_cs_client */;

--
-- Dumping data for table `batch_job_execution`
--

LOCK TABLES `batch_job_execution` WRITE;
/*!40000 ALTER TABLE `batch_job_execution` DISABLE KEYS */;
INSERT INTO `batch_job_execution` VALUES (1,2,1,'2022-05-01 00:26:29.740000','2022-05-01 00:26:29.821000','2022-05-01 00:26:30.120000','COMPLETED','COMPLETED','','2022-05-01 00:26:30.122000',NULL),(2,2,1,'2022-05-01 00:27:31.326000','2022-05-01 00:27:31.343000','2022-05-01 00:27:31.362000','COMPLETED','NOOP','All steps already completed or no steps configured for this job.','2022-05-01 00:27:31.363000',NULL),(3,2,1,'2022-05-01 00:41:31.274000','2022-05-01 00:41:31.309000','2022-05-01 00:41:31.329000','COMPLETED','NOOP','All steps already completed or no steps configured for this job.','2022-05-01 00:41:31.331000',NULL),(4,2,2,'2022-05-01 00:43:54.822000','2022-05-01 00:43:54.860000','2022-05-01 00:43:55.016000','COMPLETED','COMPLETED','','2022-05-01 00:43:55.018000',NULL),(5,2,3,'2022-05-01 00:48:34.495000','2022-05-01 00:48:34.526000','2022-05-01 00:48:34.651000','COMPLETED','COMPLETED','','2022-05-01 00:48:34.652000',NULL),(6,2,1,'2022-05-05 10:33:41.476000','2022-05-05 10:33:41.629000','2022-05-05 10:33:41.690000','COMPLETED','NOOP','All steps already completed or no steps configured for this job.','2022-05-05 10:33:41.693000',NULL),(7,2,1,'2022-05-07 13:03:42.913000','2022-05-07 13:03:43.043000','2022-05-07 13:03:43.087000','COMPLETED','NOOP','All steps already completed or no steps configured for this job.','2022-05-07 13:03:43.089000',NULL),(8,2,1,'2022-05-08 22:31:30.616000','2022-05-08 22:31:30.646000','2022-05-08 22:31:30.663000','COMPLETED','NOOP','All steps already completed or no steps configured for this job.','2022-05-08 22:31:30.663000',NULL),(9,2,1,'2022-05-08 22:31:33.306000','2022-05-08 22:31:33.320000','2022-05-08 22:31:33.333000','COMPLETED','NOOP','All steps already completed or no steps configured for this job.','2022-05-08 22:31:33.335000',NULL),(10,2,1,'2022-05-08 22:32:05.035000','2022-05-08 22:32:05.052000','2022-05-08 22:32:05.067000','COMPLETED','NOOP','All steps already completed or no steps configured for this job.','2022-05-08 22:32:05.068000',NULL),(11,2,1,'2022-05-08 22:35:34.768000','2022-05-08 22:35:34.782000','2022-05-08 22:35:34.792000','COMPLETED','NOOP','All steps already completed or no steps configured for this job.','2022-05-08 22:35:34.793000',NULL),(12,2,1,'2022-05-08 22:36:35.696000','2022-05-08 22:36:35.710000','2022-05-08 22:36:35.722000','COMPLETED','NOOP','All steps already completed or no steps configured for this job.','2022-05-08 22:36:35.723000',NULL),(13,2,4,'2022-05-08 22:37:49.011000','2022-05-08 22:37:49.027000','2022-05-08 22:37:49.078000','FAILED','FAILED','','2022-05-08 22:37:49.079000',NULL),(14,2,1,'2022-05-08 22:37:49.012000','2022-05-08 22:37:49.025000','2022-05-08 22:37:49.035000','COMPLETED','NOOP','All steps already completed or no steps configured for this job.','2022-05-08 22:37:49.036000',NULL),(15,2,5,'2022-05-08 22:37:54.028000','2022-05-08 22:37:54.045000','2022-05-08 22:37:54.091000','FAILED','FAILED','','2022-05-08 22:37:54.091000',NULL),(16,2,6,'2022-05-08 22:37:59.016000','2022-05-08 22:37:59.026000','2022-05-08 22:37:59.065000','FAILED','FAILED','','2022-05-08 22:37:59.065000',NULL),(17,2,7,'2022-05-08 22:38:04.019000','2022-05-08 22:38:04.032000','2022-05-08 22:38:04.072000','FAILED','FAILED','','2022-05-08 22:38:04.072000',NULL),(18,2,8,'2022-05-08 22:38:09.012000','2022-05-08 22:38:09.024000','2022-05-08 22:38:09.063000','FAILED','FAILED','','2022-05-08 22:38:09.063000',NULL),(19,2,9,'2022-05-08 22:38:14.024000','2022-05-08 22:38:14.039000','2022-05-08 22:38:14.097000','FAILED','FAILED','','2022-05-08 22:38:14.097000',NULL),(20,2,10,'2022-05-08 22:38:19.027000','2022-05-08 22:38:19.041000','2022-05-08 22:38:19.086000','FAILED','FAILED','','2022-05-08 22:38:19.086000',NULL),(21,2,11,'2022-05-08 22:40:22.565000','2022-05-08 22:40:22.578000','2022-05-08 22:40:22.702000','COMPLETED','COMPLETED','','2022-05-08 22:40:22.703000',NULL),(22,2,1,'2022-05-08 22:40:22.574000','2022-05-08 22:40:22.585000','2022-05-08 22:40:22.599000','COMPLETED','NOOP','All steps already completed or no steps configured for this job.','2022-05-08 22:40:22.600000',NULL),(23,2,12,'2022-05-08 22:40:27.571000','2022-05-08 22:40:27.584000','2022-05-08 22:40:27.651000','COMPLETED','COMPLETED','','2022-05-08 22:40:27.652000',NULL),(24,2,13,'2022-05-08 22:40:32.579000','2022-05-08 22:40:32.599000','2022-05-08 22:40:32.668000','COMPLETED','COMPLETED','','2022-05-08 22:40:32.669000',NULL),(25,2,14,'2022-05-08 22:40:37.572000','2022-05-08 22:40:37.583000','2022-05-08 22:40:37.664000','COMPLETED','COMPLETED','','2022-05-08 22:40:37.664000',NULL),(26,2,15,'2022-05-08 22:40:42.567000','2022-05-08 22:40:42.578000','2022-05-08 22:40:42.641000','COMPLETED','COMPLETED','','2022-05-08 22:40:42.641000',NULL),(27,2,1,'2022-05-08 22:40:48.065000','2022-05-08 22:40:48.077000','2022-05-08 22:40:48.087000','COMPLETED','NOOP','All steps already completed or no steps configured for this job.','2022-05-08 22:40:48.087000',NULL),(28,2,1,'2022-05-08 22:41:06.304000','2022-05-08 22:41:06.317000','2022-05-08 22:41:06.328000','COMPLETED','NOOP','All steps already completed or no steps configured for this job.','2022-05-08 22:41:06.328000',NULL),(29,2,1,'2022-05-08 22:41:19.659000','2022-05-08 22:41:19.673000','2022-05-08 22:41:19.685000','COMPLETED','NOOP','All steps already completed or no steps configured for this job.','2022-05-08 22:41:19.686000',NULL),(30,2,1,'2022-05-08 22:41:22.370000','2022-05-08 22:41:22.384000','2022-05-08 22:41:22.400000','COMPLETED','NOOP','All steps already completed or no steps configured for this job.','2022-05-08 22:41:22.401000',NULL),(31,2,1,'2022-05-08 22:41:25.420000','2022-05-08 22:41:25.435000','2022-05-08 22:41:25.446000','COMPLETED','NOOP','All steps already completed or no steps configured for this job.','2022-05-08 22:41:25.446000',NULL),(32,2,1,'2022-05-08 22:41:28.090000','2022-05-08 22:41:28.105000','2022-05-08 22:41:28.115000','COMPLETED','NOOP','All steps already completed or no steps configured for this job.','2022-05-08 22:41:28.116000',NULL),(33,2,16,'2022-05-08 22:43:26.902000','2022-05-08 22:43:26.914000','2022-05-08 22:43:26.985000','COMPLETED','COMPLETED','','2022-05-08 22:43:26.985000',NULL),(34,2,1,'2022-05-08 22:43:26.906000','2022-05-08 22:43:26.918000','2022-05-08 22:43:26.928000','COMPLETED','NOOP','All steps already completed or no steps configured for this job.','2022-05-08 22:43:26.928000',NULL),(35,2,17,'2022-05-08 22:43:31.913000','2022-05-08 22:43:31.925000','2022-05-08 22:43:31.986000','COMPLETED','COMPLETED','','2022-05-08 22:43:31.986000',NULL),(36,2,18,'2022-05-08 22:43:36.911000','2022-05-08 22:43:36.924000','2022-05-08 22:43:36.993000','COMPLETED','COMPLETED','','2022-05-08 22:43:36.993000',NULL),(37,2,19,'2022-05-08 22:43:41.914000','2022-05-08 22:43:41.927000','2022-05-08 22:43:41.991000','COMPLETED','COMPLETED','','2022-05-08 22:43:41.991000',NULL),(38,2,20,'2022-05-08 22:43:46.912000','2022-05-08 22:43:46.922000','2022-05-08 22:43:46.982000','COMPLETED','COMPLETED','','2022-05-08 22:43:46.982000',NULL),(39,2,1,'2022-05-08 22:43:49.253000','2022-05-08 22:43:49.265000','2022-05-08 22:43:49.275000','COMPLETED','NOOP','All steps already completed or no steps configured for this job.','2022-05-08 22:43:49.275000',NULL),(40,2,1,'2022-05-08 22:46:58.291000','2022-05-08 22:46:58.304000','2022-05-08 22:46:58.318000','COMPLETED','NOOP','All steps already completed or no steps configured for this job.','2022-05-08 22:46:58.319000',NULL),(41,2,1,'2022-05-08 22:53:56.558000','2022-05-08 22:53:56.613000','2022-05-08 22:53:56.638000','COMPLETED','NOOP','All steps already completed or no steps configured for this job.','2022-05-08 22:53:56.639000',NULL),(42,2,21,'2022-05-08 23:00:00.034000','2022-05-08 23:00:00.046000','2022-05-08 23:00:00.209000','COMPLETED','COMPLETED','','2022-05-08 23:00:00.210000',NULL),(43,2,1,'2022-05-08 23:00:21.669000','2022-05-08 23:00:21.681000','2022-05-08 23:00:21.697000','COMPLETED','NOOP','All steps already completed or no steps configured for this job.','2022-05-08 23:00:21.698000',NULL),(44,2,1,'2022-05-08 23:00:48.406000','2022-05-08 23:00:48.423000','2022-05-08 23:00:48.438000','COMPLETED','NOOP','All steps already completed or no steps configured for this job.','2022-05-08 23:00:48.440000',NULL),(45,2,1,'2022-05-08 23:06:36.811000','2022-05-08 23:06:36.826000','2022-05-08 23:06:36.836000','COMPLETED','NOOP','All steps already completed or no steps configured for this job.','2022-05-08 23:06:36.837000',NULL),(46,2,1,'2022-05-08 23:07:02.640000','2022-05-08 23:07:02.653000','2022-05-08 23:07:02.671000','COMPLETED','NOOP','All steps already completed or no steps configured for this job.','2022-05-08 23:07:02.673000',NULL),(47,2,22,'2022-05-09 00:00:00.030000','2022-05-09 00:00:00.046000','2022-05-09 00:00:00.145000','COMPLETED','COMPLETED','','2022-05-09 00:00:00.145000',NULL),(48,2,1,'2022-05-09 10:05:18.767000','2022-05-09 10:05:18.831000','2022-05-09 10:05:18.872000','COMPLETED','NOOP','All steps already completed or no steps configured for this job.','2022-05-09 10:05:18.876000',NULL),(49,2,23,'2022-05-09 10:09:38.853000','2022-05-09 10:09:38.881000','2022-05-09 10:09:39.021000','COMPLETED','COMPLETED','','2022-05-09 10:09:39.022000',NULL),(50,2,1,'2022-05-09 10:09:38.857000','2022-05-09 10:09:38.878000','2022-05-09 10:09:38.902000','COMPLETED','NOOP','All steps already completed or no steps configured for this job.','2022-05-09 10:09:38.903000',NULL),(51,2,24,'2022-05-09 10:10:41.736000','2022-05-09 10:10:41.917000','2022-05-09 10:10:42.343000','COMPLETED','COMPLETED','','2022-05-09 10:10:42.345000',NULL),(52,2,1,'2022-05-09 10:10:41.894000','2022-05-09 10:10:41.919000','2022-05-09 10:10:41.981000','COMPLETED','NOOP','All steps already completed or no steps configured for this job.','2022-05-09 10:10:41.983000',NULL),(53,2,25,'2022-05-09 10:10:46.690000','2022-05-09 10:10:46.719000','2022-05-09 10:10:46.918000','COMPLETED','COMPLETED','','2022-05-09 10:10:46.919000',NULL),(54,2,26,'2022-05-09 10:10:51.706000','2022-05-09 10:10:51.736000','2022-05-09 10:10:51.969000','COMPLETED','COMPLETED','','2022-05-09 10:10:51.974000',NULL),(55,2,27,'2022-05-09 10:10:56.679000','2022-05-09 10:10:56.695000','2022-05-09 10:10:56.831000','COMPLETED','COMPLETED','','2022-05-09 10:10:56.831000',NULL),(56,2,28,'2022-05-09 10:11:01.678000','2022-05-09 10:11:01.702000','2022-05-09 10:11:01.945000','COMPLETED','COMPLETED','','2022-05-09 10:11:01.946000',NULL),(57,2,1,'2022-05-09 10:11:07.914000','2022-05-09 10:11:07.940000','2022-05-09 10:11:07.975000','COMPLETED','NOOP','All steps already completed or no steps configured for this job.','2022-05-09 10:11:07.977000',NULL),(58,2,29,'2022-05-10 15:55:15.011000','2022-05-10 15:55:15.122000','2022-05-10 15:55:16.588000','COMPLETED','COMPLETED','','2022-05-10 15:55:16.589000',NULL),(59,2,30,'2022-05-11 09:48:32.763000','2022-05-11 09:48:32.843000','2022-05-11 09:48:33.305000','COMPLETED','COMPLETED','','2022-05-11 09:48:33.306000',NULL),(60,2,1,'2022-05-12 21:17:13.533000','2022-05-12 21:17:13.703000','2022-05-12 21:17:13.767000','COMPLETED','NOOP','All steps already completed or no steps configured for this job.','2022-05-12 21:17:13.770000',NULL),(61,2,1,'2022-05-12 21:23:34.488000','2022-05-12 21:23:34.510000','2022-05-12 21:23:34.534000','COMPLETED','NOOP','All steps already completed or no steps configured for this job.','2022-05-12 21:23:34.536000',NULL),(62,2,1,'2022-05-12 21:23:39.738000','2022-05-12 21:23:39.779000','2022-05-12 21:23:39.803000','COMPLETED','NOOP','All steps already completed or no steps configured for this job.','2022-05-12 21:23:39.805000',NULL),(63,2,1,'2022-05-12 21:24:45.292000','2022-05-12 21:24:45.311000','2022-05-12 21:24:45.332000','COMPLETED','NOOP','All steps already completed or no steps configured for this job.','2022-05-12 21:24:45.334000',NULL),(64,2,1,'2022-05-12 21:24:50.702000','2022-05-12 21:24:50.737000','2022-05-12 21:24:50.761000','COMPLETED','NOOP','All steps already completed or no steps configured for this job.','2022-05-12 21:24:50.763000',NULL),(65,2,1,'2022-05-12 21:25:56.086000','2022-05-12 21:25:56.122000','2022-05-12 21:25:56.147000','COMPLETED','NOOP','All steps already completed or no steps configured for this job.','2022-05-12 21:25:56.148000',NULL),(66,2,31,'2022-05-13 01:02:01.831000','2022-05-13 01:02:01.920000','2022-05-13 01:02:03.049000','COMPLETED','COMPLETED','','2022-05-13 01:02:03.051000',NULL),(67,2,1,'2022-05-14 14:51:39.140000','2022-05-14 14:51:39.219000','2022-05-14 14:51:39.249000','COMPLETED','NOOP','All steps already completed or no steps configured for this job.','2022-05-14 14:51:39.250000',NULL),(68,2,1,'2022-05-14 16:15:36.146000','2022-05-14 16:15:36.160000','2022-05-14 16:15:36.176000','COMPLETED','NOOP','All steps already completed or no steps configured for this job.','2022-05-14 16:15:36.177000',NULL),(69,2,1,'2022-05-14 16:16:02.802000','2022-05-14 16:16:02.815000','2022-05-14 16:16:02.829000','COMPLETED','NOOP','All steps already completed or no steps configured for this job.','2022-05-14 16:16:02.830000',NULL),(70,2,1,'2022-05-14 22:30:11.166000','2022-05-14 22:30:11.272000','2022-05-14 22:30:11.331000','COMPLETED','NOOP','All steps already completed or no steps configured for this job.','2022-05-14 22:30:11.333000',NULL),(71,2,1,'2022-05-14 23:26:28.628000','2022-05-14 23:26:28.674000','2022-05-14 23:26:28.702000','COMPLETED','NOOP','All steps already completed or no steps configured for this job.','2022-05-14 23:26:28.704000',NULL),(72,2,1,'2022-05-14 23:27:21.679000','2022-05-14 23:27:21.996000','2022-05-14 23:27:22.025000','COMPLETED','NOOP','All steps already completed or no steps configured for this job.','2022-05-14 23:27:22.029000',NULL),(73,2,1,'2022-05-14 23:27:46.091000','2022-05-14 23:27:46.118000','2022-05-14 23:27:46.142000','COMPLETED','NOOP','All steps already completed or no steps configured for this job.','2022-05-14 23:27:46.143000',NULL),(74,2,1,'2022-05-14 23:28:19.361000','2022-05-14 23:28:19.631000','2022-05-14 23:28:19.650000','COMPLETED','NOOP','All steps already completed or no steps configured for this job.','2022-05-14 23:28:19.651000',NULL),(75,2,1,'2022-05-14 23:28:58.301000','2022-05-14 23:28:58.333000','2022-05-14 23:28:58.374000','COMPLETED','NOOP','All steps already completed or no steps configured for this job.','2022-05-14 23:28:58.377000',NULL),(76,2,1,'2022-05-14 23:30:29.227000','2022-05-14 23:30:29.245000','2022-05-14 23:30:29.262000','COMPLETED','NOOP','All steps already completed or no steps configured for this job.','2022-05-14 23:30:29.264000',NULL),(77,2,1,'2022-05-14 23:30:45.631000','2022-05-14 23:30:45.649000','2022-05-14 23:30:45.670000','COMPLETED','NOOP','All steps already completed or no steps configured for this job.','2022-05-14 23:30:45.672000',NULL),(78,2,1,'2022-05-14 23:39:12.188000','2022-05-14 23:39:12.200000','2022-05-14 23:39:12.214000','COMPLETED','NOOP','All steps already completed or no steps configured for this job.','2022-05-14 23:39:12.214000',NULL),(79,2,1,'2022-05-14 23:40:29.903000','2022-05-14 23:40:29.920000','2022-05-14 23:40:29.929000','COMPLETED','NOOP','All steps already completed or no steps configured for this job.','2022-05-14 23:40:29.930000',NULL),(80,2,1,'2022-05-14 23:41:05.874000','2022-05-14 23:41:05.886000','2022-05-14 23:41:05.899000','COMPLETED','NOOP','All steps already completed or no steps configured for this job.','2022-05-14 23:41:05.899000',NULL),(81,2,1,'2022-05-14 23:41:16.967000','2022-05-14 23:41:16.978000','2022-05-14 23:41:16.989000','COMPLETED','NOOP','All steps already completed or no steps configured for this job.','2022-05-14 23:41:16.989000',NULL),(82,2,1,'2022-05-14 23:41:21.760000','2022-05-14 23:41:21.774000','2022-05-14 23:41:21.785000','COMPLETED','NOOP','All steps already completed or no steps configured for this job.','2022-05-14 23:41:21.786000',NULL),(83,2,1,'2022-05-14 23:43:07.913000','2022-05-14 23:43:07.926000','2022-05-14 23:43:07.936000','COMPLETED','NOOP','All steps already completed or no steps configured for this job.','2022-05-14 23:43:07.936000',NULL),(84,2,1,'2022-05-14 23:43:35.603000','2022-05-14 23:43:35.614000','2022-05-14 23:43:35.639000','COMPLETED','NOOP','All steps already completed or no steps configured for this job.','2022-05-14 23:43:35.640000',NULL),(85,2,1,'2022-05-14 23:48:05.637000','2022-05-14 23:48:05.654000','2022-05-14 23:48:05.672000','COMPLETED','NOOP','All steps already completed or no steps configured for this job.','2022-05-14 23:48:05.674000',NULL),(86,2,1,'2022-05-14 23:48:09.290000','2022-05-14 23:48:09.303000','2022-05-14 23:48:09.318000','COMPLETED','NOOP','All steps already completed or no steps configured for this job.','2022-05-14 23:48:09.319000',NULL),(87,2,1,'2022-05-14 23:48:31.245000','2022-05-14 23:48:31.266000','2022-05-14 23:48:31.278000','COMPLETED','NOOP','All steps already completed or no steps configured for this job.','2022-05-14 23:48:31.280000',NULL),(88,2,1,'2022-05-14 23:50:43.408000','2022-05-14 23:50:43.420000','2022-05-14 23:50:43.429000','COMPLETED','NOOP','All steps already completed or no steps configured for this job.','2022-05-14 23:50:43.429000',NULL),(89,2,1,'2022-05-14 23:51:03.601000','2022-05-14 23:51:03.614000','2022-05-14 23:51:03.625000','COMPLETED','NOOP','All steps already completed or no steps configured for this job.','2022-05-14 23:51:03.625000',NULL),(90,2,1,'2022-05-14 23:51:49.782000','2022-05-14 23:51:49.796000','2022-05-14 23:51:49.808000','COMPLETED','NOOP','All steps already completed or no steps configured for this job.','2022-05-14 23:51:49.808000',NULL),(91,2,1,'2022-05-14 23:52:02.025000','2022-05-14 23:52:02.036000','2022-05-14 23:52:02.045000','COMPLETED','NOOP','All steps already completed or no steps configured for this job.','2022-05-14 23:52:02.046000',NULL),(92,2,1,'2022-05-14 23:52:17.455000','2022-05-14 23:52:17.465000','2022-05-14 23:52:17.478000','COMPLETED','NOOP','All steps already completed or no steps configured for this job.','2022-05-14 23:52:17.478000',NULL),(93,2,1,'2022-05-14 23:52:49.205000','2022-05-14 23:52:49.219000','2022-05-14 23:52:49.230000','COMPLETED','NOOP','All steps already completed or no steps configured for this job.','2022-05-14 23:52:49.231000',NULL),(94,2,1,'2022-05-14 23:52:59.150000','2022-05-14 23:52:59.161000','2022-05-14 23:52:59.174000','COMPLETED','NOOP','All steps already completed or no steps configured for this job.','2022-05-14 23:52:59.175000',NULL),(95,2,1,'2022-05-14 23:53:09.188000','2022-05-14 23:53:09.199000','2022-05-14 23:53:09.208000','COMPLETED','NOOP','All steps already completed or no steps configured for this job.','2022-05-14 23:53:09.209000',NULL),(96,2,1,'2022-05-14 23:53:18.167000','2022-05-14 23:53:18.180000','2022-05-14 23:53:18.189000','COMPLETED','NOOP','All steps already completed or no steps configured for this job.','2022-05-14 23:53:18.190000',NULL),(97,2,1,'2022-05-14 23:55:48.960000','2022-05-14 23:55:49.045000','2022-05-14 23:55:49.072000','COMPLETED','NOOP','All steps already completed or no steps configured for this job.','2022-05-14 23:55:49.074000',NULL),(98,2,1,'2022-05-14 23:57:36.958000','2022-05-14 23:57:36.974000','2022-05-14 23:57:36.994000','COMPLETED','NOOP','All steps already completed or no steps configured for this job.','2022-05-14 23:57:36.995000',NULL),(99,2,1,'2022-05-14 23:58:28.725000','2022-05-14 23:58:28.741000','2022-05-14 23:58:28.755000','COMPLETED','NOOP','All steps already completed or no steps configured for this job.','2022-05-14 23:58:28.757000',NULL),(100,2,32,'2022-05-15 00:00:00.038000','2022-05-15 00:00:00.054000','2022-05-15 00:00:00.316000','COMPLETED','COMPLETED','','2022-05-15 00:00:00.318000',NULL),(101,2,1,'2022-05-15 16:13:37.042000','2022-05-15 16:13:37.119000','2022-05-15 16:13:37.151000','COMPLETED','NOOP','All steps already completed or no steps configured for this job.','2022-05-15 16:13:37.152000',NULL),(102,2,1,'2022-05-15 22:08:32.384000','2022-05-15 22:08:32.463000','2022-05-15 22:08:32.499000','COMPLETED','NOOP','All steps already completed or no steps configured for this job.','2022-05-15 22:08:32.500000',NULL),(103,2,33,'2022-05-16 10:22:46.473000','2022-05-16 10:22:46.566000','2022-05-16 10:22:47.996000','COMPLETED','COMPLETED','','2022-05-16 10:22:47.997000',NULL),(104,2,1,'2022-05-16 14:33:39.573000','2022-05-16 14:33:39.612000','2022-05-16 14:33:39.633000','COMPLETED','NOOP','All steps already completed or no steps configured for this job.','2022-05-16 14:33:39.634000',NULL),(105,2,1,'2022-05-16 14:33:42.485000','2022-05-16 14:33:42.502000','2022-05-16 14:33:42.517000','COMPLETED','NOOP','All steps already completed or no steps configured for this job.','2022-05-16 14:33:42.518000',NULL),(106,2,1,'2022-05-16 14:36:33.142000','2022-05-16 14:36:33.157000','2022-05-16 14:36:33.171000','COMPLETED','NOOP','All steps already completed or no steps configured for this job.','2022-05-16 14:36:33.172000',NULL),(107,2,1,'2022-05-16 14:41:23.411000','2022-05-16 14:41:23.423000','2022-05-16 14:41:23.437000','COMPLETED','NOOP','All steps already completed or no steps configured for this job.','2022-05-16 14:41:23.438000',NULL),(108,2,1,'2022-05-16 14:42:59.571000','2022-05-16 14:42:59.584000','2022-05-16 14:42:59.595000','COMPLETED','NOOP','All steps already completed or no steps configured for this job.','2022-05-16 14:42:59.596000',NULL),(109,2,1,'2022-05-16 14:43:05.487000','2022-05-16 14:43:05.502000','2022-05-16 14:43:05.514000','COMPLETED','NOOP','All steps already completed or no steps configured for this job.','2022-05-16 14:43:05.514000',NULL),(110,2,1,'2022-05-16 14:43:09.523000','2022-05-16 14:43:09.539000','2022-05-16 14:43:09.553000','COMPLETED','NOOP','All steps already completed or no steps configured for this job.','2022-05-16 14:43:09.553000',NULL),(111,2,1,'2022-05-16 14:48:32.487000','2022-05-16 14:48:32.498000','2022-05-16 14:48:32.508000','COMPLETED','NOOP','All steps already completed or no steps configured for this job.','2022-05-16 14:48:32.508000',NULL),(112,2,1,'2022-05-16 14:48:49.495000','2022-05-16 14:48:49.519000','2022-05-16 14:48:49.532000','COMPLETED','NOOP','All steps already completed or no steps configured for this job.','2022-05-16 14:48:49.533000',NULL),(113,2,1,'2022-05-16 14:50:48.939000','2022-05-16 14:50:48.950000','2022-05-16 14:50:48.976000','COMPLETED','NOOP','All steps already completed or no steps configured for this job.','2022-05-16 14:50:48.978000',NULL),(114,2,1,'2022-05-16 14:50:51.811000','2022-05-16 14:50:51.827000','2022-05-16 14:50:51.840000','COMPLETED','NOOP','All steps already completed or no steps configured for this job.','2022-05-16 14:50:51.841000',NULL),(115,2,1,'2022-05-16 14:51:46.180000','2022-05-16 14:51:46.191000','2022-05-16 14:51:46.208000','COMPLETED','NOOP','All steps already completed or no steps configured for this job.','2022-05-16 14:51:46.209000',NULL),(116,2,1,'2022-05-16 14:51:59.761000','2022-05-16 14:51:59.778000','2022-05-16 14:51:59.789000','COMPLETED','NOOP','All steps already completed or no steps configured for this job.','2022-05-16 14:51:59.789000',NULL),(117,2,1,'2022-05-16 14:52:33.971000','2022-05-16 14:52:33.986000','2022-05-16 14:52:33.998000','COMPLETED','NOOP','All steps already completed or no steps configured for this job.','2022-05-16 14:52:33.998000',NULL),(118,2,1,'2022-05-16 14:53:04.312000','2022-05-16 14:53:04.326000','2022-05-16 14:53:04.337000','COMPLETED','NOOP','All steps already completed or no steps configured for this job.','2022-05-16 14:53:04.338000',NULL),(119,2,1,'2022-05-16 14:54:19.828000','2022-05-16 14:54:19.844000','2022-05-16 14:54:19.857000','COMPLETED','NOOP','All steps already completed or no steps configured for this job.','2022-05-16 14:54:19.857000',NULL),(120,2,1,'2022-05-16 14:54:57.481000','2022-05-16 14:54:57.495000','2022-05-16 14:54:57.509000','COMPLETED','NOOP','All steps already completed or no steps configured for this job.','2022-05-16 14:54:57.510000',NULL),(121,2,1,'2022-05-16 14:55:19.882000','2022-05-16 14:55:19.895000','2022-05-16 14:55:19.905000','COMPLETED','NOOP','All steps already completed or no steps configured for this job.','2022-05-16 14:55:19.905000',NULL),(122,2,1,'2022-05-16 14:58:01.968000','2022-05-16 14:58:01.984000','2022-05-16 14:58:01.995000','COMPLETED','NOOP','All steps already completed or no steps configured for this job.','2022-05-16 14:58:01.996000',NULL),(123,2,1,'2022-05-16 14:58:14.284000','2022-05-16 14:58:14.297000','2022-05-16 14:58:14.309000','COMPLETED','NOOP','All steps already completed or no steps configured for this job.','2022-05-16 14:58:14.310000',NULL),(124,2,1,'2022-05-16 15:06:29.862000','2022-05-16 15:06:29.874000','2022-05-16 15:06:29.886000','COMPLETED','NOOP','All steps already completed or no steps configured for this job.','2022-05-16 15:06:29.887000',NULL),(125,2,1,'2022-05-16 15:08:03.651000','2022-05-16 15:08:03.665000','2022-05-16 15:08:03.674000','COMPLETED','NOOP','All steps already completed or no steps configured for this job.','2022-05-16 15:08:03.675000',NULL),(126,2,1,'2022-05-16 17:49:08.337000','2022-05-16 17:49:08.363000','2022-05-16 17:49:08.401000','COMPLETED','NOOP','All steps already completed or no steps configured for this job.','2022-05-16 17:49:08.403000',NULL),(127,2,1,'2022-05-16 17:54:00.520000','2022-05-16 17:54:00.547000','2022-05-16 17:54:00.574000','COMPLETED','NOOP','All steps already completed or no steps configured for this job.','2022-05-16 17:54:00.576000',NULL),(128,2,1,'2022-05-16 17:56:21.210000','2022-05-16 17:56:21.228000','2022-05-16 17:56:21.244000','COMPLETED','NOOP','All steps already completed or no steps configured for this job.','2022-05-16 17:56:21.245000',NULL),(129,2,1,'2022-05-16 17:56:38.701000','2022-05-16 17:56:38.715000','2022-05-16 17:56:38.732000','COMPLETED','NOOP','All steps already completed or no steps configured for this job.','2022-05-16 17:56:38.733000',NULL),(130,2,1,'2022-05-16 18:00:01.014000','2022-05-16 18:00:01.049000','2022-05-16 18:00:01.077000','COMPLETED','NOOP','All steps already completed or no steps configured for this job.','2022-05-16 18:00:01.078000',NULL),(131,2,1,'2022-05-16 19:26:01.221000','2022-05-16 19:26:01.237000','2022-05-16 19:26:01.256000','COMPLETED','NOOP','All steps already completed or no steps configured for this job.','2022-05-16 19:26:01.257000',NULL),(132,2,1,'2022-05-16 19:26:09.012000','2022-05-16 19:26:09.030000','2022-05-16 19:26:09.049000','COMPLETED','NOOP','All steps already completed or no steps configured for this job.','2022-05-16 19:26:09.051000',NULL),(133,2,1,'2022-05-16 19:32:09.891000','2022-05-16 19:32:09.909000','2022-05-16 19:32:09.931000','COMPLETED','NOOP','All steps already completed or no steps configured for this job.','2022-05-16 19:32:09.932000',NULL),(134,2,1,'2022-05-16 19:32:37.212000','2022-05-16 19:32:37.242000','2022-05-16 19:32:37.318000','COMPLETED','NOOP','All steps already completed or no steps configured for this job.','2022-05-16 19:32:37.322000',NULL),(135,2,1,'2022-05-16 19:32:43.536000','2022-05-16 19:32:43.552000','2022-05-16 19:32:43.572000','COMPLETED','NOOP','All steps already completed or no steps configured for this job.','2022-05-16 19:32:43.574000',NULL),(136,2,1,'2022-05-16 19:38:52.729000','2022-05-16 19:38:52.751000','2022-05-16 19:38:52.777000','COMPLETED','NOOP','All steps already completed or no steps configured for this job.','2022-05-16 19:38:52.779000',NULL),(137,2,1,'2022-05-16 19:55:51.115000','2022-05-16 19:55:51.140000','2022-05-16 19:55:51.161000','COMPLETED','NOOP','All steps already completed or no steps configured for this job.','2022-05-16 19:55:51.162000',NULL),(138,2,1,'2022-05-16 19:55:57.324000','2022-05-16 19:55:57.341000','2022-05-16 19:55:57.363000','COMPLETED','NOOP','All steps already completed or no steps configured for this job.','2022-05-16 19:55:57.364000',NULL),(139,2,1,'2022-05-16 19:59:51.679000','2022-05-16 19:59:51.694000','2022-05-16 19:59:51.709000','COMPLETED','NOOP','All steps already completed or no steps configured for this job.','2022-05-16 19:59:51.711000',NULL),(140,2,1,'2022-05-16 20:00:18.264000','2022-05-16 20:00:18.287000','2022-05-16 20:00:18.317000','COMPLETED','NOOP','All steps already completed or no steps configured for this job.','2022-05-16 20:00:18.319000',NULL),(141,2,1,'2022-05-16 20:02:45.870000','2022-05-16 20:02:45.884000','2022-05-16 20:02:45.900000','COMPLETED','NOOP','All steps already completed or no steps configured for this job.','2022-05-16 20:02:45.901000',NULL),(142,2,1,'2022-05-16 20:03:31.594000','2022-05-16 20:03:31.612000','2022-05-16 20:03:31.638000','COMPLETED','NOOP','All steps already completed or no steps configured for this job.','2022-05-16 20:03:31.639000',NULL),(143,2,1,'2022-05-16 20:03:37.834000','2022-05-16 20:03:37.855000','2022-05-16 20:03:37.877000','COMPLETED','NOOP','All steps already completed or no steps configured for this job.','2022-05-16 20:03:37.879000',NULL),(144,2,1,'2022-05-16 20:05:41.343000','2022-05-16 20:05:41.365000','2022-05-16 20:05:41.386000','COMPLETED','NOOP','All steps already completed or no steps configured for this job.','2022-05-16 20:05:41.388000',NULL),(145,2,1,'2022-05-16 20:06:35.052000','2022-05-16 20:06:35.067000','2022-05-16 20:06:35.090000','COMPLETED','NOOP','All steps already completed or no steps configured for this job.','2022-05-16 20:06:35.091000',NULL),(146,2,1,'2022-05-16 20:07:43.012000','2022-05-16 20:07:43.034000','2022-05-16 20:07:43.070000','COMPLETED','NOOP','All steps already completed or no steps configured for this job.','2022-05-16 20:07:43.075000',NULL),(147,2,1,'2022-05-16 20:09:10.244000','2022-05-16 20:09:10.263000','2022-05-16 20:09:10.289000','COMPLETED','NOOP','All steps already completed or no steps configured for this job.','2022-05-16 20:09:10.291000',NULL),(148,2,1,'2022-05-16 20:10:10.212000','2022-05-16 20:10:10.230000','2022-05-16 20:10:10.246000','COMPLETED','NOOP','All steps already completed or no steps configured for this job.','2022-05-16 20:10:10.247000',NULL),(149,2,1,'2022-05-16 20:11:09.118000','2022-05-16 20:11:09.163000','2022-05-16 20:11:09.194000','COMPLETED','NOOP','All steps already completed or no steps configured for this job.','2022-05-16 20:11:09.197000',NULL),(150,2,1,'2022-05-16 20:11:39.856000','2022-05-16 20:11:39.875000','2022-05-16 20:11:39.902000','COMPLETED','NOOP','All steps already completed or no steps configured for this job.','2022-05-16 20:11:39.903000',NULL),(151,2,1,'2022-05-16 20:14:37.691000','2022-05-16 20:14:37.732000','2022-05-16 20:14:37.756000','COMPLETED','NOOP','All steps already completed or no steps configured for this job.','2022-05-16 20:14:37.758000',NULL),(152,2,1,'2022-05-16 20:15:37.954000','2022-05-16 20:15:37.978000','2022-05-16 20:15:38.007000','COMPLETED','NOOP','All steps already completed or no steps configured for this job.','2022-05-16 20:15:38.009000',NULL),(153,2,1,'2022-05-16 20:17:04.046000','2022-05-16 20:17:04.066000','2022-05-16 20:17:04.087000','COMPLETED','NOOP','All steps already completed or no steps configured for this job.','2022-05-16 20:17:04.089000',NULL),(154,2,1,'2022-05-16 20:17:25.508000','2022-05-16 20:17:25.520000','2022-05-16 20:17:25.533000','COMPLETED','NOOP','All steps already completed or no steps configured for this job.','2022-05-16 20:17:25.535000',NULL),(155,2,1,'2022-05-16 20:17:50.942000','2022-05-16 20:17:50.959000','2022-05-16 20:17:50.979000','COMPLETED','NOOP','All steps already completed or no steps configured for this job.','2022-05-16 20:17:50.980000',NULL),(156,2,1,'2022-05-16 20:20:20.991000','2022-05-16 20:20:21.015000','2022-05-16 20:20:21.041000','COMPLETED','NOOP','All steps already completed or no steps configured for this job.','2022-05-16 20:20:21.043000',NULL),(157,2,1,'2022-05-16 20:22:32.000000','2022-05-16 20:22:32.020000','2022-05-16 20:22:32.042000','COMPLETED','NOOP','All steps already completed or no steps configured for this job.','2022-05-16 20:22:32.044000',NULL),(158,2,1,'2022-05-16 20:24:36.617000','2022-05-16 20:24:36.632000','2022-05-16 20:24:36.646000','COMPLETED','NOOP','All steps already completed or no steps configured for this job.','2022-05-16 20:24:36.648000',NULL),(159,2,1,'2022-05-16 20:34:04.477000','2022-05-16 20:34:04.528000','2022-05-16 20:34:04.558000','COMPLETED','NOOP','All steps already completed or no steps configured for this job.','2022-05-16 20:34:04.560000',NULL),(160,2,1,'2022-05-16 20:35:06.704000','2022-05-16 20:35:06.733000','2022-05-16 20:35:06.773000','COMPLETED','NOOP','All steps already completed or no steps configured for this job.','2022-05-16 20:35:06.776000',NULL),(161,2,1,'2022-05-16 20:35:16.379000','2022-05-16 20:35:16.393000','2022-05-16 20:35:16.405000','COMPLETED','NOOP','All steps already completed or no steps configured for this job.','2022-05-16 20:35:16.406000',NULL),(162,2,1,'2022-05-16 20:35:56.225000','2022-05-16 20:35:56.243000','2022-05-16 20:35:56.263000','COMPLETED','NOOP','All steps already completed or no steps configured for this job.','2022-05-16 20:35:56.264000',NULL),(163,2,1,'2022-05-16 20:36:31.296000','2022-05-16 20:36:31.321000','2022-05-16 20:36:31.346000','COMPLETED','NOOP','All steps already completed or no steps configured for this job.','2022-05-16 20:36:31.348000',NULL),(164,2,1,'2022-05-16 20:36:57.118000','2022-05-16 20:36:57.137000','2022-05-16 20:36:57.162000','COMPLETED','NOOP','All steps already completed or no steps configured for this job.','2022-05-16 20:36:57.163000',NULL),(165,2,1,'2022-05-16 20:37:13.594000','2022-05-16 20:37:13.612000','2022-05-16 20:37:13.637000','COMPLETED','NOOP','All steps already completed or no steps configured for this job.','2022-05-16 20:37:13.639000',NULL),(166,2,1,'2022-05-16 20:38:17.616000','2022-05-16 20:38:17.639000','2022-05-16 20:38:17.666000','COMPLETED','NOOP','All steps already completed or no steps configured for this job.','2022-05-16 20:38:17.669000',NULL),(167,2,1,'2022-05-16 20:38:37.425000','2022-05-16 20:38:37.444000','2022-05-16 20:38:37.465000','COMPLETED','NOOP','All steps already completed or no steps configured for this job.','2022-05-16 20:38:37.466000',NULL),(168,2,1,'2022-05-16 20:42:15.724000','2022-05-16 20:42:15.755000','2022-05-16 20:42:15.795000','COMPLETED','NOOP','All steps already completed or no steps configured for this job.','2022-05-16 20:42:15.795000',NULL),(169,2,1,'2022-05-16 20:42:50.175000','2022-05-16 20:42:50.190000','2022-05-16 20:42:50.205000','COMPLETED','NOOP','All steps already completed or no steps configured for this job.','2022-05-16 20:42:50.207000',NULL),(170,2,1,'2022-05-16 20:43:09.192000','2022-05-16 20:43:09.208000','2022-05-16 20:43:09.230000','COMPLETED','NOOP','All steps already completed or no steps configured for this job.','2022-05-16 20:43:09.231000',NULL),(171,2,1,'2022-05-16 20:44:48.703000','2022-05-16 20:44:48.726000','2022-05-16 20:44:48.768000','COMPLETED','NOOP','All steps already completed or no steps configured for this job.','2022-05-16 20:44:48.770000',NULL),(172,2,1,'2022-05-16 20:45:28.961000','2022-05-16 20:45:28.987000','2022-05-16 20:45:29.015000','COMPLETED','NOOP','All steps already completed or no steps configured for this job.','2022-05-16 20:45:29.018000',NULL),(173,2,1,'2022-05-16 20:46:09.287000','2022-05-16 20:46:09.318000','2022-05-16 20:46:09.349000','COMPLETED','NOOP','All steps already completed or no steps configured for this job.','2022-05-16 20:46:09.350000',NULL),(174,2,1,'2022-05-16 20:52:58.550000','2022-05-16 20:52:58.581000','2022-05-16 20:52:58.615000','COMPLETED','NOOP','All steps already completed or no steps configured for this job.','2022-05-16 20:52:58.617000',NULL),(175,2,1,'2022-05-16 20:53:32.588000','2022-05-16 20:53:32.620000','2022-05-16 20:53:32.658000','COMPLETED','NOOP','All steps already completed or no steps configured for this job.','2022-05-16 20:53:32.660000',NULL),(176,2,1,'2022-05-16 20:54:28.175000','2022-05-16 20:54:28.199000','2022-05-16 20:54:28.229000','COMPLETED','NOOP','All steps already completed or no steps configured for this job.','2022-05-16 20:54:28.233000',NULL),(177,2,1,'2022-05-16 20:54:51.348000','2022-05-16 20:54:51.379000','2022-05-16 20:54:51.416000','COMPLETED','NOOP','All steps already completed or no steps configured for this job.','2022-05-16 20:54:51.419000',NULL),(178,2,1,'2022-05-16 20:55:37.292000','2022-05-16 20:55:37.319000','2022-05-16 20:55:37.353000','COMPLETED','NOOP','All steps already completed or no steps configured for this job.','2022-05-16 20:55:37.355000',NULL),(179,2,1,'2022-05-16 20:55:56.053000','2022-05-16 20:55:56.080000','2022-05-16 20:55:56.116000','COMPLETED','NOOP','All steps already completed or no steps configured for this job.','2022-05-16 20:55:56.119000',NULL),(180,2,1,'2022-05-16 20:56:36.087000','2022-05-16 20:56:36.113000','2022-05-16 20:56:36.148000','COMPLETED','NOOP','All steps already completed or no steps configured for this job.','2022-05-16 20:56:36.151000',NULL),(181,2,1,'2022-05-16 20:58:19.714000','2022-05-16 20:58:19.738000','2022-05-16 20:58:19.764000','COMPLETED','NOOP','All steps already completed or no steps configured for this job.','2022-05-16 20:58:19.765000',NULL),(182,2,1,'2022-05-16 21:02:22.818000','2022-05-16 21:02:22.842000','2022-05-16 21:02:22.864000','COMPLETED','NOOP','All steps already completed or no steps configured for this job.','2022-05-16 21:02:22.866000',NULL),(183,2,1,'2022-05-16 21:03:18.204000','2022-05-16 21:03:18.225000','2022-05-16 21:03:18.250000','COMPLETED','NOOP','All steps already completed or no steps configured for this job.','2022-05-16 21:03:18.254000',NULL),(184,2,1,'2022-05-16 21:03:26.098000','2022-05-16 21:03:26.115000','2022-05-16 21:03:26.135000','COMPLETED','NOOP','All steps already completed or no steps configured for this job.','2022-05-16 21:03:26.136000',NULL),(185,2,1,'2022-05-16 21:04:40.395000','2022-05-16 21:04:40.411000','2022-05-16 21:04:40.425000','COMPLETED','NOOP','All steps already completed or no steps configured for this job.','2022-05-16 21:04:40.427000',NULL),(186,2,1,'2022-05-16 21:12:08.401000','2022-05-16 21:12:08.500000','2022-05-16 21:12:08.546000','COMPLETED','NOOP','All steps already completed or no steps configured for this job.','2022-05-16 21:12:08.548000',NULL),(187,2,1,'2022-05-16 21:41:28.487000','2022-05-16 21:41:28.611000','2022-05-16 21:41:28.657000','COMPLETED','NOOP','All steps already completed or no steps configured for this job.','2022-05-16 21:41:28.659000',NULL),(188,2,1,'2022-05-16 23:59:12.425000','2022-05-16 23:59:12.491000','2022-05-16 23:59:12.520000','COMPLETED','NOOP','All steps already completed or no steps configured for this job.','2022-05-16 23:59:12.521000',NULL),(189,2,34,'2022-05-17 00:00:00.091000','2022-05-17 00:00:00.158000','2022-05-17 00:00:00.870000','COMPLETED','COMPLETED','','2022-05-17 00:00:00.871000',NULL),(190,2,1,'2022-05-17 09:52:02.192000','2022-05-17 09:52:02.344000','2022-05-17 09:52:02.402000','COMPLETED','NOOP','All steps already completed or no steps configured for this job.','2022-05-17 09:52:02.405000',NULL),(191,2,1,'2022-05-17 09:55:26.353000','2022-05-17 09:55:26.472000','2022-05-17 09:55:26.523000','COMPLETED','NOOP','All steps already completed or no steps configured for this job.','2022-05-17 09:55:26.526000',NULL),(192,2,1,'2022-05-17 09:57:24.531000','2022-05-17 09:57:24.555000','2022-05-17 09:57:24.580000','COMPLETED','NOOP','All steps already completed or no steps configured for this job.','2022-05-17 09:57:24.582000',NULL),(193,2,1,'2022-05-17 10:00:03.364000','2022-05-17 10:00:03.395000','2022-05-17 10:00:03.437000','COMPLETED','NOOP','All steps already completed or no steps configured for this job.','2022-05-17 10:00:03.439000',NULL),(194,2,1,'2022-05-17 10:02:07.949000','2022-05-17 10:02:07.970000','2022-05-17 10:02:07.999000','COMPLETED','NOOP','All steps already completed or no steps configured for this job.','2022-05-17 10:02:08.001000',NULL),(195,2,1,'2022-05-17 10:08:36.733000','2022-05-17 10:08:36.765000','2022-05-17 10:08:36.790000','COMPLETED','NOOP','All steps already completed or no steps configured for this job.','2022-05-17 10:08:36.792000',NULL),(196,2,1,'2022-05-17 10:20:30.366000','2022-05-17 10:20:30.389000','2022-05-17 10:20:30.419000','COMPLETED','NOOP','All steps already completed or no steps configured for this job.','2022-05-17 10:20:30.421000',NULL),(197,2,1,'2022-05-17 10:52:13.661000','2022-05-17 10:52:13.704000','2022-05-17 10:52:13.727000','COMPLETED','NOOP','All steps already completed or no steps configured for this job.','2022-05-17 10:52:13.728000',NULL),(198,2,1,'2022-05-17 14:08:22.615000','2022-05-17 14:08:22.645000','2022-05-17 14:08:22.666000','COMPLETED','NOOP','All steps already completed or no steps configured for this job.','2022-05-17 14:08:22.666000',NULL),(199,2,1,'2022-05-17 14:08:35.322000','2022-05-17 14:08:35.338000','2022-05-17 14:08:35.349000','COMPLETED','NOOP','All steps already completed or no steps configured for this job.','2022-05-17 14:08:35.350000',NULL),(200,2,1,'2022-05-17 14:08:48.783000','2022-05-17 14:08:48.796000','2022-05-17 14:08:48.805000','COMPLETED','NOOP','All steps already completed or no steps configured for this job.','2022-05-17 14:08:48.806000',NULL),(201,2,1,'2022-05-17 14:09:20.658000','2022-05-17 14:09:20.683000','2022-05-17 14:09:20.693000','COMPLETED','NOOP','All steps already completed or no steps configured for this job.','2022-05-17 14:09:20.694000',NULL),(202,2,1,'2022-05-17 14:09:28.788000','2022-05-17 14:09:28.803000','2022-05-17 14:09:28.818000','COMPLETED','NOOP','All steps already completed or no steps configured for this job.','2022-05-17 14:09:28.819000',NULL),(203,2,1,'2022-05-17 16:01:26.965000','2022-05-17 16:01:26.992000','2022-05-17 16:01:27.030000','COMPLETED','NOOP','All steps already completed or no steps configured for this job.','2022-05-17 16:01:27.031000',NULL),(204,2,1,'2022-05-17 16:03:09.010000','2022-05-17 16:03:09.033000','2022-05-17 16:03:09.060000','COMPLETED','NOOP','All steps already completed or no steps configured for this job.','2022-05-17 16:03:09.063000',NULL),(205,2,1,'2022-05-17 19:57:42.468000','2022-05-17 19:57:42.578000','2022-05-17 19:57:42.631000','COMPLETED','NOOP','All steps already completed or no steps configured for this job.','2022-05-17 19:57:42.633000',NULL),(206,2,1,'2022-05-17 19:58:39.960000','2022-05-17 19:58:40.077000','2022-05-17 19:58:40.131000','COMPLETED','NOOP','All steps already completed or no steps configured for this job.','2022-05-17 19:58:40.135000',NULL),(207,2,1,'2022-05-17 20:06:27.327000','2022-05-17 20:06:27.388000','2022-05-17 20:06:27.433000','COMPLETED','NOOP','All steps already completed or no steps configured for this job.','2022-05-17 20:06:27.435000',NULL),(208,2,1,'2022-05-17 20:06:50.970000','2022-05-17 20:06:50.993000','2022-05-17 20:06:51.025000','COMPLETED','NOOP','All steps already completed or no steps configured for this job.','2022-05-17 20:06:51.030000',NULL),(209,2,1,'2022-05-17 20:16:13.050000','2022-05-17 20:16:13.070000','2022-05-17 20:16:13.091000','COMPLETED','NOOP','All steps already completed or no steps configured for this job.','2022-05-17 20:16:13.093000',NULL),(210,2,1,'2022-05-17 20:16:57.317000','2022-05-17 20:16:57.345000','2022-05-17 20:16:57.373000','COMPLETED','NOOP','All steps already completed or no steps configured for this job.','2022-05-17 20:16:57.376000',NULL),(211,2,1,'2022-05-17 20:33:24.749000','2022-05-17 20:33:24.766000','2022-05-17 20:33:24.786000','COMPLETED','NOOP','All steps already completed or no steps configured for this job.','2022-05-17 20:33:24.788000',NULL),(212,2,1,'2022-05-17 20:36:18.028000','2022-05-17 20:36:18.043000','2022-05-17 20:36:18.058000','COMPLETED','NOOP','All steps already completed or no steps configured for this job.','2022-05-17 20:36:18.060000',NULL),(213,2,1,'2022-05-17 20:36:33.877000','2022-05-17 20:36:33.896000','2022-05-17 20:36:33.924000','COMPLETED','NOOP','All steps already completed or no steps configured for this job.','2022-05-17 20:36:33.926000',NULL),(214,2,1,'2022-05-17 20:50:33.749000','2022-05-17 20:50:33.763000','2022-05-17 20:50:33.781000','COMPLETED','NOOP','All steps already completed or no steps configured for this job.','2022-05-17 20:50:33.782000',NULL),(215,2,1,'2022-05-17 20:51:19.759000','2022-05-17 20:51:19.775000','2022-05-17 20:51:19.794000','COMPLETED','NOOP','All steps already completed or no steps configured for this job.','2022-05-17 20:51:19.797000',NULL),(216,2,1,'2022-05-17 20:52:15.564000','2022-05-17 20:52:15.585000','2022-05-17 20:52:15.610000','COMPLETED','NOOP','All steps already completed or no steps configured for this job.','2022-05-17 20:52:15.612000',NULL),(217,2,1,'2022-05-17 20:53:35.838000','2022-05-17 20:53:35.858000','2022-05-17 20:53:35.885000','COMPLETED','NOOP','All steps already completed or no steps configured for this job.','2022-05-17 20:53:35.886000',NULL),(218,2,1,'2022-05-17 20:56:24.413000','2022-05-17 20:56:24.602000','2022-05-17 20:56:24.681000','COMPLETED','NOOP','All steps already completed or no steps configured for this job.','2022-05-17 20:56:24.683000',NULL),(219,2,1,'2022-05-17 20:56:59.110000','2022-05-17 20:56:59.158000','2022-05-17 20:56:59.213000','COMPLETED','NOOP','All steps already completed or no steps configured for this job.','2022-05-17 20:56:59.220000',NULL),(220,2,1,'2022-05-17 20:58:56.532000','2022-05-17 20:58:56.557000','2022-05-17 20:58:56.596000','COMPLETED','NOOP','All steps already completed or no steps configured for this job.','2022-05-17 20:58:56.600000',NULL),(221,2,1,'2022-05-17 20:59:40.205000','2022-05-17 20:59:40.229000','2022-05-17 20:59:40.265000','COMPLETED','NOOP','All steps already completed or no steps configured for this job.','2022-05-17 20:59:40.270000',NULL),(222,2,1,'2022-05-17 21:02:50.910000','2022-05-17 21:02:50.928000','2022-05-17 21:02:50.956000','COMPLETED','NOOP','All steps already completed or no steps configured for this job.','2022-05-17 21:02:50.957000',NULL),(223,2,1,'2022-05-17 21:05:29.586000','2022-05-17 21:05:29.605000','2022-05-17 21:05:29.634000','COMPLETED','NOOP','All steps already completed or no steps configured for this job.','2022-05-17 21:05:29.635000',NULL),(224,2,1,'2022-05-17 21:17:16.379000','2022-05-17 21:17:16.392000','2022-05-17 21:17:16.407000','COMPLETED','NOOP','All steps already completed or no steps configured for this job.','2022-05-17 21:17:16.407000',NULL),(225,2,1,'2022-05-18 16:14:10.179000','2022-05-18 16:14:10.297000','2022-05-18 16:14:10.352000','COMPLETED','NOOP','All steps already completed or no steps configured for this job.','2022-05-18 16:14:10.354000',NULL),(226,2,1,'2022-05-18 16:23:17.047000','2022-05-18 16:23:17.087000','2022-05-18 16:23:17.115000','COMPLETED','NOOP','All steps already completed or no steps configured for this job.','2022-05-18 16:23:17.118000',NULL),(227,2,1,'2022-05-18 16:26:08.865000','2022-05-18 16:26:08.882000','2022-05-18 16:26:08.903000','COMPLETED','NOOP','All steps already completed or no steps configured for this job.','2022-05-18 16:26:08.904000',NULL),(228,2,1,'2022-05-18 16:39:38.172000','2022-05-18 16:39:38.191000','2022-05-18 16:39:38.212000','COMPLETED','NOOP','All steps already completed or no steps configured for this job.','2022-05-18 16:39:38.214000',NULL),(229,2,1,'2022-05-18 16:41:14.190000','2022-05-18 16:41:14.207000','2022-05-18 16:41:14.223000','COMPLETED','NOOP','All steps already completed or no steps configured for this job.','2022-05-18 16:41:14.226000',NULL),(230,2,1,'2022-05-18 20:26:09.418000','2022-05-18 20:26:09.443000','2022-05-18 20:26:09.470000','COMPLETED','NOOP','All steps already completed or no steps configured for this job.','2022-05-18 20:26:09.472000',NULL),(231,2,1,'2022-05-18 20:27:48.238000','2022-05-18 20:27:48.257000','2022-05-18 20:27:48.291000','COMPLETED','NOOP','All steps already completed or no steps configured for this job.','2022-05-18 20:27:48.295000',NULL),(232,2,1,'2022-05-18 20:28:30.826000','2022-05-18 20:28:30.840000','2022-05-18 20:28:30.858000','COMPLETED','NOOP','All steps already completed or no steps configured for this job.','2022-05-18 20:28:30.859000',NULL),(233,2,1,'2022-05-18 20:29:13.897000','2022-05-18 20:29:13.916000','2022-05-18 20:29:13.936000','COMPLETED','NOOP','All steps already completed or no steps configured for this job.','2022-05-18 20:29:13.940000',NULL),(234,2,1,'2022-05-18 20:33:59.060000','2022-05-18 20:33:59.097000','2022-05-18 20:33:59.114000','COMPLETED','NOOP','All steps already completed or no steps configured for this job.','2022-05-18 20:33:59.115000',NULL),(235,2,1,'2022-05-19 11:36:05.636000','2022-05-19 11:36:05.704000','2022-05-19 11:36:05.737000','COMPLETED','NOOP','All steps already completed or no steps configured for this job.','2022-05-19 11:36:05.738000',NULL),(236,2,1,'2022-05-19 11:37:58.834000','2022-05-19 11:37:58.860000','2022-05-19 11:37:58.886000','COMPLETED','NOOP','All steps already completed or no steps configured for this job.','2022-05-19 11:37:58.889000',NULL),(237,2,1,'2022-05-19 11:38:58.456000','2022-05-19 11:38:58.472000','2022-05-19 11:38:58.486000','COMPLETED','NOOP','All steps already completed or no steps configured for this job.','2022-05-19 11:38:58.487000',NULL),(238,2,1,'2022-05-19 21:48:13.419000','2022-05-19 21:48:13.473000','2022-05-19 21:48:13.499000','COMPLETED','NOOP','All steps already completed or no steps configured for this job.','2022-05-19 21:48:13.500000',NULL),(239,2,1,'2022-05-19 21:48:19.489000','2022-05-19 21:48:19.513000','2022-05-19 21:48:19.542000','COMPLETED','NOOP','All steps already completed or no steps configured for this job.','2022-05-19 21:48:19.545000',NULL),(240,2,35,'2022-05-20 00:00:00.225000','2022-05-20 00:00:00.337000','2022-05-20 00:00:00.902000','COMPLETED','COMPLETED','','2022-05-20 00:00:00.903000',NULL),(241,2,1,'2022-05-23 11:58:19.466000','2022-05-23 11:58:19.564000','2022-05-23 11:58:19.603000','COMPLETED','NOOP','All steps already completed or no steps configured for this job.','2022-05-23 11:58:19.605000',NULL),(242,2,1,'2022-05-27 16:50:53.378000','2022-05-27 16:50:53.534000','2022-05-27 16:50:53.586000','COMPLETED','NOOP','All steps already completed or no steps configured for this job.','2022-05-27 16:50:53.588000',NULL);
/*!40000 ALTER TABLE `batch_job_execution` ENABLE KEYS */;
UNLOCK TABLES;

--
-- Table structure for table `batch_job_execution_context`
--

DROP TABLE IF EXISTS `batch_job_execution_context`;
/*!40101 SET @saved_cs_client     = @@character_set_client */;
/*!50503 SET character_set_client = utf8mb4 */;
CREATE TABLE `batch_job_execution_context` (
  `JOB_EXECUTION_ID` bigint NOT NULL,
  `SHORT_CONTEXT` varchar(2500) NOT NULL,
  `SERIALIZED_CONTEXT` text,
  PRIMARY KEY (`JOB_EXECUTION_ID`),
  CONSTRAINT `JOB_EXEC_CTX_FK` FOREIGN KEY (`JOB_EXECUTION_ID`) REFERENCES `batch_job_execution` (`JOB_EXECUTION_ID`)
) ENGINE=InnoDB DEFAULT CHARSET=utf8mb4 COLLATE=utf8mb4_0900_ai_ci;
/*!40101 SET character_set_client = @saved_cs_client */;

--
-- Dumping data for table `batch_job_execution_context`
--

LOCK TABLES `batch_job_execution_context` WRITE;
/*!40000 ALTER TABLE `batch_job_execution_context` DISABLE KEYS */;
INSERT INTO `batch_job_execution_context` VALUES (1,'{\"@class\":\"java.util.HashMap\"}',NULL),(2,'{\"@class\":\"java.util.HashMap\"}',NULL),(3,'{\"@class\":\"java.util.HashMap\"}',NULL),(4,'{\"@class\":\"java.util.HashMap\"}',NULL),(5,'{\"@class\":\"java.util.HashMap\"}',NULL),(6,'{\"@class\":\"java.util.HashMap\"}',NULL),(7,'{\"@class\":\"java.util.HashMap\"}',NULL),(8,'{\"@class\":\"java.util.HashMap\"}',NULL),(9,'{\"@class\":\"java.util.HashMap\"}',NULL),(10,'{\"@class\":\"java.util.HashMap\"}',NULL),(11,'{\"@class\":\"java.util.HashMap\"}',NULL),(12,'{\"@class\":\"java.util.HashMap\"}',NULL),(13,'{\"@class\":\"java.util.HashMap\"}',NULL),(14,'{\"@class\":\"java.util.HashMap\"}',NULL),(15,'{\"@class\":\"java.util.HashMap\"}',NULL),(16,'{\"@class\":\"java.util.HashMap\"}',NULL),(17,'{\"@class\":\"java.util.HashMap\"}',NULL),(18,'{\"@class\":\"java.util.HashMap\"}',NULL),(19,'{\"@class\":\"java.util.HashMap\"}',NULL),(20,'{\"@class\":\"java.util.HashMap\"}',NULL),(21,'{\"@class\":\"java.util.HashMap\"}',NULL),(22,'{\"@class\":\"java.util.HashMap\"}',NULL),(23,'{\"@class\":\"java.util.HashMap\"}',NULL),(24,'{\"@class\":\"java.util.HashMap\"}',NULL),(25,'{\"@class\":\"java.util.HashMap\"}',NULL),(26,'{\"@class\":\"java.util.HashMap\"}',NULL),(27,'{\"@class\":\"java.util.HashMap\"}',NULL),(28,'{\"@class\":\"java.util.HashMap\"}',NULL),(29,'{\"@class\":\"java.util.HashMap\"}',NULL),(30,'{\"@class\":\"java.util.HashMap\"}',NULL),(31,'{\"@class\":\"java.util.HashMap\"}',NULL),(32,'{\"@class\":\"java.util.HashMap\"}',NULL),(33,'{\"@class\":\"java.util.HashMap\"}',NULL),(34,'{\"@class\":\"java.util.HashMap\"}',NULL),(35,'{\"@class\":\"java.util.HashMap\"}',NULL),(36,'{\"@class\":\"java.util.HashMap\"}',NULL),(37,'{\"@class\":\"java.util.HashMap\"}',NULL),(38,'{\"@class\":\"java.util.HashMap\"}',NULL),(39,'{\"@class\":\"java.util.HashMap\"}',NULL),(40,'{\"@class\":\"java.util.HashMap\"}',NULL),(41,'{\"@class\":\"java.util.HashMap\"}',NULL),(42,'{\"@class\":\"java.util.HashMap\"}',NULL),(43,'{\"@class\":\"java.util.HashMap\"}',NULL),(44,'{\"@class\":\"java.util.HashMap\"}',NULL),(45,'{\"@class\":\"java.util.HashMap\"}',NULL),(46,'{\"@class\":\"java.util.HashMap\"}',NULL),(47,'{\"@class\":\"java.util.HashMap\"}',NULL),(48,'{\"@class\":\"java.util.HashMap\"}',NULL),(49,'{\"@class\":\"java.util.HashMap\"}',NULL),(50,'{\"@class\":\"java.util.HashMap\"}',NULL),(51,'{\"@class\":\"java.util.HashMap\"}',NULL),(52,'{\"@class\":\"java.util.HashMap\"}',NULL),(53,'{\"@class\":\"java.util.HashMap\"}',NULL),(54,'{\"@class\":\"java.util.HashMap\"}',NULL),(55,'{\"@class\":\"java.util.HashMap\"}',NULL),(56,'{\"@class\":\"java.util.HashMap\"}',NULL),(57,'{\"@class\":\"java.util.HashMap\"}',NULL),(58,'{\"@class\":\"java.util.HashMap\"}',NULL),(59,'{\"@class\":\"java.util.HashMap\"}',NULL),(60,'{\"@class\":\"java.util.HashMap\"}',NULL),(61,'{\"@class\":\"java.util.HashMap\"}',NULL),(62,'{\"@class\":\"java.util.HashMap\"}',NULL),(63,'{\"@class\":\"java.util.HashMap\"}',NULL),(64,'{\"@class\":\"java.util.HashMap\"}',NULL),(65,'{\"@class\":\"java.util.HashMap\"}',NULL),(66,'{\"@class\":\"java.util.HashMap\"}',NULL),(67,'{\"@class\":\"java.util.HashMap\"}',NULL),(68,'{\"@class\":\"java.util.HashMap\"}',NULL),(69,'{\"@class\":\"java.util.HashMap\"}',NULL),(70,'{\"@class\":\"java.util.HashMap\"}',NULL),(71,'{\"@class\":\"java.util.HashMap\"}',NULL),(72,'{\"@class\":\"java.util.HashMap\"}',NULL),(73,'{\"@class\":\"java.util.HashMap\"}',NULL),(74,'{\"@class\":\"java.util.HashMap\"}',NULL),(75,'{\"@class\":\"java.util.HashMap\"}',NULL),(76,'{\"@class\":\"java.util.HashMap\"}',NULL),(77,'{\"@class\":\"java.util.HashMap\"}',NULL),(78,'{\"@class\":\"java.util.HashMap\"}',NULL),(79,'{\"@class\":\"java.util.HashMap\"}',NULL),(80,'{\"@class\":\"java.util.HashMap\"}',NULL),(81,'{\"@class\":\"java.util.HashMap\"}',NULL),(82,'{\"@class\":\"java.util.HashMap\"}',NULL),(83,'{\"@class\":\"java.util.HashMap\"}',NULL),(84,'{\"@class\":\"java.util.HashMap\"}',NULL),(85,'{\"@class\":\"java.util.HashMap\"}',NULL),(86,'{\"@class\":\"java.util.HashMap\"}',NULL),(87,'{\"@class\":\"java.util.HashMap\"}',NULL),(88,'{\"@class\":\"java.util.HashMap\"}',NULL),(89,'{\"@class\":\"java.util.HashMap\"}',NULL),(90,'{\"@class\":\"java.util.HashMap\"}',NULL),(91,'{\"@class\":\"java.util.HashMap\"}',NULL),(92,'{\"@class\":\"java.util.HashMap\"}',NULL),(93,'{\"@class\":\"java.util.HashMap\"}',NULL),(94,'{\"@class\":\"java.util.HashMap\"}',NULL),(95,'{\"@class\":\"java.util.HashMap\"}',NULL),(96,'{\"@class\":\"java.util.HashMap\"}',NULL),(97,'{\"@class\":\"java.util.HashMap\"}',NULL),(98,'{\"@class\":\"java.util.HashMap\"}',NULL),(99,'{\"@class\":\"java.util.HashMap\"}',NULL),(100,'{\"@class\":\"java.util.HashMap\"}',NULL),(101,'{\"@class\":\"java.util.HashMap\"}',NULL),(102,'{\"@class\":\"java.util.HashMap\"}',NULL),(103,'{\"@class\":\"java.util.HashMap\"}',NULL),(104,'{\"@class\":\"java.util.HashMap\"}',NULL),(105,'{\"@class\":\"java.util.HashMap\"}',NULL),(106,'{\"@class\":\"java.util.HashMap\"}',NULL),(107,'{\"@class\":\"java.util.HashMap\"}',NULL),(108,'{\"@class\":\"java.util.HashMap\"}',NULL),(109,'{\"@class\":\"java.util.HashMap\"}',NULL),(110,'{\"@class\":\"java.util.HashMap\"}',NULL),(111,'{\"@class\":\"java.util.HashMap\"}',NULL),(112,'{\"@class\":\"java.util.HashMap\"}',NULL),(113,'{\"@class\":\"java.util.HashMap\"}',NULL),(114,'{\"@class\":\"java.util.HashMap\"}',NULL),(115,'{\"@class\":\"java.util.HashMap\"}',NULL),(116,'{\"@class\":\"java.util.HashMap\"}',NULL),(117,'{\"@class\":\"java.util.HashMap\"}',NULL),(118,'{\"@class\":\"java.util.HashMap\"}',NULL),(119,'{\"@class\":\"java.util.HashMap\"}',NULL),(120,'{\"@class\":\"java.util.HashMap\"}',NULL),(121,'{\"@class\":\"java.util.HashMap\"}',NULL),(122,'{\"@class\":\"java.util.HashMap\"}',NULL),(123,'{\"@class\":\"java.util.HashMap\"}',NULL),(124,'{\"@class\":\"java.util.HashMap\"}',NULL),(125,'{\"@class\":\"java.util.HashMap\"}',NULL),(126,'{\"@class\":\"java.util.HashMap\"}',NULL),(127,'{\"@class\":\"java.util.HashMap\"}',NULL),(128,'{\"@class\":\"java.util.HashMap\"}',NULL),(129,'{\"@class\":\"java.util.HashMap\"}',NULL),(130,'{\"@class\":\"java.util.HashMap\"}',NULL),(131,'{\"@class\":\"java.util.HashMap\"}',NULL),(132,'{\"@class\":\"java.util.HashMap\"}',NULL),(133,'{\"@class\":\"java.util.HashMap\"}',NULL),(134,'{\"@class\":\"java.util.HashMap\"}',NULL),(135,'{\"@class\":\"java.util.HashMap\"}',NULL),(136,'{\"@class\":\"java.util.HashMap\"}',NULL),(137,'{\"@class\":\"java.util.HashMap\"}',NULL),(138,'{\"@class\":\"java.util.HashMap\"}',NULL),(139,'{\"@class\":\"java.util.HashMap\"}',NULL),(140,'{\"@class\":\"java.util.HashMap\"}',NULL),(141,'{\"@class\":\"java.util.HashMap\"}',NULL),(142,'{\"@class\":\"java.util.HashMap\"}',NULL),(143,'{\"@class\":\"java.util.HashMap\"}',NULL),(144,'{\"@class\":\"java.util.HashMap\"}',NULL),(145,'{\"@class\":\"java.util.HashMap\"}',NULL),(146,'{\"@class\":\"java.util.HashMap\"}',NULL),(147,'{\"@class\":\"java.util.HashMap\"}',NULL),(148,'{\"@class\":\"java.util.HashMap\"}',NULL),(149,'{\"@class\":\"java.util.HashMap\"}',NULL),(150,'{\"@class\":\"java.util.HashMap\"}',NULL),(151,'{\"@class\":\"java.util.HashMap\"}',NULL),(152,'{\"@class\":\"java.util.HashMap\"}',NULL),(153,'{\"@class\":\"java.util.HashMap\"}',NULL),(154,'{\"@class\":\"java.util.HashMap\"}',NULL),(155,'{\"@class\":\"java.util.HashMap\"}',NULL),(156,'{\"@class\":\"java.util.HashMap\"}',NULL),(157,'{\"@class\":\"java.util.HashMap\"}',NULL),(158,'{\"@class\":\"java.util.HashMap\"}',NULL),(159,'{\"@class\":\"java.util.HashMap\"}',NULL),(160,'{\"@class\":\"java.util.HashMap\"}',NULL),(161,'{\"@class\":\"java.util.HashMap\"}',NULL),(162,'{\"@class\":\"java.util.HashMap\"}',NULL),(163,'{\"@class\":\"java.util.HashMap\"}',NULL),(164,'{\"@class\":\"java.util.HashMap\"}',NULL),(165,'{\"@class\":\"java.util.HashMap\"}',NULL),(166,'{\"@class\":\"java.util.HashMap\"}',NULL),(167,'{\"@class\":\"java.util.HashMap\"}',NULL),(168,'{\"@class\":\"java.util.HashMap\"}',NULL),(169,'{\"@class\":\"java.util.HashMap\"}',NULL),(170,'{\"@class\":\"java.util.HashMap\"}',NULL),(171,'{\"@class\":\"java.util.HashMap\"}',NULL),(172,'{\"@class\":\"java.util.HashMap\"}',NULL),(173,'{\"@class\":\"java.util.HashMap\"}',NULL),(174,'{\"@class\":\"java.util.HashMap\"}',NULL),(175,'{\"@class\":\"java.util.HashMap\"}',NULL),(176,'{\"@class\":\"java.util.HashMap\"}',NULL),(177,'{\"@class\":\"java.util.HashMap\"}',NULL),(178,'{\"@class\":\"java.util.HashMap\"}',NULL),(179,'{\"@class\":\"java.util.HashMap\"}',NULL),(180,'{\"@class\":\"java.util.HashMap\"}',NULL),(181,'{\"@class\":\"java.util.HashMap\"}',NULL),(182,'{\"@class\":\"java.util.HashMap\"}',NULL),(183,'{\"@class\":\"java.util.HashMap\"}',NULL),(184,'{\"@class\":\"java.util.HashMap\"}',NULL),(185,'{\"@class\":\"java.util.HashMap\"}',NULL),(186,'{\"@class\":\"java.util.HashMap\"}',NULL),(187,'{\"@class\":\"java.util.HashMap\"}',NULL),(188,'{\"@class\":\"java.util.HashMap\"}',NULL),(189,'{\"@class\":\"java.util.HashMap\"}',NULL),(190,'{\"@class\":\"java.util.HashMap\"}',NULL),(191,'{\"@class\":\"java.util.HashMap\"}',NULL),(192,'{\"@class\":\"java.util.HashMap\"}',NULL),(193,'{\"@class\":\"java.util.HashMap\"}',NULL),(194,'{\"@class\":\"java.util.HashMap\"}',NULL),(195,'{\"@class\":\"java.util.HashMap\"}',NULL),(196,'{\"@class\":\"java.util.HashMap\"}',NULL),(197,'{\"@class\":\"java.util.HashMap\"}',NULL),(198,'{\"@class\":\"java.util.HashMap\"}',NULL),(199,'{\"@class\":\"java.util.HashMap\"}',NULL),(200,'{\"@class\":\"java.util.HashMap\"}',NULL),(201,'{\"@class\":\"java.util.HashMap\"}',NULL),(202,'{\"@class\":\"java.util.HashMap\"}',NULL),(203,'{\"@class\":\"java.util.HashMap\"}',NULL),(204,'{\"@class\":\"java.util.HashMap\"}',NULL),(205,'{\"@class\":\"java.util.HashMap\"}',NULL),(206,'{\"@class\":\"java.util.HashMap\"}',NULL),(207,'{\"@class\":\"java.util.HashMap\"}',NULL),(208,'{\"@class\":\"java.util.HashMap\"}',NULL),(209,'{\"@class\":\"java.util.HashMap\"}',NULL),(210,'{\"@class\":\"java.util.HashMap\"}',NULL),(211,'{\"@class\":\"java.util.HashMap\"}',NULL),(212,'{\"@class\":\"java.util.HashMap\"}',NULL),(213,'{\"@class\":\"java.util.HashMap\"}',NULL),(214,'{\"@class\":\"java.util.HashMap\"}',NULL),(215,'{\"@class\":\"java.util.HashMap\"}',NULL),(216,'{\"@class\":\"java.util.HashMap\"}',NULL),(217,'{\"@class\":\"java.util.HashMap\"}',NULL),(218,'{\"@class\":\"java.util.HashMap\"}',NULL),(219,'{\"@class\":\"java.util.HashMap\"}',NULL),(220,'{\"@class\":\"java.util.HashMap\"}',NULL),(221,'{\"@class\":\"java.util.HashMap\"}',NULL),(222,'{\"@class\":\"java.util.HashMap\"}',NULL),(223,'{\"@class\":\"java.util.HashMap\"}',NULL),(224,'{\"@class\":\"java.util.HashMap\"}',NULL),(225,'{\"@class\":\"java.util.HashMap\"}',NULL),(226,'{\"@class\":\"java.util.HashMap\"}',NULL),(227,'{\"@class\":\"java.util.HashMap\"}',NULL),(228,'{\"@class\":\"java.util.HashMap\"}',NULL),(229,'{\"@class\":\"java.util.HashMap\"}',NULL),(230,'{\"@class\":\"java.util.HashMap\"}',NULL),(231,'{\"@class\":\"java.util.HashMap\"}',NULL),(232,'{\"@class\":\"java.util.HashMap\"}',NULL),(233,'{\"@class\":\"java.util.HashMap\"}',NULL),(234,'{\"@class\":\"java.util.HashMap\"}',NULL),(235,'{\"@class\":\"java.util.HashMap\"}',NULL),(236,'{\"@class\":\"java.util.HashMap\"}',NULL),(237,'{\"@class\":\"java.util.HashMap\"}',NULL),(238,'{\"@class\":\"java.util.HashMap\"}',NULL),(239,'{\"@class\":\"java.util.HashMap\"}',NULL),(240,'{\"@class\":\"java.util.HashMap\"}',NULL),(241,'{\"@class\":\"java.util.HashMap\"}',NULL),(242,'{\"@class\":\"java.util.HashMap\"}',NULL);
/*!40000 ALTER TABLE `batch_job_execution_context` ENABLE KEYS */;
UNLOCK TABLES;

--
-- Table structure for table `batch_job_execution_params`
--

DROP TABLE IF EXISTS `batch_job_execution_params`;
/*!40101 SET @saved_cs_client     = @@character_set_client */;
/*!50503 SET character_set_client = utf8mb4 */;
CREATE TABLE `batch_job_execution_params` (
  `JOB_EXECUTION_ID` bigint NOT NULL,
  `TYPE_CD` varchar(6) NOT NULL,
  `KEY_NAME` varchar(100) NOT NULL,
  `STRING_VAL` varchar(250) DEFAULT NULL,
  `DATE_VAL` datetime(6) DEFAULT NULL,
  `LONG_VAL` bigint DEFAULT NULL,
  `DOUBLE_VAL` double DEFAULT NULL,
  `IDENTIFYING` char(1) NOT NULL,
  KEY `JOB_EXEC_PARAMS_FK` (`JOB_EXECUTION_ID`),
  CONSTRAINT `JOB_EXEC_PARAMS_FK` FOREIGN KEY (`JOB_EXECUTION_ID`) REFERENCES `batch_job_execution` (`JOB_EXECUTION_ID`)
) ENGINE=InnoDB DEFAULT CHARSET=utf8mb4 COLLATE=utf8mb4_0900_ai_ci;
/*!40101 SET character_set_client = @saved_cs_client */;

--
-- Dumping data for table `batch_job_execution_params`
--

LOCK TABLES `batch_job_execution_params` WRITE;
/*!40000 ALTER TABLE `batch_job_execution_params` DISABLE KEYS */;
INSERT INTO `batch_job_execution_params` VALUES (4,'LONG','time','','1970-01-01 01:00:00.000000',1651362234759,0,'Y'),(5,'LONG','time','','1970-01-01 01:00:00.000000',1651362514450,0,'Y'),(13,'STRING','Sprint','1652045868999','1970-01-01 01:00:00.000000',0,0,'Y'),(15,'STRING','Sprint','1652045874011','1970-01-01 01:00:00.000000',0,0,'Y'),(16,'STRING','Sprint','1652045879005','1970-01-01 01:00:00.000000',0,0,'Y'),(17,'STRING','Sprint','1652045884007','1970-01-01 01:00:00.000000',0,0,'Y'),(18,'STRING','Sprint','1652045888998','1970-01-01 01:00:00.000000',0,0,'Y'),(19,'STRING','Sprint','1652045894009','1970-01-01 01:00:00.000000',0,0,'Y'),(20,'STRING','Sprint','1652045899007','1970-01-01 01:00:00.000000',0,0,'Y'),(21,'STRING','Sprint','1652046022554','1970-01-01 01:00:00.000000',0,0,'Y'),(23,'STRING','Sprint','1652046027560','1970-01-01 01:00:00.000000',0,0,'Y'),(24,'STRING','Sprint','1652046032567','1970-01-01 01:00:00.000000',0,0,'Y'),(25,'STRING','Sprint','1652046037560','1970-01-01 01:00:00.000000',0,0,'Y'),(26,'STRING','Sprint','1652046042555','1970-01-01 01:00:00.000000',0,0,'Y'),(33,'STRING','Sprint','1652046206889','1970-01-01 01:00:00.000000',0,0,'Y'),(35,'STRING','Sprint','1652046211901','1970-01-01 01:00:00.000000',0,0,'Y'),(36,'STRING','Sprint','1652046216897','1970-01-01 01:00:00.000000',0,0,'Y'),(37,'STRING','Sprint','1652046221902','1970-01-01 01:00:00.000000',0,0,'Y'),(38,'STRING','Sprint','1652046226901','1970-01-01 01:00:00.000000',0,0,'Y'),(42,'STRING','Sprint','1652047200017','1970-01-01 01:00:00.000000',0,0,'Y'),(47,'STRING','Sprint','1652050800016','1970-01-01 01:00:00.000000',0,0,'Y'),(49,'STRING','Sprint','1652087378826','1970-01-01 01:00:00.000000',0,0,'Y'),(51,'STRING','Sprint','1652087441646','1970-01-01 01:00:00.000000',0,0,'Y'),(53,'STRING','Sprint','1652087446653','1970-01-01 01:00:00.000000',0,0,'Y'),(54,'STRING','Sprint','1652087451644','1970-01-01 01:00:00.000000',0,0,'Y'),(55,'STRING','Sprint','1652087456643','1970-01-01 01:00:00.000000',0,0,'Y'),(56,'STRING','Sprint','1652087461645','1970-01-01 01:00:00.000000',0,0,'Y'),(58,'STRING','Sprint','1652194514387','1970-01-01 01:00:00.000000',0,0,'Y'),(59,'STRING','Sprint','1652258912489','1970-01-01 01:00:00.000000',0,0,'Y'),(66,'STRING','Sprint','1652400121573','1970-01-01 01:00:00.000000',0,0,'Y'),(100,'STRING','Sprint','1652569200016','1970-01-01 01:00:00.000000',0,0,'Y'),(103,'STRING','Sprint','1652692966111','1970-01-01 01:00:00.000000',0,0,'Y'),(189,'STRING','Sprint','1652742000026','1970-01-01 01:00:00.000000',0,0,'Y'),(240,'STRING','Sprint','1653001200113','1970-01-01 01:00:00.000000',0,0,'Y');
/*!40000 ALTER TABLE `batch_job_execution_params` ENABLE KEYS */;
UNLOCK TABLES;

--
-- Table structure for table `batch_job_execution_seq`
--

DROP TABLE IF EXISTS `batch_job_execution_seq`;
/*!40101 SET @saved_cs_client     = @@character_set_client */;
/*!50503 SET character_set_client = utf8mb4 */;
CREATE TABLE `batch_job_execution_seq` (
  `ID` bigint NOT NULL,
  `UNIQUE_KEY` char(1) NOT NULL,
  UNIQUE KEY `UNIQUE_KEY_UN` (`UNIQUE_KEY`)
) ENGINE=InnoDB DEFAULT CHARSET=utf8mb4 COLLATE=utf8mb4_0900_ai_ci;
/*!40101 SET character_set_client = @saved_cs_client */;

--
-- Dumping data for table `batch_job_execution_seq`
--

LOCK TABLES `batch_job_execution_seq` WRITE;
/*!40000 ALTER TABLE `batch_job_execution_seq` DISABLE KEYS */;
INSERT INTO `batch_job_execution_seq` VALUES (242,'0');
/*!40000 ALTER TABLE `batch_job_execution_seq` ENABLE KEYS */;
UNLOCK TABLES;

--
-- Table structure for table `batch_job_instance`
--

DROP TABLE IF EXISTS `batch_job_instance`;
/*!40101 SET @saved_cs_client     = @@character_set_client */;
/*!50503 SET character_set_client = utf8mb4 */;
CREATE TABLE `batch_job_instance` (
  `JOB_INSTANCE_ID` bigint NOT NULL,
  `VERSION` bigint DEFAULT NULL,
  `JOB_NAME` varchar(100) NOT NULL,
  `JOB_KEY` varchar(32) NOT NULL,
  PRIMARY KEY (`JOB_INSTANCE_ID`),
  UNIQUE KEY `JOB_INST_UN` (`JOB_NAME`,`JOB_KEY`)
) ENGINE=InnoDB DEFAULT CHARSET=utf8mb4 COLLATE=utf8mb4_0900_ai_ci;
/*!40101 SET character_set_client = @saved_cs_client */;

--
-- Dumping data for table `batch_job_instance`
--

LOCK TABLES `batch_job_instance` WRITE;
/*!40000 ALTER TABLE `batch_job_instance` DISABLE KEYS */;
INSERT INTO `batch_job_instance` VALUES (1,0,'Sprint','d41d8cd98f00b204e9800998ecf8427e'),(2,0,'Sprint','6d815643c5276a1ce716ff878084fe43'),(3,0,'Sprint','2d77633d46cbe6c9cb4a6552f5f86c28'),(4,0,'Sprint','88aea71bb1821a2d4907feede67fa087'),(5,0,'Sprint','8cff15ae2b0c4a43b028940abb79faa3'),(6,0,'Sprint','0346428165bde5a821dcbe2d95739f06'),(7,0,'Sprint','86754b3dc5e32b8f45f66ea22582139f'),(8,0,'Sprint','ab9074b47fe33ff45c6e0b0f106bc7db'),(9,0,'Sprint','974cf13cde18364538a312114e471584'),(10,0,'Sprint','3bd187f23664e9104e13722b41a3ea8c'),(11,0,'Sprint','e5bc5768ada758ec4b1952b08974da67'),(12,0,'Sprint','21759f9f24c412110ef2a9d75befd556'),(13,0,'Sprint','9bc4677637f7539dbdaf7b90086792fd'),(14,0,'Sprint','2863f1cfa8ab00649e6e29d7ead6706c'),(15,0,'Sprint','6803713dfb0bb57637178175716966b3'),(16,0,'Sprint','9c267220e97e5f37a0ab4a3012d1379f'),(17,0,'Sprint','5e93839a194e8ed70911164b9e3151ae'),(18,0,'Sprint','b05dd96cf8eaf79c568ab28929d0c11e'),(19,0,'Sprint','c0a8b4acd745b99a62febe5971568867'),(20,0,'Sprint','4848448e126531f26f6489fea0f21e11'),(21,0,'Sprint','c655084c5a2f2e094909d44757ed262f'),(22,0,'Sprint','6907ed2ce7e260a373c0417d4a5a78e3'),(23,0,'Sprint','4ca977f928e73959ef2a5641a332e2cd'),(24,0,'Sprint','67c6f306b70c68faed60adab451681fd'),(25,0,'Sprint','f29ea868ffbdd5159c49d777b6cc5969'),(26,0,'Sprint','77d817eb9addc5b40a04890db06077f3'),(27,0,'Sprint','86a1d41a511f7ce5f1c5939a8725d8bc'),(28,0,'Sprint','447b4722c973fcf579bd6c7fa20f81a7'),(29,0,'Sprint','908b981417184d8b75398a3f61e50598'),(30,0,'Sprint','d39c2ced19ae2c836f2da6dde3d1068f'),(31,0,'Sprint','ad57e0426ae85c3c11697a552f8107df'),(32,0,'Sprint','fe7dce9ce3169691559faa771dc9001c'),(33,0,'Sprint','b0ba366217adb7fd5671c9c96305973f'),(34,0,'Sprint','05efeaa7666374f08e1c35d180d2e576'),(35,0,'Sprint','d7e2a00cefd87ea69cd5982306cb3e4c');
/*!40000 ALTER TABLE `batch_job_instance` ENABLE KEYS */;
UNLOCK TABLES;

--
-- Table structure for table `batch_job_seq`
--

DROP TABLE IF EXISTS `batch_job_seq`;
/*!40101 SET @saved_cs_client     = @@character_set_client */;
/*!50503 SET character_set_client = utf8mb4 */;
CREATE TABLE `batch_job_seq` (
  `ID` bigint NOT NULL,
  `UNIQUE_KEY` char(1) NOT NULL,
  UNIQUE KEY `UNIQUE_KEY_UN` (`UNIQUE_KEY`)
) ENGINE=InnoDB DEFAULT CHARSET=utf8mb4 COLLATE=utf8mb4_0900_ai_ci;
/*!40101 SET character_set_client = @saved_cs_client */;

--
-- Dumping data for table `batch_job_seq`
--

LOCK TABLES `batch_job_seq` WRITE;
/*!40000 ALTER TABLE `batch_job_seq` DISABLE KEYS */;
INSERT INTO `batch_job_seq` VALUES (35,'0');
/*!40000 ALTER TABLE `batch_job_seq` ENABLE KEYS */;
UNLOCK TABLES;

--
-- Table structure for table `batch_step_execution`
--

DROP TABLE IF EXISTS `batch_step_execution`;
/*!40101 SET @saved_cs_client     = @@character_set_client */;
/*!50503 SET character_set_client = utf8mb4 */;
CREATE TABLE `batch_step_execution` (
  `STEP_EXECUTION_ID` bigint NOT NULL,
  `VERSION` bigint NOT NULL,
  `STEP_NAME` varchar(100) NOT NULL,
  `JOB_EXECUTION_ID` bigint NOT NULL,
  `START_TIME` datetime(6) NOT NULL,
  `END_TIME` datetime(6) DEFAULT NULL,
  `STATUS` varchar(10) DEFAULT NULL,
  `COMMIT_COUNT` bigint DEFAULT NULL,
  `READ_COUNT` bigint DEFAULT NULL,
  `FILTER_COUNT` bigint DEFAULT NULL,
  `WRITE_COUNT` bigint DEFAULT NULL,
  `READ_SKIP_COUNT` bigint DEFAULT NULL,
  `WRITE_SKIP_COUNT` bigint DEFAULT NULL,
  `PROCESS_SKIP_COUNT` bigint DEFAULT NULL,
  `ROLLBACK_COUNT` bigint DEFAULT NULL,
  `EXIT_CODE` varchar(2500) DEFAULT NULL,
  `EXIT_MESSAGE` varchar(2500) DEFAULT NULL,
  `LAST_UPDATED` datetime(6) DEFAULT NULL,
  PRIMARY KEY (`STEP_EXECUTION_ID`),
  KEY `JOB_EXEC_STEP_FK` (`JOB_EXECUTION_ID`),
  CONSTRAINT `JOB_EXEC_STEP_FK` FOREIGN KEY (`JOB_EXECUTION_ID`) REFERENCES `batch_job_execution` (`JOB_EXECUTION_ID`)
) ENGINE=InnoDB DEFAULT CHARSET=utf8mb4 COLLATE=utf8mb4_0900_ai_ci;
/*!40101 SET character_set_client = @saved_cs_client */;

--
-- Dumping data for table `batch_step_execution`
--

LOCK TABLES `batch_step_execution` WRITE;
/*!40000 ALTER TABLE `batch_step_execution` DISABLE KEYS */;
INSERT INTO `batch_step_execution` VALUES (1,3,'Sprint',1,'2022-05-01 00:26:29.866000','2022-05-01 00:26:30.107000','COMPLETED',1,6,0,6,0,0,0,0,'COMPLETED','','2022-05-01 00:26:30.108000'),(2,3,'Sprint',4,'2022-05-01 00:43:54.900000','2022-05-01 00:43:54.995000','COMPLETED',1,6,0,6,0,0,0,0,'COMPLETED','','2022-05-01 00:43:54.996000'),(3,3,'Sprint',5,'2022-05-01 00:48:34.562000','2022-05-01 00:48:34.631000','COMPLETED',1,6,0,6,0,0,0,0,'COMPLETED','','2022-05-01 00:48:34.633000'),(4,2,'Sprint',13,'2022-05-08 22:37:49.051000','2022-05-08 22:37:49.070000','FAILED',0,0,0,0,0,0,0,0,'FAILED','java.lang.IllegalArgumentException: Unable to invoke method: [public void com.pfe.projectMonitoringBE.batch.SprintReader.before(org.springframework.batch.core.StepExecution)] on object: [com.pfe.projectMonitoringBE.batch.SprintReader@220eef90] with arguments: [[StepExecution: id=4, version=1, name=Sprint, status=STARTED, exitStatus=EXECUTING, readCount=0, filterCount=0, writeCount=0 readSkipCount=0, writeSkipCount=0, processSkipCount=0, commitCount=0, rollbackCount=0, exitDescription=]]\r\n	at org.springframework.batch.support.SimpleMethodInvoker.invokeMethod(SimpleMethodInvoker.java:112)\r\n	at org.springframework.batch.core.listener.MethodInvokerMethodInterceptor.invoke(MethodInvokerMethodInterceptor.java:69)\r\n	at org.springframework.aop.framework.ReflectiveMethodInvocation.proceed(ReflectiveMethodInvocation.java:186)\r\n	at org.springframework.aop.framework.JdkDynamicAopProxy.invoke(JdkDynamicAopProxy.java:215)\r\n	at jdk.proxy11/jdk.proxy11.$Proxy301.beforeStep(Unknown Source)\r\n	at org.springframework.batch.core.listener.CompositeStepExecutionListener.beforeStep(CompositeStepExecutionListener.java:79)\r\n	at org.springframework.batch.core.step.AbstractStep.execute(AbstractStep.java:204)\r\n	at org.springframework.batch.core.job.SimpleStepHandler.handleStep(SimpleStepHandler.java:152)\r\n	at org.springframework.batch.core.job.flow.JobFlowExecutor.executeStep(JobFlowExecutor.java:68)\r\n	at org.springframework.batch.core.job.flow.support.state.StepState.handle(StepState.java:68)\r\n	at org.springframework.batch.core.job.flow.support.SimpleFlow.resume(SimpleFlow.java:169)\r\n	at org.springframework.batch.core.job.flow.support.SimpleFlow.start(SimpleFlow.java:144)\r\n	at org.springframework.batch.core.job.flow.FlowJob.doExecute(FlowJob.java:137)\r\n	at org.springframework.batch.core.job.AbstractJob.execute(AbstractJob.java:320)\r\n	at org.springframework.batch.core.launch.support.SimpleJobLauncher$1.run(SimpleJobLauncher.java:149)\r\n	at org.springframework.core.task.SyncTaskExecutor.execute(SyncTaskExecutor.java:50)\r\n	at org.springframework.batch.core.launch.support.SimpleJobLauncher.run(SimpleJobLauncher.java:140)\r\n	at java.base/jdk.internal.reflect.NativeMethodAccessorImpl.invoke0(Native Method)\r\n	at java.base/jdk.internal.reflect.NativeMethodAccessorImpl.invoke(NativeMethodAccessorImpl.java:77)\r\n	at java.base/jdk.internal.reflect.DelegatingMethodAccessorImpl.invoke(DelegatingMethodAccessorImpl.java:43)\r\n	at java.base/java.lang.reflect.Method.invoke(Method.java:568)\r\n	at org.sprin','2022-05-08 22:37:49.071000'),(5,2,'Sprint',15,'2022-05-08 22:37:54.069000','2022-05-08 22:37:54.082000','FAILED',0,0,0,0,0,0,0,0,'FAILED','java.lang.IllegalArgumentException: Unable to invoke method: [public void com.pfe.projectMonitoringBE.batch.SprintReader.before(org.springframework.batch.core.StepExecution)] on object: [com.pfe.projectMonitoringBE.batch.SprintReader@3060f1a1] with arguments: [[StepExecution: id=5, version=1, name=Sprint, status=STARTED, exitStatus=EXECUTING, readCount=0, filterCount=0, writeCount=0 readSkipCount=0, writeSkipCount=0, processSkipCount=0, commitCount=0, rollbackCount=0, exitDescription=]]\r\n	at org.springframework.batch.support.SimpleMethodInvoker.invokeMethod(SimpleMethodInvoker.java:112)\r\n	at org.springframework.batch.core.listener.MethodInvokerMethodInterceptor.invoke(MethodInvokerMethodInterceptor.java:69)\r\n	at org.springframework.aop.framework.ReflectiveMethodInvocation.proceed(ReflectiveMethodInvocation.java:186)\r\n	at org.springframework.aop.framework.JdkDynamicAopProxy.invoke(JdkDynamicAopProxy.java:215)\r\n	at jdk.proxy11/jdk.proxy11.$Proxy301.beforeStep(Unknown Source)\r\n	at org.springframework.batch.core.listener.CompositeStepExecutionListener.beforeStep(CompositeStepExecutionListener.java:79)\r\n	at org.springframework.batch.core.step.AbstractStep.execute(AbstractStep.java:204)\r\n	at org.springframework.batch.core.job.SimpleStepHandler.handleStep(SimpleStepHandler.java:152)\r\n	at org.springframework.batch.core.job.flow.JobFlowExecutor.executeStep(JobFlowExecutor.java:68)\r\n	at org.springframework.batch.core.job.flow.support.state.StepState.handle(StepState.java:68)\r\n	at org.springframework.batch.core.job.flow.support.SimpleFlow.resume(SimpleFlow.java:169)\r\n	at org.springframework.batch.core.job.flow.support.SimpleFlow.start(SimpleFlow.java:144)\r\n	at org.springframework.batch.core.job.flow.FlowJob.doExecute(FlowJob.java:137)\r\n	at org.springframework.batch.core.job.AbstractJob.execute(AbstractJob.java:320)\r\n	at org.springframework.batch.core.launch.support.SimpleJobLauncher$1.run(SimpleJobLauncher.java:149)\r\n	at org.springframework.core.task.SyncTaskExecutor.execute(SyncTaskExecutor.java:50)\r\n	at org.springframework.batch.core.launch.support.SimpleJobLauncher.run(SimpleJobLauncher.java:140)\r\n	at java.base/jdk.internal.reflect.NativeMethodAccessorImpl.invoke0(Native Method)\r\n	at java.base/jdk.internal.reflect.NativeMethodAccessorImpl.invoke(NativeMethodAccessorImpl.java:77)\r\n	at java.base/jdk.internal.reflect.DelegatingMethodAccessorImpl.invoke(DelegatingMethodAccessorImpl.java:43)\r\n	at java.base/java.lang.reflect.Method.invoke(Method.java:568)\r\n	at org.sprin','2022-05-08 22:37:54.083000'),(6,2,'Sprint',16,'2022-05-08 22:37:59.046000','2022-05-08 22:37:59.056000','FAILED',0,0,0,0,0,0,0,0,'FAILED','java.lang.IllegalArgumentException: Unable to invoke method: [public void com.pfe.projectMonitoringBE.batch.SprintReader.before(org.springframework.batch.core.StepExecution)] on object: [com.pfe.projectMonitoringBE.batch.SprintReader@33b80ca] with arguments: [[StepExecution: id=6, version=1, name=Sprint, status=STARTED, exitStatus=EXECUTING, readCount=0, filterCount=0, writeCount=0 readSkipCount=0, writeSkipCount=0, processSkipCount=0, commitCount=0, rollbackCount=0, exitDescription=]]\r\n	at org.springframework.batch.support.SimpleMethodInvoker.invokeMethod(SimpleMethodInvoker.java:112)\r\n	at org.springframework.batch.core.listener.MethodInvokerMethodInterceptor.invoke(MethodInvokerMethodInterceptor.java:69)\r\n	at org.springframework.aop.framework.ReflectiveMethodInvocation.proceed(ReflectiveMethodInvocation.java:186)\r\n	at org.springframework.aop.framework.JdkDynamicAopProxy.invoke(JdkDynamicAopProxy.java:215)\r\n	at jdk.proxy11/jdk.proxy11.$Proxy301.beforeStep(Unknown Source)\r\n	at org.springframework.batch.core.listener.CompositeStepExecutionListener.beforeStep(CompositeStepExecutionListener.java:79)\r\n	at org.springframework.batch.core.step.AbstractStep.execute(AbstractStep.java:204)\r\n	at org.springframework.batch.core.job.SimpleStepHandler.handleStep(SimpleStepHandler.java:152)\r\n	at org.springframework.batch.core.job.flow.JobFlowExecutor.executeStep(JobFlowExecutor.java:68)\r\n	at org.springframework.batch.core.job.flow.support.state.StepState.handle(StepState.java:68)\r\n	at org.springframework.batch.core.job.flow.support.SimpleFlow.resume(SimpleFlow.java:169)\r\n	at org.springframework.batch.core.job.flow.support.SimpleFlow.start(SimpleFlow.java:144)\r\n	at org.springframework.batch.core.job.flow.FlowJob.doExecute(FlowJob.java:137)\r\n	at org.springframework.batch.core.job.AbstractJob.execute(AbstractJob.java:320)\r\n	at org.springframework.batch.core.launch.support.SimpleJobLauncher$1.run(SimpleJobLauncher.java:149)\r\n	at org.springframework.core.task.SyncTaskExecutor.execute(SyncTaskExecutor.java:50)\r\n	at org.springframework.batch.core.launch.support.SimpleJobLauncher.run(SimpleJobLauncher.java:140)\r\n	at java.base/jdk.internal.reflect.NativeMethodAccessorImpl.invoke0(Native Method)\r\n	at java.base/jdk.internal.reflect.NativeMethodAccessorImpl.invoke(NativeMethodAccessorImpl.java:77)\r\n	at java.base/jdk.internal.reflect.DelegatingMethodAccessorImpl.invoke(DelegatingMethodAccessorImpl.java:43)\r\n	at java.base/java.lang.reflect.Method.invoke(Method.java:568)\r\n	at org.spring','2022-05-08 22:37:59.056000'),(7,2,'Sprint',17,'2022-05-08 22:38:04.053000','2022-05-08 22:38:04.064000','FAILED',0,0,0,0,0,0,0,0,'FAILED','java.lang.IllegalArgumentException: Unable to invoke method: [public void com.pfe.projectMonitoringBE.batch.SprintReader.before(org.springframework.batch.core.StepExecution)] on object: [com.pfe.projectMonitoringBE.batch.SprintReader@22b3e898] with arguments: [[StepExecution: id=7, version=1, name=Sprint, status=STARTED, exitStatus=EXECUTING, readCount=0, filterCount=0, writeCount=0 readSkipCount=0, writeSkipCount=0, processSkipCount=0, commitCount=0, rollbackCount=0, exitDescription=]]\r\n	at org.springframework.batch.support.SimpleMethodInvoker.invokeMethod(SimpleMethodInvoker.java:112)\r\n	at org.springframework.batch.core.listener.MethodInvokerMethodInterceptor.invoke(MethodInvokerMethodInterceptor.java:69)\r\n	at org.springframework.aop.framework.ReflectiveMethodInvocation.proceed(ReflectiveMethodInvocation.java:186)\r\n	at org.springframework.aop.framework.JdkDynamicAopProxy.invoke(JdkDynamicAopProxy.java:215)\r\n	at jdk.proxy11/jdk.proxy11.$Proxy301.beforeStep(Unknown Source)\r\n	at org.springframework.batch.core.listener.CompositeStepExecutionListener.beforeStep(CompositeStepExecutionListener.java:79)\r\n	at org.springframework.batch.core.step.AbstractStep.execute(AbstractStep.java:204)\r\n	at org.springframework.batch.core.job.SimpleStepHandler.handleStep(SimpleStepHandler.java:152)\r\n	at org.springframework.batch.core.job.flow.JobFlowExecutor.executeStep(JobFlowExecutor.java:68)\r\n	at org.springframework.batch.core.job.flow.support.state.StepState.handle(StepState.java:68)\r\n	at org.springframework.batch.core.job.flow.support.SimpleFlow.resume(SimpleFlow.java:169)\r\n	at org.springframework.batch.core.job.flow.support.SimpleFlow.start(SimpleFlow.java:144)\r\n	at org.springframework.batch.core.job.flow.FlowJob.doExecute(FlowJob.java:137)\r\n	at org.springframework.batch.core.job.AbstractJob.execute(AbstractJob.java:320)\r\n	at org.springframework.batch.core.launch.support.SimpleJobLauncher$1.run(SimpleJobLauncher.java:149)\r\n	at org.springframework.core.task.SyncTaskExecutor.execute(SyncTaskExecutor.java:50)\r\n	at org.springframework.batch.core.launch.support.SimpleJobLauncher.run(SimpleJobLauncher.java:140)\r\n	at java.base/jdk.internal.reflect.NativeMethodAccessorImpl.invoke0(Native Method)\r\n	at java.base/jdk.internal.reflect.NativeMethodAccessorImpl.invoke(NativeMethodAccessorImpl.java:77)\r\n	at java.base/jdk.internal.reflect.DelegatingMethodAccessorImpl.invoke(DelegatingMethodAccessorImpl.java:43)\r\n	at java.base/java.lang.reflect.Method.invoke(Method.java:568)\r\n	at org.sprin','2022-05-08 22:38:04.064000'),(8,2,'Sprint',18,'2022-05-08 22:38:09.045000','2022-05-08 22:38:09.056000','FAILED',0,0,0,0,0,0,0,0,'FAILED','java.lang.IllegalArgumentException: Unable to invoke method: [public void com.pfe.projectMonitoringBE.batch.SprintReader.before(org.springframework.batch.core.StepExecution)] on object: [com.pfe.projectMonitoringBE.batch.SprintReader@26e8aecd] with arguments: [[StepExecution: id=8, version=1, name=Sprint, status=STARTED, exitStatus=EXECUTING, readCount=0, filterCount=0, writeCount=0 readSkipCount=0, writeSkipCount=0, processSkipCount=0, commitCount=0, rollbackCount=0, exitDescription=]]\r\n	at org.springframework.batch.support.SimpleMethodInvoker.invokeMethod(SimpleMethodInvoker.java:112)\r\n	at org.springframework.batch.core.listener.MethodInvokerMethodInterceptor.invoke(MethodInvokerMethodInterceptor.java:69)\r\n	at org.springframework.aop.framework.ReflectiveMethodInvocation.proceed(ReflectiveMethodInvocation.java:186)\r\n	at org.springframework.aop.framework.JdkDynamicAopProxy.invoke(JdkDynamicAopProxy.java:215)\r\n	at jdk.proxy11/jdk.proxy11.$Proxy301.beforeStep(Unknown Source)\r\n	at org.springframework.batch.core.listener.CompositeStepExecutionListener.beforeStep(CompositeStepExecutionListener.java:79)\r\n	at org.springframework.batch.core.step.AbstractStep.execute(AbstractStep.java:204)\r\n	at org.springframework.batch.core.job.SimpleStepHandler.handleStep(SimpleStepHandler.java:152)\r\n	at org.springframework.batch.core.job.flow.JobFlowExecutor.executeStep(JobFlowExecutor.java:68)\r\n	at org.springframework.batch.core.job.flow.support.state.StepState.handle(StepState.java:68)\r\n	at org.springframework.batch.core.job.flow.support.SimpleFlow.resume(SimpleFlow.java:169)\r\n	at org.springframework.batch.core.job.flow.support.SimpleFlow.start(SimpleFlow.java:144)\r\n	at org.springframework.batch.core.job.flow.FlowJob.doExecute(FlowJob.java:137)\r\n	at org.springframework.batch.core.job.AbstractJob.execute(AbstractJob.java:320)\r\n	at org.springframework.batch.core.launch.support.SimpleJobLauncher$1.run(SimpleJobLauncher.java:149)\r\n	at org.springframework.core.task.SyncTaskExecutor.execute(SyncTaskExecutor.java:50)\r\n	at org.springframework.batch.core.launch.support.SimpleJobLauncher.run(SimpleJobLauncher.java:140)\r\n	at java.base/jdk.internal.reflect.NativeMethodAccessorImpl.invoke0(Native Method)\r\n	at java.base/jdk.internal.reflect.NativeMethodAccessorImpl.invoke(NativeMethodAccessorImpl.java:77)\r\n	at java.base/jdk.internal.reflect.DelegatingMethodAccessorImpl.invoke(DelegatingMethodAccessorImpl.java:43)\r\n	at java.base/java.lang.reflect.Method.invoke(Method.java:568)\r\n	at org.sprin','2022-05-08 22:38:09.056000'),(9,2,'Sprint',19,'2022-05-08 22:38:14.066000','2022-05-08 22:38:14.079000','FAILED',0,0,0,0,0,0,0,0,'FAILED','java.lang.IllegalArgumentException: Unable to invoke method: [public void com.pfe.projectMonitoringBE.batch.SprintReader.before(org.springframework.batch.core.StepExecution)] on object: [com.pfe.projectMonitoringBE.batch.SprintReader@2ec2c024] with arguments: [[StepExecution: id=9, version=1, name=Sprint, status=STARTED, exitStatus=EXECUTING, readCount=0, filterCount=0, writeCount=0 readSkipCount=0, writeSkipCount=0, processSkipCount=0, commitCount=0, rollbackCount=0, exitDescription=]]\r\n	at org.springframework.batch.support.SimpleMethodInvoker.invokeMethod(SimpleMethodInvoker.java:112)\r\n	at org.springframework.batch.core.listener.MethodInvokerMethodInterceptor.invoke(MethodInvokerMethodInterceptor.java:69)\r\n	at org.springframework.aop.framework.ReflectiveMethodInvocation.proceed(ReflectiveMethodInvocation.java:186)\r\n	at org.springframework.aop.framework.JdkDynamicAopProxy.invoke(JdkDynamicAopProxy.java:215)\r\n	at jdk.proxy11/jdk.proxy11.$Proxy301.beforeStep(Unknown Source)\r\n	at org.springframework.batch.core.listener.CompositeStepExecutionListener.beforeStep(CompositeStepExecutionListener.java:79)\r\n	at org.springframework.batch.core.step.AbstractStep.execute(AbstractStep.java:204)\r\n	at org.springframework.batch.core.job.SimpleStepHandler.handleStep(SimpleStepHandler.java:152)\r\n	at org.springframework.batch.core.job.flow.JobFlowExecutor.executeStep(JobFlowExecutor.java:68)\r\n	at org.springframework.batch.core.job.flow.support.state.StepState.handle(StepState.java:68)\r\n	at org.springframework.batch.core.job.flow.support.SimpleFlow.resume(SimpleFlow.java:169)\r\n	at org.springframework.batch.core.job.flow.support.SimpleFlow.start(SimpleFlow.java:144)\r\n	at org.springframework.batch.core.job.flow.FlowJob.doExecute(FlowJob.java:137)\r\n	at org.springframework.batch.core.job.AbstractJob.execute(AbstractJob.java:320)\r\n	at org.springframework.batch.core.launch.support.SimpleJobLauncher$1.run(SimpleJobLauncher.java:149)\r\n	at org.springframework.core.task.SyncTaskExecutor.execute(SyncTaskExecutor.java:50)\r\n	at org.springframework.batch.core.launch.support.SimpleJobLauncher.run(SimpleJobLauncher.java:140)\r\n	at java.base/jdk.internal.reflect.NativeMethodAccessorImpl.invoke0(Native Method)\r\n	at java.base/jdk.internal.reflect.NativeMethodAccessorImpl.invoke(NativeMethodAccessorImpl.java:77)\r\n	at java.base/jdk.internal.reflect.DelegatingMethodAccessorImpl.invoke(DelegatingMethodAccessorImpl.java:43)\r\n	at java.base/java.lang.reflect.Method.invoke(Method.java:568)\r\n	at org.sprin','2022-05-08 22:38:14.079000'),(10,2,'Sprint',20,'2022-05-08 22:38:19.066000','2022-05-08 22:38:19.077000','FAILED',0,0,0,0,0,0,0,0,'FAILED','java.lang.IllegalArgumentException: Unable to invoke method: [public void com.pfe.projectMonitoringBE.batch.SprintReader.before(org.springframework.batch.core.StepExecution)] on object: [com.pfe.projectMonitoringBE.batch.SprintReader@417993f0] with arguments: [[StepExecution: id=10, version=1, name=Sprint, status=STARTED, exitStatus=EXECUTING, readCount=0, filterCount=0, writeCount=0 readSkipCount=0, writeSkipCount=0, processSkipCount=0, commitCount=0, rollbackCount=0, exitDescription=]]\r\n	at org.springframework.batch.support.SimpleMethodInvoker.invokeMethod(SimpleMethodInvoker.java:112)\r\n	at org.springframework.batch.core.listener.MethodInvokerMethodInterceptor.invoke(MethodInvokerMethodInterceptor.java:69)\r\n	at org.springframework.aop.framework.ReflectiveMethodInvocation.proceed(ReflectiveMethodInvocation.java:186)\r\n	at org.springframework.aop.framework.JdkDynamicAopProxy.invoke(JdkDynamicAopProxy.java:215)\r\n	at jdk.proxy11/jdk.proxy11.$Proxy301.beforeStep(Unknown Source)\r\n	at org.springframework.batch.core.listener.CompositeStepExecutionListener.beforeStep(CompositeStepExecutionListener.java:79)\r\n	at org.springframework.batch.core.step.AbstractStep.execute(AbstractStep.java:204)\r\n	at org.springframework.batch.core.job.SimpleStepHandler.handleStep(SimpleStepHandler.java:152)\r\n	at org.springframework.batch.core.job.flow.JobFlowExecutor.executeStep(JobFlowExecutor.java:68)\r\n	at org.springframework.batch.core.job.flow.support.state.StepState.handle(StepState.java:68)\r\n	at org.springframework.batch.core.job.flow.support.SimpleFlow.resume(SimpleFlow.java:169)\r\n	at org.springframework.batch.core.job.flow.support.SimpleFlow.start(SimpleFlow.java:144)\r\n	at org.springframework.batch.core.job.flow.FlowJob.doExecute(FlowJob.java:137)\r\n	at org.springframework.batch.core.job.AbstractJob.execute(AbstractJob.java:320)\r\n	at org.springframework.batch.core.launch.support.SimpleJobLauncher$1.run(SimpleJobLauncher.java:149)\r\n	at org.springframework.core.task.SyncTaskExecutor.execute(SyncTaskExecutor.java:50)\r\n	at org.springframework.batch.core.launch.support.SimpleJobLauncher.run(SimpleJobLauncher.java:140)\r\n	at java.base/jdk.internal.reflect.NativeMethodAccessorImpl.invoke0(Native Method)\r\n	at java.base/jdk.internal.reflect.NativeMethodAccessorImpl.invoke(NativeMethodAccessorImpl.java:77)\r\n	at java.base/jdk.internal.reflect.DelegatingMethodAccessorImpl.invoke(DelegatingMethodAccessorImpl.java:43)\r\n	at java.base/java.lang.reflect.Method.invoke(Method.java:568)\r\n	at org.spri','2022-05-08 22:38:19.077000'),(11,3,'Sprint',21,'2022-05-08 22:40:22.606000','2022-05-08 22:40:22.695000','COMPLETED',1,6,0,6,0,0,0,0,'COMPLETED','','2022-05-08 22:40:22.696000'),(12,3,'Sprint',23,'2022-05-08 22:40:27.607000','2022-05-08 22:40:27.644000','COMPLETED',1,6,0,6,0,0,0,0,'COMPLETED','','2022-05-08 22:40:27.644000'),(13,3,'Sprint',24,'2022-05-08 22:40:32.621000','2022-05-08 22:40:32.660000','COMPLETED',1,6,0,6,0,0,0,0,'COMPLETED','','2022-05-08 22:40:32.660000'),(14,3,'Sprint',25,'2022-05-08 22:40:37.608000','2022-05-08 22:40:37.657000','COMPLETED',1,6,0,6,0,0,0,0,'COMPLETED','','2022-05-08 22:40:37.658000'),(15,3,'Sprint',26,'2022-05-08 22:40:42.599000','2022-05-08 22:40:42.633000','COMPLETED',1,6,0,6,0,0,0,0,'COMPLETED','','2022-05-08 22:40:42.634000'),(16,3,'Sprint',33,'2022-05-08 22:43:26.937000','2022-05-08 22:43:26.979000','COMPLETED',1,6,0,6,0,0,0,0,'COMPLETED','','2022-05-08 22:43:26.979000'),(17,3,'Sprint',35,'2022-05-08 22:43:31.946000','2022-05-08 22:43:31.979000','COMPLETED',1,6,0,6,0,0,0,0,'COMPLETED','','2022-05-08 22:43:31.979000'),(18,3,'Sprint',36,'2022-05-08 22:43:36.950000','2022-05-08 22:43:36.986000','COMPLETED',1,6,0,6,0,0,0,0,'COMPLETED','','2022-05-08 22:43:36.986000'),(19,3,'Sprint',37,'2022-05-08 22:43:41.949000','2022-05-08 22:43:41.983000','COMPLETED',1,6,0,6,0,0,0,0,'COMPLETED','','2022-05-08 22:43:41.983000'),(20,3,'Sprint',38,'2022-05-08 22:43:46.943000','2022-05-08 22:43:46.973000','COMPLETED',1,6,0,6,0,0,0,0,'COMPLETED','','2022-05-08 22:43:46.974000'),(21,3,'Sprint',42,'2022-05-08 23:00:00.074000','2022-05-08 23:00:00.201000','COMPLETED',1,6,0,6,0,0,0,0,'COMPLETED','','2022-05-08 23:00:00.202000'),(22,3,'Sprint',47,'2022-05-09 00:00:00.073000','2022-05-09 00:00:00.138000','COMPLETED',1,6,0,6,0,0,0,0,'COMPLETED','','2022-05-09 00:00:00.138000'),(23,3,'Sprint',49,'2022-05-09 10:09:38.923000','2022-05-09 10:09:39.012000','COMPLETED',1,6,0,6,0,0,0,0,'COMPLETED','','2022-05-09 10:09:39.013000'),(24,3,'Sprint',51,'2022-05-09 10:10:41.987000','2022-05-09 10:10:42.326000','COMPLETED',1,6,0,6,0,0,0,0,'COMPLETED','','2022-05-09 10:10:42.327000'),(25,3,'Sprint',53,'2022-05-09 10:10:46.802000','2022-05-09 10:10:46.907000','COMPLETED',1,6,0,6,0,0,0,0,'COMPLETED','','2022-05-09 10:10:46.908000'),(26,3,'Sprint',54,'2022-05-09 10:10:51.824000','2022-05-09 10:10:51.952000','COMPLETED',1,6,0,6,0,0,0,0,'COMPLETED','','2022-05-09 10:10:51.953000'),(27,3,'Sprint',55,'2022-05-09 10:10:56.731000','2022-05-09 10:10:56.819000','COMPLETED',1,6,0,6,0,0,0,0,'COMPLETED','','2022-05-09 10:10:56.820000'),(28,3,'Sprint',56,'2022-05-09 10:11:01.774000','2022-05-09 10:11:01.930000','COMPLETED',1,6,0,6,0,0,0,0,'COMPLETED','','2022-05-09 10:11:01.932000'),(29,3,'Sprint',58,'2022-05-10 15:55:15.519000','2022-05-10 15:55:16.574000','COMPLETED',1,6,0,6,0,0,0,0,'COMPLETED','','2022-05-10 15:55:16.577000'),(30,3,'Sprint',59,'2022-05-11 09:48:32.973000','2022-05-11 09:48:33.294000','COMPLETED',1,6,0,6,0,0,0,0,'COMPLETED','','2022-05-11 09:48:33.296000'),(31,3,'Sprint',66,'2022-05-13 01:02:02.048000','2022-05-13 01:02:03.031000','COMPLETED',1,6,0,6,0,0,0,0,'COMPLETED','','2022-05-13 01:02:03.033000'),(32,3,'Sprint',100,'2022-05-15 00:00:00.085000','2022-05-15 00:00:00.303000','COMPLETED',1,6,0,6,0,0,0,0,'COMPLETED','','2022-05-15 00:00:00.304000'),(33,3,'Sprint',103,'2022-05-16 10:22:46.681000','2022-05-16 10:22:47.976000','COMPLETED',1,6,0,6,0,0,0,0,'COMPLETED','','2022-05-16 10:22:47.979000'),(34,3,'Sprint',189,'2022-05-17 00:00:00.264000','2022-05-17 00:00:00.841000','COMPLETED',1,6,0,6,0,0,0,0,'COMPLETED','','2022-05-17 00:00:00.844000'),(35,3,'Sprint',240,'2022-05-20 00:00:00.425000','2022-05-20 00:00:00.885000','COMPLETED',1,6,0,6,0,0,0,0,'COMPLETED','','2022-05-20 00:00:00.887000');
/*!40000 ALTER TABLE `batch_step_execution` ENABLE KEYS */;
UNLOCK TABLES;

--
-- Table structure for table `batch_step_execution_context`
--

DROP TABLE IF EXISTS `batch_step_execution_context`;
/*!40101 SET @saved_cs_client     = @@character_set_client */;
/*!50503 SET character_set_client = utf8mb4 */;
CREATE TABLE `batch_step_execution_context` (
  `STEP_EXECUTION_ID` bigint NOT NULL,
  `SHORT_CONTEXT` varchar(2500) NOT NULL,
  `SERIALIZED_CONTEXT` text,
  PRIMARY KEY (`STEP_EXECUTION_ID`),
  CONSTRAINT `STEP_EXEC_CTX_FK` FOREIGN KEY (`STEP_EXECUTION_ID`) REFERENCES `batch_step_execution` (`STEP_EXECUTION_ID`)
) ENGINE=InnoDB DEFAULT CHARSET=utf8mb4 COLLATE=utf8mb4_0900_ai_ci;
/*!40101 SET character_set_client = @saved_cs_client */;

--
-- Dumping data for table `batch_step_execution_context`
--

LOCK TABLES `batch_step_execution_context` WRITE;
/*!40000 ALTER TABLE `batch_step_execution_context` DISABLE KEYS */;
INSERT INTO `batch_step_execution_context` VALUES (1,'{\"@class\":\"java.util.HashMap\",\"batch.taskletType\":\"org.springframework.batch.core.step.item.ChunkOrientedTasklet\",\"batch.stepType\":\"org.springframework.batch.core.step.tasklet.TaskletStep\"}',NULL),(2,'{\"@class\":\"java.util.HashMap\",\"batch.taskletType\":\"org.springframework.batch.core.step.item.ChunkOrientedTasklet\",\"batch.stepType\":\"org.springframework.batch.core.step.tasklet.TaskletStep\"}',NULL),(3,'{\"@class\":\"java.util.HashMap\",\"batch.taskletType\":\"org.springframework.batch.core.step.item.ChunkOrientedTasklet\",\"batch.stepType\":\"org.springframework.batch.core.step.tasklet.TaskletStep\"}',NULL),(4,'{\"@class\":\"java.util.HashMap\"}',NULL),(5,'{\"@class\":\"java.util.HashMap\"}',NULL),(6,'{\"@class\":\"java.util.HashMap\"}',NULL),(7,'{\"@class\":\"java.util.HashMap\"}',NULL),(8,'{\"@class\":\"java.util.HashMap\"}',NULL),(9,'{\"@class\":\"java.util.HashMap\"}',NULL),(10,'{\"@class\":\"java.util.HashMap\"}',NULL),(11,'{\"@class\":\"java.util.HashMap\",\"batch.taskletType\":\"org.springframework.batch.core.step.item.ChunkOrientedTasklet\",\"batch.stepType\":\"org.springframework.batch.core.step.tasklet.TaskletStep\"}',NULL),(12,'{\"@class\":\"java.util.HashMap\",\"batch.taskletType\":\"org.springframework.batch.core.step.item.ChunkOrientedTasklet\",\"batch.stepType\":\"org.springframework.batch.core.step.tasklet.TaskletStep\"}',NULL),(13,'{\"@class\":\"java.util.HashMap\",\"batch.taskletType\":\"org.springframework.batch.core.step.item.ChunkOrientedTasklet\",\"batch.stepType\":\"org.springframework.batch.core.step.tasklet.TaskletStep\"}',NULL),(14,'{\"@class\":\"java.util.HashMap\",\"batch.taskletType\":\"org.springframework.batch.core.step.item.ChunkOrientedTasklet\",\"batch.stepType\":\"org.springframework.batch.core.step.tasklet.TaskletStep\"}',NULL),(15,'{\"@class\":\"java.util.HashMap\",\"batch.taskletType\":\"org.springframework.batch.core.step.item.ChunkOrientedTasklet\",\"batch.stepType\":\"org.springframework.batch.core.step.tasklet.TaskletStep\"}',NULL),(16,'{\"@class\":\"java.util.HashMap\",\"batch.taskletType\":\"org.springframework.batch.core.step.item.ChunkOrientedTasklet\",\"batch.stepType\":\"org.springframework.batch.core.step.tasklet.TaskletStep\"}',NULL),(17,'{\"@class\":\"java.util.HashMap\",\"batch.taskletType\":\"org.springframework.batch.core.step.item.ChunkOrientedTasklet\",\"batch.stepType\":\"org.springframework.batch.core.step.tasklet.TaskletStep\"}',NULL),(18,'{\"@class\":\"java.util.HashMap\",\"batch.taskletType\":\"org.springframework.batch.core.step.item.ChunkOrientedTasklet\",\"batch.stepType\":\"org.springframework.batch.core.step.tasklet.TaskletStep\"}',NULL),(19,'{\"@class\":\"java.util.HashMap\",\"batch.taskletType\":\"org.springframework.batch.core.step.item.ChunkOrientedTasklet\",\"batch.stepType\":\"org.springframework.batch.core.step.tasklet.TaskletStep\"}',NULL),(20,'{\"@class\":\"java.util.HashMap\",\"batch.taskletType\":\"org.springframework.batch.core.step.item.ChunkOrientedTasklet\",\"batch.stepType\":\"org.springframework.batch.core.step.tasklet.TaskletStep\"}',NULL),(21,'{\"@class\":\"java.util.HashMap\",\"batch.taskletType\":\"org.springframework.batch.core.step.item.ChunkOrientedTasklet\",\"batch.stepType\":\"org.springframework.batch.core.step.tasklet.TaskletStep\"}',NULL),(22,'{\"@class\":\"java.util.HashMap\",\"batch.taskletType\":\"org.springframework.batch.core.step.item.ChunkOrientedTasklet\",\"batch.stepType\":\"org.springframework.batch.core.step.tasklet.TaskletStep\"}',NULL),(23,'{\"@class\":\"java.util.HashMap\",\"batch.taskletType\":\"org.springframework.batch.core.step.item.ChunkOrientedTasklet\",\"batch.stepType\":\"org.springframework.batch.core.step.tasklet.TaskletStep\"}',NULL),(24,'{\"@class\":\"java.util.HashMap\",\"batch.taskletType\":\"org.springframework.batch.core.step.item.ChunkOrientedTasklet\",\"batch.stepType\":\"org.springframework.batch.core.step.tasklet.TaskletStep\"}',NULL),(25,'{\"@class\":\"java.util.HashMap\",\"batch.taskletType\":\"org.springframework.batch.core.step.item.ChunkOrientedTasklet\",\"batch.stepType\":\"org.springframework.batch.core.step.tasklet.TaskletStep\"}',NULL),(26,'{\"@class\":\"java.util.HashMap\",\"batch.taskletType\":\"org.springframework.batch.core.step.item.ChunkOrientedTasklet\",\"batch.stepType\":\"org.springframework.batch.core.step.tasklet.TaskletStep\"}',NULL),(27,'{\"@class\":\"java.util.HashMap\",\"batch.taskletType\":\"org.springframework.batch.core.step.item.ChunkOrientedTasklet\",\"batch.stepType\":\"org.springframework.batch.core.step.tasklet.TaskletStep\"}',NULL),(28,'{\"@class\":\"java.util.HashMap\",\"batch.taskletType\":\"org.springframework.batch.core.step.item.ChunkOrientedTasklet\",\"batch.stepType\":\"org.springframework.batch.core.step.tasklet.TaskletStep\"}',NULL),(29,'{\"@class\":\"java.util.HashMap\",\"batch.taskletType\":\"org.springframework.batch.core.step.item.ChunkOrientedTasklet\",\"batch.stepType\":\"org.springframework.batch.core.step.tasklet.TaskletStep\"}',NULL),(30,'{\"@class\":\"java.util.HashMap\",\"batch.taskletType\":\"org.springframework.batch.core.step.item.ChunkOrientedTasklet\",\"batch.stepType\":\"org.springframework.batch.core.step.tasklet.TaskletStep\"}',NULL),(31,'{\"@class\":\"java.util.HashMap\",\"batch.taskletType\":\"org.springframework.batch.core.step.item.ChunkOrientedTasklet\",\"batch.stepType\":\"org.springframework.batch.core.step.tasklet.TaskletStep\"}',NULL),(32,'{\"@class\":\"java.util.HashMap\",\"batch.taskletType\":\"org.springframework.batch.core.step.item.ChunkOrientedTasklet\",\"batch.stepType\":\"org.springframework.batch.core.step.tasklet.TaskletStep\"}',NULL),(33,'{\"@class\":\"java.util.HashMap\",\"batch.taskletType\":\"org.springframework.batch.core.step.item.ChunkOrientedTasklet\",\"batch.stepType\":\"org.springframework.batch.core.step.tasklet.TaskletStep\"}',NULL),(34,'{\"@class\":\"java.util.HashMap\",\"batch.taskletType\":\"org.springframework.batch.core.step.item.ChunkOrientedTasklet\",\"batch.stepType\":\"org.springframework.batch.core.step.tasklet.TaskletStep\"}',NULL),(35,'{\"@class\":\"java.util.HashMap\",\"batch.taskletType\":\"org.springframework.batch.core.step.item.ChunkOrientedTasklet\",\"batch.stepType\":\"org.springframework.batch.core.step.tasklet.TaskletStep\"}',NULL);
/*!40000 ALTER TABLE `batch_step_execution_context` ENABLE KEYS */;
UNLOCK TABLES;

--
-- Table structure for table `batch_step_execution_seq`
--

DROP TABLE IF EXISTS `batch_step_execution_seq`;
/*!40101 SET @saved_cs_client     = @@character_set_client */;
/*!50503 SET character_set_client = utf8mb4 */;
CREATE TABLE `batch_step_execution_seq` (
  `ID` bigint NOT NULL,
  `UNIQUE_KEY` char(1) NOT NULL,
  UNIQUE KEY `UNIQUE_KEY_UN` (`UNIQUE_KEY`)
) ENGINE=InnoDB DEFAULT CHARSET=utf8mb4 COLLATE=utf8mb4_0900_ai_ci;
/*!40101 SET character_set_client = @saved_cs_client */;

--
-- Dumping data for table `batch_step_execution_seq`
--

LOCK TABLES `batch_step_execution_seq` WRITE;
/*!40000 ALTER TABLE `batch_step_execution_seq` DISABLE KEYS */;
INSERT INTO `batch_step_execution_seq` VALUES (35,'0');
/*!40000 ALTER TABLE `batch_step_execution_seq` ENABLE KEYS */;
UNLOCK TABLES;

--
-- Table structure for table `category`
--

DROP TABLE IF EXISTS `category`;
/*!40101 SET @saved_cs_client     = @@character_set_client */;
/*!50503 SET character_set_client = utf8mb4 */;
CREATE TABLE `category` (
  `categoryid` int NOT NULL,
  `categorytitle` varchar(255) DEFAULT NULL,
  PRIMARY KEY (`categoryid`)
) ENGINE=InnoDB DEFAULT CHARSET=utf8mb4 COLLATE=utf8mb4_0900_ai_ci;
/*!40101 SET character_set_client = @saved_cs_client */;

--
-- Dumping data for table `category`
--

LOCK TABLES `category` WRITE;
/*!40000 ALTER TABLE `category` DISABLE KEYS */;
INSERT INTO `category` VALUES (5,'Bug'),(6,'Task'),(7,'Development'),(8,'Epic');
/*!40000 ALTER TABLE `category` ENABLE KEYS */;
UNLOCK TABLES;

--
-- Table structure for table `hibernate_sequence`
--

DROP TABLE IF EXISTS `hibernate_sequence`;
/*!40101 SET @saved_cs_client     = @@character_set_client */;
/*!50503 SET character_set_client = utf8mb4 */;
CREATE TABLE `hibernate_sequence` (
  `next_val` bigint DEFAULT NULL
) ENGINE=InnoDB DEFAULT CHARSET=utf8mb4 COLLATE=utf8mb4_0900_ai_ci;
/*!40101 SET character_set_client = @saved_cs_client */;

--
-- Dumping data for table `hibernate_sequence`
--

LOCK TABLES `hibernate_sequence` WRITE;
/*!40000 ALTER TABLE `hibernate_sequence` DISABLE KEYS */;
INSERT INTO `hibernate_sequence` VALUES (100);
/*!40000 ALTER TABLE `hibernate_sequence` ENABLE KEYS */;
UNLOCK TABLES;

--
-- Table structure for table `member`
--

DROP TABLE IF EXISTS `member`;
/*!40101 SET @saved_cs_client     = @@character_set_client */;
/*!50503 SET character_set_client = utf8mb4 */;
CREATE TABLE `member` (
  `memberid` int NOT NULL,
  `address` varchar(255) DEFAULT NULL,
  `email` varchar(255) DEFAULT NULL,
  `keycloakid` varchar(255) DEFAULT NULL,
  `lastname` varchar(255) DEFAULT NULL,
  `name` varchar(255) DEFAULT NULL,
  `role` int DEFAULT NULL,
  `telephone` varchar(255) DEFAULT NULL,
  `managedproject_projectid` int DEFAULT NULL,
  PRIMARY KEY (`memberid`),
  UNIQUE KEY `UK_mbmcqelty0fbrvxp1q58dn57t` (`email`),
  UNIQUE KEY `UK_c9fevg8r15sb675t7gqnykhbx` (`keycloakid`),
  KEY `FKoo51et9t4o71x95v4uyaa3s8b` (`managedproject_projectid`),
  CONSTRAINT `FKoo51et9t4o71x95v4uyaa3s8b` FOREIGN KEY (`managedproject_projectid`) REFERENCES `project` (`projectid`)
) ENGINE=InnoDB DEFAULT CHARSET=utf8mb4 COLLATE=utf8mb4_0900_ai_ci;
/*!40101 SET character_set_client = @saved_cs_client */;

--
-- Dumping data for table `member`
--

LOCK TABLES `member` WRITE;
/*!40000 ALTER TABLE `member` DISABLE KEYS */;
INSERT INTO `member` VALUES (1,'Vermeg Lac 2','kjbeli@vermeg.com','f61091bc-eb14-46c2-bc31-dc7d1834229c','Jbeli','Kabil',0,'51229485',NULL),(2,'Vermeg lac 2','habid@vermeg.com','96171a36-7418-4b0b-be6c-1f6a7f931455','Abid','Hatem',1,'51229485',NULL),(3,'vermeg lac 2','tlefi@vermeg.com','ef67269d-4e50-4ad3-bbae-ff75ecf026d0','Lefi','Taha',2,'51229485',NULL),(4,'Vermeg Sousse','yfellah@vermeg.com','77c89ebc-a099-4dc2-8c83-48d503687f59','Fellah','Yasmine',3,'51229485',NULL),(33,'Polytech intl lac 1','k.jebali19004@pi.tn','b976f7df-9938-466b-8f13-92fcc97d0182','jbeli','kabil',1,'51229485',NULL),(34,'manouba, tunisia','kabiljbeli011@gmail.com','07b2bd16-274f-409a-9076-a2021e8cf121','jbeli','kabil',2,'51229485',NULL);
/*!40000 ALTER TABLE `member` ENABLE KEYS */;
UNLOCK TABLES;

--
-- Table structure for table `priority`
--

DROP TABLE IF EXISTS `priority`;
/*!40101 SET @saved_cs_client     = @@character_set_client */;
/*!50503 SET character_set_client = utf8mb4 */;
CREATE TABLE `priority` (
  `priorityid` int NOT NULL,
  `priority_title` varchar(255) DEFAULT NULL,
  PRIMARY KEY (`priorityid`)
) ENGINE=InnoDB DEFAULT CHARSET=utf8mb4 COLLATE=utf8mb4_0900_ai_ci;
/*!40101 SET character_set_client = @saved_cs_client */;

--
-- Dumping data for table `priority`
--

LOCK TABLES `priority` WRITE;
/*!40000 ALTER TABLE `priority` DISABLE KEYS */;
INSERT INTO `priority` VALUES (9,'Major'),(10,'Minor'),(11,'Blocker'),(12,'Critical');
/*!40000 ALTER TABLE `priority` ENABLE KEYS */;
UNLOCK TABLES;

--
-- Table structure for table `project`
--

DROP TABLE IF EXISTS `project`;
/*!40101 SET @saved_cs_client     = @@character_set_client */;
/*!50503 SET character_set_client = utf8mb4 */;
CREATE TABLE `project` (
  `projectid` int NOT NULL,
  `creation_date` datetime(6) DEFAULT NULL,
  `end_date` date DEFAULT NULL,
  `project_description` varchar(255) DEFAULT NULL,
  `project_status` int DEFAULT NULL,
  `project_title` varchar(255) DEFAULT NULL,
  `start_date` date DEFAULT NULL,
  `client` int DEFAULT NULL,
  `managedproject` int DEFAULT NULL,
  PRIMARY KEY (`projectid`),
  KEY `FK6djgjrdrwyx9uu6fj886i8sgf` (`client`),
  KEY `FKnxlgnlnohji5qex2rlsosk0tf` (`managedproject`),
  CONSTRAINT `FK6djgjrdrwyx9uu6fj886i8sgf` FOREIGN KEY (`client`) REFERENCES `member` (`memberid`),
  CONSTRAINT `FKnxlgnlnohji5qex2rlsosk0tf` FOREIGN KEY (`managedproject`) REFERENCES `member` (`memberid`)
) ENGINE=InnoDB DEFAULT CHARSET=utf8mb4 COLLATE=utf8mb4_0900_ai_ci;
/*!40101 SET character_set_client = @saved_cs_client */;

--
-- Dumping data for table `project`
--

LOCK TABLES `project` WRITE;
/*!40000 ALTER TABLE `project` DISABLE KEYS */;
INSERT INTO `project` VALUES (13,'2022-04-24 14:59:12.469106','2022-04-24','An insurance portal project',1,'Brix','2022-04-24',4,2),(25,'2022-04-25 22:19:28.797177','2022-04-25','A banking company',1,'Generalie','2022-04-25',4,33);
/*!40000 ALTER TABLE `project` ENABLE KEYS */;
UNLOCK TABLES;

--
-- Table structure for table `project_members`
--

DROP TABLE IF EXISTS `project_members`;
/*!40101 SET @saved_cs_client     = @@character_set_client */;
/*!50503 SET character_set_client = utf8mb4 */;
CREATE TABLE `project_members` (
  `projects_projectid` int NOT NULL,
  `members_memberid` int NOT NULL,
  PRIMARY KEY (`projects_projectid`,`members_memberid`),
  KEY `FKtkrf974s3jpvxeddqhemo8mab` (`members_memberid`),
  CONSTRAINT `FKssrv3b5tv1ximnyew1tw3dn34` FOREIGN KEY (`projects_projectid`) REFERENCES `project` (`projectid`),
  CONSTRAINT `FKtkrf974s3jpvxeddqhemo8mab` FOREIGN KEY (`members_memberid`) REFERENCES `member` (`memberid`)
) ENGINE=InnoDB DEFAULT CHARSET=utf8mb4 COLLATE=utf8mb4_0900_ai_ci;
/*!40101 SET character_set_client = @saved_cs_client */;

--
-- Dumping data for table `project_members`
--

LOCK TABLES `project_members` WRITE;
/*!40000 ALTER TABLE `project_members` DISABLE KEYS */;
INSERT INTO `project_members` VALUES (13,3),(13,34),(25,34);
/*!40000 ALTER TABLE `project_members` ENABLE KEYS */;
UNLOCK TABLES;

--
-- Table structure for table `report`
--

DROP TABLE IF EXISTS `report`;
/*!40101 SET @saved_cs_client     = @@character_set_client */;
/*!50503 SET character_set_client = utf8mb4 */;
CREATE TABLE `report` (
  `reportid` int NOT NULL,
  `creation_date` datetime(6) DEFAULT NULL,
  `pdf_as_bytes` longblob NOT NULL,
  `report_ttile` varchar(255) DEFAULT NULL,
  `member_memberid` int DEFAULT NULL,
  `project_projectid` int DEFAULT NULL,
  PRIMARY KEY (`reportid`),
  KEY `FKkpyn8p17q77w2xmwl1h1gkoit` (`member_memberid`),
  KEY `FK19r34dajrbet0nrcu0cn085cy` (`project_projectid`),
  CONSTRAINT `FK19r34dajrbet0nrcu0cn085cy` FOREIGN KEY (`project_projectid`) REFERENCES `project` (`projectid`),
  CONSTRAINT `FKkpyn8p17q77w2xmwl1h1gkoit` FOREIGN KEY (`member_memberid`) REFERENCES `member` (`memberid`)
) ENGINE=InnoDB DEFAULT CHARSET=utf8mb4 COLLATE=utf8mb4_0900_ai_ci;
/*!40101 SET character_set_client = @saved_cs_client */;

--
-- Dumping data for table `report`
--

LOCK TABLES `report` WRITE;
/*!40000 ALTER TABLE `report` DISABLE KEYS */;
INSERT INTO `report` VALUES (96,'2022-05-18 20:39:45.842468',_binary 'JVBERi0xLjQKJdPr6eEKMSAwIG9iago8PC9DcmVhdG9yIChDaHJvbWl1bSkKL1Byb2R1Y2VyIChT\na2lhL1BERiBtNjkpCi9DcmVhdGlvbkRhdGUgKEQ6MjAyMjA1MTgxOTM5NDUrMDAnMDAnKQovTW9k\nRGF0ZSAoRDoyMDIyMDUxODE5Mzk0NSswMCcwMCcpPj4KZW5kb2JqCjIgMCBvYmoKPDwvVHlwZSAv\nWE9iamVjdAovU3VidHlwZSAvSW1hZ2UKL1dpZHRoIDQ4MAovSGVpZ2h0IDUwCi9Db2xvclNwYWNl\nIC9EZXZpY2VSR0IKL1NNYXNrIDMgMCBSCi9CaXRzUGVyQ29tcG9uZW50IDgKL0ZpbHRlciAvRmxh\ndGVEZWNvZGUKL0xlbmd0aCA3Nzg0Pj4gc3RyZWFtCnic7Z15VxTX1of5Tn1VxOkqCoojYhwiDoga\nhYhxRBDFIOKIENQESZzAgSigooAEIgiBiyKDgICioCQSAtGv4Pu8tRe9+jZQdaq6G5qb/v3Ry5Du\nqjPs/dTep87www8/bN68OSQkZN68ebM0TR1FERERXV1dnz9/7uvr8xtbffjw4eXLl9z3119/nTZt\nmm10zZ0794ym45pGuyCX+vPPP//zn//oXMrb9I0ms033/fff//DDD1988YXh9adMmRIwJBr535pm\nawoKClqgCTtZuHBhaGjoMk3Lly9fs2bNl0PauHHj5iFFRUXt3Llz//79cXFxSUlJycnJp0+fTktL\nu3jxYm5u7i+//NLS0vL777/3aeIfhYWFz5496+7uxsBcMRWx4eFVw4D5OxWhKbZv356RkcG9uOn7\n9+9duZ1bhCn+9ttvfNI4c+bMmTFjxmg+iPz9/aurq/GIP/74w+yN1I3BG7RixYrU1NQjR44kJiZa\na9jy8vKSkpL8/PyffvqJ5qXRent7m5ubHz58eO3ate+++y4lJQXLPKgpJiZm165d2MbWrVux5HWa\nwjWtXLkyLCxs+ZBwAfEFcYr58+fTa7OH9G8HBQYGBg0pODhYfIf2x1k2bNjAjfbs2UMFcQ2Qlarp\nypUrjY2NlFYcAafA61Waa9KkSZmZmXhTe3s7P7fWYtYkXkzD0kr6hZw+fTo1vXDhwtmzZ3189vNi\nl/zXv/41c+bMxYsXb9u2jc568uSJwBlvwj4tmwoQxi8M7w6xcUy8lSeFBdC5UUCjvr4ea7x//75K\nyREw/4fwGUc+f/68NT7n5eVlZWUR0RUXF9+8eZNQgQvSwhjeeNfMWaAVwq9atWrv3r10bn9/v4TB\nWEVPTw9RxKJFi1Suw5OioaGBn49l1IETcVNKe/ToUcO2JZzjyXjp0iW6VeeaPj57mwgLCSpu3boF\nnC9fvkzYYM1aJG5RvCN2Auhqamr4tHY7FzU4ONjW1oY1VlVVEYkpttU/h890EKGv2WoCt8ePH1+9\nehVE8+gnAAaA410bVWG9OTk5mASYpZcrKytB9IkTJyZPnqzy8927d7979w6yjVkI3dXVRf5LqsIj\nRr9sVIGEhbLRL/rX9PHZO0X6Q65HPEkwiX1asBZ1Pts0XygqKsIYmpqasDELt3NFYKSzsxNEkxiS\nQau30j+Hzzdu3Lh+/bqpOv711180jiAarM2dO3e862FaRKE8mATRwJm6QKr169er/Hbq1KnQD7i9\n1mTWQswKIyTz5UZkwYZlI3guKSmhOnV1dfqX9fHZawUz8Uq8rKWlxYLBmOIzWrJkCdaCmb18+ZKb\nWrijZYnrdXR0bN261VQT/XP4nK/JVB1pmYGBAT5//PHHpUuXjnclLArMSmKFhTx//py+xilmzpyp\n8lv6F6MirPV0Vtjb29va2spdrly5MmXKFP1SETynp6dTkerqasN3TD4+e7N27NhBQEs/WrAZs3xG\nGzdu5FmAUxMGuPh2Ul3YNrEEiI6LizM7IvrP4XNxcTEJjqk64toynSA+Pt4Lh5rV9e2338pMDDqa\nXODVq1d79+5V+SG1TklJgW84kUdDjnfv3pF1NjQ0LF++3LBUmzZt4pvYvIrdTlA+HzhwwGwbTiyX\nFIWGhj569OiXX36xMMRhgc/Y8759+7B/4Dw2L1ZkJhK2nZqaqjiu6Kh/Dp8fazLbtrh2RUXFl19+\nOd41cEnh4eGE0FIpguGPHz8+efKEdE/lt7Nnz66srATO3d3dZo1EUTQyiSeIPnLkiGF5Zs2aJaMu\nL168UO9ERT4vWrQo3At0SpPZZnTdJWVaV0BAgExdmzNnzrwhhfy3li1bFjokmYm0ePHi+fPnBwYG\n+vv7q98R67p9+zbWZWEmpwU+27TpHCdOnMDYoIGnB6IxvJqaGj6vXbumP1l0NHkJnydNmuQ48W+W\ng+hxu5EEBwfbLUQmmNlFSVYNac2aNXZTX7duXWRk5O7du/FQs2+KxbXv3r1r+LpKRSoVlLl2Ivhp\nrx3PlxFrt379emoXFBSkf2sa58GDB1Kpv//+u76+nqrRg4YjCaLNmze/efMGpHvoRSHxDOETcZRK\nOxNYUpiqqirFwpjiM4Hrj16gwsLCrKwss82o7pJUMyMj48KFC/zk3LlzmZmZ3PT7IX03pLNnz56x\npMTExIiICOzcsCQ4/uXLl2VSpdn6WuOzTXs1SfMCZ+jnuRn+mLTMgCJzx8ctlNM2JnzGGE6fPk14\nT3djDFjFRU1XrlzJzs6+4SCepHeGVFBQUOigYgeVl5f/OiRCu98c9NRBjY2NL4bU2trKE1Mx4rJL\nXDsnJ8dwcIMAW2YdSx3tcpfD/qTp0qVLl0cS0NYvHl+gte31osfJKImoVd7E2TQnklnfL1++BO9m\nTcWwkYlkOjo6tmzZYlgSgjRI29PTQxZgqhPV+ZyUlOSuXrMmegqTu3//vtmWVHfJ5OTklJSU85rw\nR34FovnkCvwFdKenp6elpdn5jGMeH1LakGSmvZj96SGlDkn+r0osze0+aDJbX8t8RgATwmAYxCqe\niKJ7e3tbWlrIC2praxVntI6oMeDzsWPHsAc6iz6VpzY/5PkFbQj7MUWB882bN3NzcwXOJLC03r17\n9+5rIvZ7+PChwFlGq8o14dfwmVBK4EwqgRsKnAmVeXg1NTU1NzeD5fb2doI0EG2qjuLaFNuwjkQL\nlAog82UCD4EzNZXIxC0SREPjgYEB+p0uk2UyFHLTpk36xSPS5oHoWDVIiwmVlpYaxt4ishXa8+PH\nj/zKrKno6PXr13QQFaFqhsE8jwmsjirzExBtqhPV+WzhxZyXSN0lT548SY6veFngjPPyE+BsD7T4\n5I8CYSHzqVOn7Guj+KQwtLzKM5cnhTUEucJnm/asByDcF3Ny71j058+foQ3Y58ouDo2OAZ+l+9xY\n/TGTuDbJmmEdIyMjf9Hk6SL9pUnyQTqO7EmFz1u3buU56HgdDBJkAVv8TnFG9/79+/k+v3JjSsgT\nk0iYh6nia8HOzk6M35S5+vg8XGc1ebQwsmo1ISHBsDAEb3SohbcbLvIZrV69mvgZqyZccePY3du3\nb2XCc3R0tCvFs40Jn4mZCSndVfexFE9Aeg0uGdaROGFs+Owoe/z81Vdf6ZRt2rRpuAAd7fRzzBIr\nIsVQnA7NdchouJ1A0vXycymwyZPi0KFDhnefPXs20T4/MTszysfn4SK5wys9Whj6iMSZp79hYY4e\nPfpSk9lbuM5nhO+0trYS5whUXa84LC0pKeFxc/jwYdcnfXmaz5KTkum7XvGxF11GO+/evVull8ee\nz37aSDICv8OLhG3MmzcP9pJsjvgeBGvEMvn73bt3Fe2ceAM/4ofWFnw5qaOjg7sXFxcbvhakLngx\nDxQibbPRu4/PThozlzx16hS2Z9jm9OxzTWav7xY+Y1qxsbFv3rzBqs2Ofw4XIK2oqOCTx5/iy3d9\neZrPBF3yUtjFio+L2tvbwZHKnkLbt28fRz5DLQJ4meYUHh5OgVNTU6FubW1tW1ubfGfEd6Owq7q6\nmmcQEazKs57vnD59Gtw1NjYODAy4WPLy8nKaV2WIEjOj/D09PRZGv318dtLUqVPHxiVlONqwzeFz\nrSaz13cLn23acififOAsaLVcX4IWasEVbt26NWPGDNcLZvM8n2nAictnebe4Y8cOw2aMjo4eFz7T\ncZKd8VlTU9PQ0PDq1Ss69E9N0I+/kwX8oWnEKwDnrq6up0+fKk6VnDt37pMnTwYHB7ms5WLz1KCo\nlDMrK8vwFT88yc3NlYVC6q8F7fLx2UmzZs3yNj4TJFRVVZm9viKfVV6vEEZiitgYPLSG6N9//52g\nRaaJkrfq3y4wMFBx6MPTfA4KCpq4fCbnAiNRUVGGzQjDx4XPftoodGdnZ1NTU319PaUl5icSkBeI\ndKt9Wcpoev36Nb/lyzk5OYpT6Ldt20Y+SLBhedE3bAe2BBvLli0zvN3OnTvBsmXH8fHZScBhbFxS\nZt8ZtnlycnJlZSXmZPb6KnyWBYMqXT9nzpw7d+7YtwA1VZJPnz61tLRgn5iZoUkTWl++fFnxpbyn\n+bxo0aKJy+e6ujoCS5VJwjBkvPjsujAAvAPkKu4OTT6IgcmYiYWAlkhDdgA+ePCg4b3mz58PxglL\nLI8N+vjspODg4LFxSZkmbdjmKSkpZWVl5eXlZq+vwmdslWDAcIKTaMGCBZRElqaqI5oQqKOjA0QT\nPxu+aqc8pBV4jeLotKf5HBoaOnH5LNOqVfi8a9euictnPy2gxcDIMRXn0i9ZsoTkAjOD6mbvJZGG\nyktJYoxz584BWFP+4iQfn520ePHiMXBJqEJh6D7DNj9+/HipJrO3UOGzv78/BoDJGR73IKL1iMqI\nB8jvVNatfP78mQyUL5O3EqTpX5xgPj4+XiYgqSyutHmez6tWrZq4fK7UtH37dsNm3L1794TmM3Bu\naGiAY/SU4i4usbGxUJ1I2JTxYPlFRUXNzc0RERGGt9i4caPM5XNlxrVZPhNeqnzTULNmzZo3b97q\n1astl9ysvCdkki5DlMewoU6dOgWcLfiOCp8DAgJkpQCGSi6m0nFYJvEAVo3t4Rf6ZXj//j2V7erq\nOnLkiOGQRVRUFME2X16zZg0FUymMp/m8bt06vumW/YXgxooVKyBhVlZWTU2N2QJbkCwkV+Hzvn37\nJjSf/TSOUV/FddY2bROD/Px8LEd9817ZrhlEp6enGxozrvfo0SPZfdqVianjuH8dbuiFfOYLnuOz\n7HJsP7zSkM+YwZkzZ/CysrIys/dS4TNWKgYgKZvKtrpEuTExMcTDwJn0UOcNDlcG+yA6IyPDMB5e\nu3ZtfX09XybYnjFjBgUzLInNa/ZHUhT1ojeBM2Gt2QJbELzlya7yfnD//v0W+FxcXJydnZ2YmBgd\nHU1Us9jDMiwPAQM5HVVWPIkA/jQ1NT148EBxcFiC4cePH6uMosieqBZe1jjJx2cnESzxzYSEhO2a\ntg1J/v2Vg7YOactI2jxMkZroYuBGboVVXLhwQb8w06ZNw6MxCQ+9H4QY8qL86dOnmAGhneKuTYcP\nHwbOsJRajBgeyNtA2ZvOsBhLliyB5EQm+AuInqHJsBi2iclnMGjhaWtBJSUlhHAqfD5w4IA1PqMr\nV67gxUs8L8Py9Pb2Et9iDydPnlScDn3s2DHsrbq62vBF4cDAAO1DcKWy3icsLIwcUw59NtWkw+Xj\ns5NCQkKgK1ZNVLB9mMCy4Ho4pe2gHk5s4Mxn5DCRPusXBrLh0fSOhS36VfjMF8QAsOqHDx9i4Skp\nKSpzJ/z9/VNTU2X4YvhANKRtbGzkmoWFhYaHCRLtELpThmfPnkmwoXiyrW1i8pnKmj0JxZqKNKnw\nOS4uzjKfqdHwY+I9IZUiyXleLS0thp4lCgwMpArA2XBvQIxzcHDwxo0bhpEDEc7PP/8sp4e7vh2T\nj8/erODgYMqMyTU0NJitrwqf58yZgwEAWAwbWyooKHj9+vWePXtUyjZ9+vRLly7BRqdVq/ZFB4TE\nK1as0L+IzKbj1nzZfpHZmlTKMBH5TNJElc0W2IJk3zyVTU7IFv83+IynkNNhSPfu3VN8xBM7NTc3\n832dUQ5Sxby8vNraWpU3ETExMcQtfNkth2r5+OzNCg0Nle0rLbxiUOEzsau8qZQYWE5Oga4bN25U\nKR7hh4S+TU1NYo2y7EumSRtO25syZQre/fbt29LSUsct8uZoUinARORzWlpaenq62QJbEMkLiFbh\n86FDh/43+OynhdAyXqG4wcvkyZPpEeBcVlY2opfJmDNWevz4ccMLElDV1dUNDAy4ayNTH5+9WeHh\n4bgAjmahvip8DgoKwgCwJUEcptjW1garFbdMtGk76+LXOAVU5yIQXnD9zTff6Bsz//fgwYNdXV3E\neE6LbXlqGK4xFE1QPnt6d0SR7D6twufExEQv5zMUVS9Yd3c3QYL6ou+QkBBcDOMfcRQRY+Z/YaWG\nU9cwaZnwLHubm2rM0eTjszdr79697e3tZg+eE6nwecGCBfbNeOVXsLqhoWFwcLC8vFxxLiVNKpyU\nXZ1xDUIXw2moUVFRIF1m3zmVPEiTyq19fNYRqQ1pu8r+G0lJSV7O54CAAPWCEWMA1f7+fhJPxUXf\nX3/9dVVV1c2bNyGh46XALM3Y2Nio8phbv369fWqWqZbU0fjymRq5qyKGmnB8Bo+PHj26evUqiLZQ\nXxU+L1q0CAP4+PGj4ywgsrOamhq49/PPPyu6XkREhIxCd3Z2njx50tApyAv4PjDHlYYnlVRccTK2\nj886KigogC0xMTGGBTt69KiX85mmM1U2ORgXWqpMt7BpL/XS09Pr6ury8vIcr0NohDtkZmYazmua\nOXOmnOPsrp14Rab4TEcscJ94JPHgdldFDDWB+EyixMOLnIuu+fXXX63VV4XPS5culcFnAmbH30I8\nOVabRlOZcUeBiUDKysowcsOhY25aWVlJ1QjURxymE/NQaShP85m6y7GnbtHy5cu56Ric/iCCz/n5\n+YbLNm3aGV5ezufZs2ebrT5wBq3V1dWKJ31jlrm5uefOnbt9+7ZcAeu6dOlSaWmpyljfkSNHxKTd\nsrm0Xab4nJqa2udWUX031kVfE4LPAGH16tUZGRmEl2CnvLzc8vx2FT6HhobSCzzuhw+XAWe8j2CA\nZ6jKjDu+s2fPnsWLF+t/LSgoiKRbZkePlgYuXLhQcSMFT/N5xYoVfM2CYcvJIPatMu1/4d/Xr1/H\nj6z0qElJ/Lxr1y7DZjx+/LiX83nu3Llmq49JP3/+nAa/ePGiykGfNm2U486dO3gfP8Epbt26RSKp\ncgBNWFhYS0uLdL3Zcuqrz+T6bh4ubiHzhyG5tzo68lo+BwQEgKMtW7YQfBJYkvLTPg8ePMC6XDmb\nVYXP8Ee6Y8SM7M2bN8TwnZ2dJImKE/71v4AjX716VTYc04EqkFeMecaAz3yT67/XJIx1MmDHPzr9\n3f6/HP/TjSeF6eueJpUE/+TJk9b4TLS5Y8cOWsnaaQt79+7tUzh/0KaN9VloAS5OTtfe3q6yyN2m\nRUfJyclZWVkgmqbDKQggDRfV8iuoSLd2dHS4HWhm+fw/vz8SwdvBgwdv/LeIeXikkpbGxcUR3yqu\nPnYSEI6JiZHDoLlaTk4O9GtsbOzu7u4bWiSCSYBlkOh6R6vwedWqVX0OLweHi5KQJ7a2tkZGRlqo\nsqMwY9yZgLykpES/dks1qVxzbPiMw/b29gqizd5oHCXzN1Rms58+fXq8zk9R5DNeae0WGDCepf6y\nm/zuu+++S0tLw1aJkVQmPIPEnp6e2tpatwfPfj4+D5OktH86yB4a2f/d0NBw+PBhxWX+ImJL2Ujc\nKdAiQn79+jXub/+7u14uqPAZ89PnM2UjnpfFfcBcvb5Omjx5Mg8mnAViGB5dEapJ5bJjw+cJun/d\nA02G+3tjmbLq3Jv5rLK+e0Rx/adPn2IhBFeKW9uFhYXBZ0KyxMREw5RwwYIFXB//tbCVtGL5fXx2\nlLjknTt3nFhq/zdZv5wRX11dHR0drTi0ZdMW68kqOVnBIWBB7prK7iQVPq9bt06fz36ahcjyk4qK\nCsVhYSfJKQBwPi8vjxzQsORhmlSu7OOzjoqLi4uKigyHT6GW9/MZe7B8F0IgUraWlhbFVVc27V0h\noDMcV6fpJJYjwfRQbuXjs5MMXVLgTHd/+vSJ3D8zM1N9z9Xp06dnZ2fz88LCwnfv3nmIzCIVPmOx\nKm8B7Iu47927ZyprEG3btq2+vv7WrVuYsUrJv9CkcmUfn3VUWlpaVlYWGxurX0cCDO/nM4meKzeS\ndzo8rRTXpSoqMjJStg/13DsFH5+dpOiSsrsmLkDrPXr0aMOGDYpH5k2aNCkpKQk481gH8q68AdSX\nCp83b95sGD+L+JrA8OrVqyrbkNpFiI51ybi6YslXaVK5uI/POnqs6cCBA/p1nDp1qvfzmUDClRtx\nl9raWtn+S9FPDYVz8fjD9uR0e3e1yfCS+/jsKFMuSdNVV1d//Pixrq4OR1A89cOmLdBobGwEzvzc\nQ5NYVPhMZCuDNioXxBQrKioo8/nz5xVrSmM+efKEn9A+6ja8evXqNWvWqFzfx2cdYVo1NTVxcXH6\ndZQ9bL2cz1999ZWL9wLOWCBOp2ha+pK9STG8hoYGVw61N5SPz04y65J///03uT/JO8Hw2bNnFXfN\nsmlvFh48eICJyjRjt491qPA5KipKnc9+2lBeeXk5wT9xiOHblqVLl8oiFyhhqnZr165VPLLEx2cd\nPdeUkJCgX0f7rtTezOevv/7axXvJvqOYSn5+vuLu4jpauXJlW1vbwMCAR+Hs5+PzMFlzyRcvXuTl\n5ZHp3Lx5U+XUdZGELt3d3bLS2b2jWCp83rlzp+L4hl2yIX9PTw/5gk6qGBIS8ujRI6yXKM7so2fd\nunWGJ8mKfHzWUUdHBwaZlJSkX8dZs2Z5P59jY2Ndv52kqxhwfHy8inWNJtwWZ6fwnZ2d7toHaTSZ\n5bOsT3Galv9hmPpGkeI3Db9Gmc2O+XjaJbu6uoiEKSp2HhERoT4cvWPHjubm5v7+fp0ldRakwudd\nu3aZip/9tDgEOMvBr6Pt/T5v3ry7d+/KSfQWBtg3aFJpvbHhM906mj2PsUzVkccibpKRkaFfRzkD\nwsv5nJyc7JY79miqr69X3J5xRO3fv//9+/d1dXWeDp79xnt9t6McpxyrwNlstDkGIZOM0FLCZ8+e\n8cRXH44OCwsDAjKRnpjHLWMdKnzet29fn8n42U9DNA8jfgiihztXUFBQQUEB13z8+LG1t5883VR8\n1ubF67s9IbObIcivcnJy9EeiAgMDhc+kLZ4+Q9BJKSkpfWp8PnfunNkuHlFyVAqOlp2dre6ejlq6\ndCl4lyWlbimSvvrM8Jm4KNQLdO3aNbE9UzUdm5T2g7Y1fW5ubmtra1pamuI5IDbNTbjp27dvYZoc\nXmatAHap8DkuLq7PPJ+lmiD606dPpHjh4eGOFiI79ldWVlqOLuQ4MJVG8zSfp0+fvnDhwvG29/8X\njZyQkGCqjuIj9+/f15/HO2XKlJCQkDE4QHBELVu2zHA0mFT0xo0bZrtYp1kwzu7ubpWdSZwE0oEP\nJifbpLurSPqlHa/9RS3LHsabqulYDjm2tLQQQ7569YrHtOGWQXb5+/uTOsm8jpqaGheHo1X4fOjQ\nIWt89tNmGBI/DwwMdHR0yDvx4ODgwsJCrlZVVeVK4eUwR5UWm1j7i7qimTNnzp8/31QdJc2sra1V\n3MzEa4UZ401mu1hHREEyysHD11RJvvnmG7fv8KwvH5+d5K5XQsC5qKiIti0pKSFzVJ91CetkrKO0\ntFSWV1srgAqfv/32W5X1KaPpr7/+In6mIzB4LgUt+4amSVu7oEiOSldpq38Un5GpOspRZfBEcTDf\na0X6YO2IitEEnGW7OYJhxUXfUgwCD7F2z014dpKPz05y4yt7SlhRUfH+/XswQjKlbglBQUEUADi/\nfPlSDsK2cHcVPh87dsxCSzqKspEqyuuAPm0luOuhRXR0tMqpHzYfn40EiOgXHp3jXXyXtGXLFqId\ns3XXV5+2PwOJqsr5BTZtlktWVhbG9uLFizELnv18fB4m906pAs6yeq6hoQEYqk+8nDp16v79+0nB\nxJAsIEiFzydOnBCuulJHgbN9l2NXLiXauXOnotf4+Kyv/v5+eqeystLajoteoh9//NET8aocu9nR\n0WG4q8ykSZPi4+MJlgYHBz20mmw0TVA+W6DKeE15lVVLeXl5bW1tmZmZiieD2LTXImvXri0qKsKK\niouLMSRTVqrC5zNnzrgYP3tC5Boqu2LafHw2EgYj08BUNpn3QuECJFOU/+7du2brbigu29XVJUcU\nBQQE6JehpKSkT5uw5HTSkKfl47OTPLQkobW1VfZEKigoMLVRZ1BQ0IULFwTOhNPq8+FV+Jyenu56\n/Ox27dWk0jg+PhuKxrl8+TIRQlRUlPoI27iL/DE8PDw/Px/jpPwemmncp+0VzOedO3dGPDQTOG/d\nuvXixYskwpZHGl0soY/PjvLckrGenp7y8nKK/fjxY5xF5dAokYx10EcDAwPquwyp8Pn8+fNeGD/H\nxsYa7uoj8vFZRYDl+vXrxH7Z2dkbNmxw7x5ubhQeERgYGBERQdggoYhM1PQoFTF+2fUX39y8eTON\nI2fB8CxbuHAhpkiOKQwfl9MZfHx2kkeX9Mr0hv7+/qdPnyYkJCge/m7TnuORkZHYqnv5TGDghXyO\ni4s7ePCgSrP4+Kwo4Gxf59Ld3U273b59OzMzMyUlJT4+ft++faTwBIrQe+3atSsctHxIy5YtW2ik\n0NBQvhkWFrZy5cp1Q9q0aRNX3qZplyaSo0OHDnFrOaaE8PjevXt1dXUftOMa5S1GWVkZOSOeYp+o\n+X/32/N5CmVuZHN0cmVhbQplbmRvYmoKMyAwIG9iago8PC9UeXBlIC9YT2JqZWN0Ci9TdWJ0eXBl\nIC9JbWFnZQovV2lkdGggNDgwCi9IZWlnaHQgNTAKL0NvbG9yU3BhY2UgL0RldmljZUdyYXkKL0Jp\ndHNQZXJDb21wb25lbnQgOAovRmlsdGVyIC9GbGF0ZURlY29kZQovTGVuZ3RoIDI3NTI+PiBzdHJl\nYW0KeJzVnHtwVNUdx88mkEiIhLS1iEQjKK08FCwVkTIoI6UKigKmg52xlE5FrbXajsg4VYFWbFSc\nqkNt05bRFkYgaEs1rWhERsVaIAI+SEDckgAhTx7ZJJvNY/f0bjbZnO953HOy997N+v0v5/zO75zf\n+WTvPc/bQEG70oihFkK5uty+nB/ShPW+WE+HjXkkEo6qK6rOzo6Wpvpq/753tzz/wIJRynZHmPLt\n60yj7dFtLWz1gR/3r7kaqbp+/O2/enH77orK2lPNbZ2d0VjDMUUiVg+w8VDmr+Cs7sJbuEruMow0\nqwaK3clkJY+vjY7dO0jecOgP+kvDcGOayjXGVb5d0ipH/SOYoL9I6U0+Qoa3Ymrg62ahroFSZ9is\nlOBLac14acORb2S+WbjduugMV4WrfNtlVT4WTtifpb2jCbmLS3vZKNRLO6EQ+/NNFb60a7as5ciX\nhr5lFG9U5x7ha3CVb1B05itK2FtMXwwlvnIubZZJrG9DkRofm5cqfGn7CEnLOb60Mc8kXkvp7wgV\nuMq3WfCVzb88+6+7CZnMRezP1Mc6H4sUQGbK8KUbJU3n+dJD2fp4o/qj6N9VvmcFXy8k7CuuYsvN\nX7i0R7WhDjkJBfZiburwDUjaLvClpenagC3dJ/HvKt9Tgq/1CfuK64DlZthpTGu/RBfrb8A+PAFz\nHfB9zc0OsyR5QIt86Qu6eC3dKBvouMq3QfDlAt/6qJ9bucR3NLGOxiD+wGUj33BrP/S4rsOaAy3B\n1tZQKGTNAw2GllNEfxK+9OeagAmZ2CZzr+XbFgwGWwKBpqbTlhos1dVYOmGpqrKy8qjf0ueWKsrL\nyw++IfhCvqFgtxQ9Fwx1dEla2NbtaDuX+n37YN8C47PDuWzkK3nk9kvQYfwcMT03N/fiMWMmTpky\nbfbs2QUFBUu3QuVzRH8yvpG5mkaMqJOU0vOVT2mNhXyv1RfIHjFpyX+hUGzSdQH339k4zM7LXDRe\nyucnka+ocVD5LaKBjC9tm2TrdMinUrxavp2mQcrVb75RDW1mCzXFEn/KNfz3Ng4yq8F0t4838JCv\nvsPS4aldIBpI+dL6C2x8+l6T401JvuQwW+jjWFrafmx4WPLi6tVKsOwaJxgMKF8CK8QSAHK+9OBQ\ntcunFHi95rshIb472ELLehLHcS/nT5RzhnwcQawRLQaWbwNrf5+Yr+BL/63cWfmRCq/XfIuhMlO+\ni3sj7Prf5pvjqbieTOnPVMVxLHb8HNFiYPmeYO0fFvNVfJWzpOtl49Kk8H01Ib7k6mdLNj2xdN6E\nDDYx8xg2PThSXngOmsmWeAeWL8SxUsxX8qXLpf4ul86MksL3n4nxlWsGF/jfpVYZ8POgW2Q2KfT7\nXS3mq/nSxRJ3eY1qe6/5lrjJl7zENf67MqNHwaRZupk4sHzrWftVYr4N387rBOucL8DiyaTyfcNV\nvjnc7uYJyas1DwdXd4oWZKD5wn62ji/3UmqZyBln/AfyX/Xhf4fHfEtd5Utuw2DpE6IJDq72CFPf\nbg0o38ug8kdEAyA0x48h1+JmoQ9HsHsySVL54oakY77cuiPt+gZvcD3mT5A5Md9fkO3uiOpfh/m2\nQRWSBwwQmpoXwDYdzmFt8XFclUsIrnk72F+Qvet5vQclnPMdxQ0V93D5g3Fb8LcKNwPHN33mv7AK\nyboy8J1MruJmP+8xs4p7IKdpNHGRr2RlXNAHUELkO/5UqEMjPBTCL1Pegf5WQebxIYpmecg38unB\nQ4cO+/3+qmPHTtTU1DY2Np5tCrQGg9H9JEkV4uIa8rWeQLdzRTbHXzo3g2nHVdE0rMQBX5sFwrg+\nhBIi32kG9UCBtI8wMwBbQyOx7d9TNctDvv1UZLDoD6CNtRIKuUJre3svBK5iWxV47MwB30sNQset\nIBf4ksu4H8EmNhPPXG1VNit1+DZK/AHffCvBxz3TexZFroSFbPoLWWsc8B1jEPpuKOEGX7Kay57e\nl4WDq5bzlc1KHb47Jf6Ab/eu0ZAKrthDVuIEnC32Ll7Cb9prvnughCt8M45idk18n2FQLWTcrW5W\n6vCdJ/EHfL/WnTSSP9e8glwByyT0zd7NBxyBesx3L5RwhS+5mlvf+V1vxq8huczmHkvK8D0i8wfx\n9ZxjuJKvpARP/R+MDyUx/UvIl/wJ88NjY8nnw8ii63KbZpnyrTUI0QnfwMUyf8C3l9tCm1VLSuvO\ni5fGl3LifOvVF6T65MLzOSIUym5AC38seRckPmXXLFO+fzUI0QHfnfKD60Ay/vZZqfJiKcis8+By\niBnf1tP1fv++sl2lbxUXv1i0rrDw4RX3TzUJ3YXxs8iX3MiZPB1NvAWSqrPsmuXh+qSxmjfPUPhj\n+TLHuV5Ruur6DlP6LGRpz9fl5eaKJsbSrW/IBUuuEr4El/hoxJrYpzdBkv1xw4HmW7ftwemKy4ME\n+bb1JWfuV3iLLGJL41Fxj9efE1uf1PI9D18y9PRwbu9QvjUcl4d8w4WW1hYVrd/OjfN7VFOyer7m\nzcbybWKjPin1SO+H0vjy8pjvTqjMNb7CC3TvNHhptdidNRSKe7V/dMnjcBA0qmbVM5kVGwpcGfhm\nC+8vqmewNJ6DTsn9QT1f7sHP615NBcnaH8z5Mz/qbVuo98eWOQk5MyUr2PwqHd5q95jv6875hqUm\n+e02ePfrrmMlb/93KjfWp/Rl1aZHXCzfSsxaLMT6If8ex+NJHvPd6BVf8qAab3iyroIk7u8Pw0eY\npYqxGn8s38+5vFW8M+G/BQ98eMz3Wc/4pn2i5LtWXoJRUs9vPMQ/o0M/sPfH2n/GZ64DV9VfEUrj\nsM5jvo94xpdMUl3OO6m/DZ3c8zk3COdXX7J9RrN89/OZaeyR4zOSBRI8bucxX+zIhPgqL2w9reBr\n8D2SJJ+/urCSb+NR/pgcK5bvbiF3cN8maOgKSWm43OM133nO+XaorM45LsW7zaACcX0yev21NnrZ\ndV9ZWdkHpZZeKS4u3lBk6UlrQrtqhaVllu4oELct9B2WJbyE25eoW8fy3SVxVtbrY7qYSQh+rMTV\n+91Vgq8ZkJ8Q31al2bWyNgRNPkbi4P5+z4adssMUP4g1wvbABuUzmjWVXWTPiQHuEM9CR4XjElf5\nirHlY77urFWPoC/EjwLExZ93j0p/0Z044ysemDJ64C0QuvWIahzNhv+mzCA7euypU3H+DVcx3f1+\nneDLZ3M1xlAVil6wNPyUYH3A6EskTvjOtO8w5QttvHCNJCS5+xsVy/d1qUXWDtp2g6Ie3JL1mC9e\n9UxI0gtEPVrIG9vdCmbkhO8iwZvhgCX3gOCrKENmyPJVLKSnL1d+9AyPNHrNd0niznp0q7LDCH//\nlNLn7Iz75ISveOzHdEA6aKPgrPwiiR3Ld7NZQIzehwq85ju4Rl/KVgHJAdI+fRVX02vPNesDJ3zF\nb2+ZTzgeEObsrTeJVizfv5kFxAi3dLzmS66xPVeil+ZDOXPB/QLDPnDC93n7DrOfUM4SP7X6nDBi\nYENabxhRn3Aq5jlf8lji7qw5wE904SxjfhIlpn3ghO8mwVt/FgzyxUn7x/w5XpYv/+UuvfDKpvd8\nyVZ9OYXqC6Xnz1Df3t67lRSUvcykcsL3bfsO0y0IDX2Xd1h1DWfC8jUcUDDCL+kkgW+WOG5UK9zZ\n0d58pvqzHeuWL7owVv7/wBJZfAplbmRzdHJlYW0KZW5kb2JqCjQgMCBvYmoKPDwvRmlsdGVyIC9G\nbGF0ZURlY29kZQovTGVuZ3RoIDEzOTc+PiBzdHJlYW0KeJy1V9uOGzcMffdXzHOBaiWKugFFAW/X\nm+cUBtr3XgIUSIum/w+U1GUkasaeLLzJwo5Nk4eHV2kU2JT/LZr+vlfD14hGJZNSXH77fPr3ZECr\naK2FuAwfAUjLe+8WC0Er8MktX/44/fLd8jfZWGXAo4OQ0fu3fSxyYxb++/nDUj58+XR6+qCXT/+d\n2D4YstTo2cGfJxV9WPob2UwSMiZ+Li6o02KrFRIGyyCZVRYXa/VGi2WjVpZ5TzJgZiwKupiSUlih\nSAWNbiqzQkPeSiZcSChxmeKIKxVyXLuSGZeCH3FZReIKhZavSQIw4vakSlcA0hV937iSAmHRPI0Y\niGZB8L0qFrMMAg71dMZutFg2amUZJpK5kTSrjQ5ZBbllR+yBY0XeSiZcDEHiZooDrlTIce1KZlw0\nMkGkInGFQsvXJNFuxO1Jla60k67o+8aVFAiL5mnE8Ei5M26tigFbZNgrBTTMRRaGacQiS13mjcmy\nSRQIPsUxEB+SaDPMOqYrZSShxByyEq5KmYJQYvJFac1b5i6UYlExvqdpiyIljc4UBdopimw1RSGU\nVjZTFEJp9T9FgXIwsoqIYosiJEzHxbhsCcq4WIc0h0JnSdpSlkjSjilnSQ+195GAknbMu9it0fee\nFAmRdpX3JiGj4IanVfKRjkz0USXObT6PnVYaLB3K7FxFxORoUi0dtC7RdqQTs56PT7/q5eWfjPDm\nQ1c5DUt/45NUSvox/Hw9Pb3SwvbLlQIoHGnmTVA+Bma2XD+fftDaOq1d+HG5/nUyTlmXLP2ql+vv\nC/3oUGt8pdeZXpG+J01vZBSKzLmiUwGiURANDPakb17ZJv9+uRZaZqZFQSvUHgZedEchWHJzof9f\nhPntqBBaVPsEEeje4/zEkCOCuCoBqpj0qJTD90U582FEWw3T8Nv5K8MNljrEjoQNQRk2J2hDcOal\nfg7ldQTpkVgLwFBBiY+h4MylfuaSnBuYzvbUR+UDtc9+hmlETAWemOyoRr2vSscUTqrU8ds+BMoO\nN2I87kNbkw9j8t/WPESCVsQDwwC18i5WeXPsth2zEvS9g/Lvtti7cycQvaIKetvbsBqxE3bIxlOD\ne2pwbl4rGjwbmsGgKFtygHlubod4lDvQ8NAiiQPDVOOPQ55qbkZwMMrIGWbwn8b2sZH2kBXzm7Mb\n7w8R32JxpyEpnmkj3IwHhjL5Qit7DzIefG5lq8272S73E89MY8s8PJftq3wwoprnUvZWejktByuV\nBnPw8CKXHCO0Nsba7njQK/zwZGIDPPe4c8zmmE63xkqnuyZELldJhDcKIfkYZQO0VJ9LWUydpJxu\nOObusDUG1Pq3OTd9HDnFrsXWzqDwFbGt6PkQ8H3x572d6oFwUDR69lxLdrymUd9Y6XtzQQltpYs1\n5EsNz964F5SwQ1IOLNq4mcbRWPR/raJXxlBDS8N3HiL07lsOEV0ruwd7ydpJaTtdL3xdT9APgzXW\nmgw63Z08DAZeeRYOjjkK1q0Ff/P4USDd2pVAwpwqLFxp+Qd3h6eYVedUSOIMeodZdTZ8q1nlRKzo\nj82qWzvjeFZdxK+fVW9gCB/vh7gLYFup73T71tDCo64Zofs2w2ikt3GB4B/kkhE6l1RnF4gWbLu7\nLT3u7nbXO+KI/LAK5i7HugTuj+v2YQD0g9FnhB59qFGZ453H7bPep4m7OKiP9kxugNU6X7DCkOTL\nfetcMv8ew5lLcyeKPW71ccuXF6+4fCcVZXvbJstFWFlwE3Ap+V5qSx7RzI+zFsuFVc+72V4KAhyX\nL2gru57ORI+bE6tcwo7rOcCVQQlwsGS5jt3q0Tp2pPyAsXIQxxBGhQnmy8YjxxAXr7t+7+J9pL//\nAeAiRTUKZW5kc3RyZWFtCmVuZG9iago1IDAgb2JqCjw8L1R5cGUgL0NhdGFsb2cKL1BhZ2VzIDYg\nMCBSPj4KZW5kb2JqCjYgMCBvYmoKPDwvVHlwZSAvUGFnZXMKL0NvdW50IDEKL0tpZHMgWzcgMCBS\nXT4+CmVuZG9iago3IDAgb2JqCjw8L1R5cGUgL1BhZ2UKL1Jlc291cmNlcyA8PC9Qcm9jU2V0cyBb\nL1BERiAvVGV4dCAvSW1hZ2VCIC9JbWFnZUMgL0ltYWdlSV0KL0V4dEdTdGF0ZSA8PC9HMCA4IDAg\nUj4+Ci9YT2JqZWN0IDw8L1gwIDIgMCBSPj4KL0ZvbnQgPDwvRjAgOSAwIFIKL0YxIDE0IDAgUj4+\nPj4KL01lZGlhQm94IFswIDAgNTk0Ljk1OTk2IDg0MS45MTk5OF0KL0NvbnRlbnRzIDQgMCBSCi9Q\nYXJlbnQgNiAwIFI+PgplbmRvYmoKOCAwIG9iago8PC9jYSAxCi9CTSAvTm9ybWFsPj4KZW5kb2Jq\nCjkgMCBvYmoKPDwvVHlwZSAvRm9udAovU3VidHlwZSAvVHlwZTAKL0Jhc2VGb250IC9Sb2JvdG8t\nUmVndWxhcgovRW5jb2RpbmcgL0lkZW50aXR5LUgKL0Rlc2NlbmRhbnRGb250cyBbMTAgMCBSXQov\nVG9Vbmljb2RlIDEzIDAgUj4+CmVuZG9iagoxMCAwIG9iago8PC9UeXBlIC9Gb250Ci9Gb250RGVz\nY3JpcHRvciAxMSAwIFIKL0Jhc2VGb250IC9Sb2JvdG8tUmVndWxhcgovU3VidHlwZSAvQ0lERm9u\ndFR5cGUyCi9DSURUb0dJRE1hcCAvSWRlbnRpdHkKL0NJRFN5c3RlbUluZm8gPDwvUmVnaXN0cnkg\nKEFkb2JlKQovT3JkZXJpbmcgKElkZW50aXR5KQovU3VwcGxlbWVudCAwPj4KL1cgWzAgWzQ0My4z\nNTkzOF0gNSBbMjQ4LjA0Njg4XSAxOSBbMjYzLjY3MTg4XSAyMCAzMCA1NjIuMDExNzIgMzEgWzI0\nMi4xODc1XSAzNyBbODk3Ljk0OTIyIDY1Mi4zNDM3NSAwIDY1MC44Nzg5MSA2NTYuMjUgNTY4LjM1\nOTM4IDU1Mi43MzQzOCAwIDcxMy4zNzg5MSAyNzEuOTcyNjYgMCAwIDUzOC41NzQyMiA4NzMuMDQ2\nODggNzEzLjM3ODkxIDY4Ny45ODgyOCA2MzAuODU5MzggMCA2MTYuMjEwOTQgNTkzLjc1IDU5Ni42\nNzk2OV0gNjIgWzYwMC41ODU5NF0gNzAgWzU0My45NDUzMSA1NjEuNTIzNDQgNTIzLjQzNzUgNTYz\nLjk2NDg0IDUzMC4yNzM0NCAzNDcuNjU2MjUgNTYxLjUyMzQ0IDU1MC43ODEyNSAyNDMuMTY0MDYg\nMjM5LjI1NzgxIDUwNi44MzU5NCAyNDMuMTY0MDYgODc2Ljk1MzEzIDU1Mi4yNDYwOSA1NzAuMzEy\nNSA1NjEuNTIzNDQgMCAzMzguODY3MTkgNTE2LjExMzI4IDMyNy4xNDg0NCA1NTEuMjY5NTMgNDg0\nLjM3NSAwIDAgNDczLjE0NDUzXSAxODMxIFs1NTQuMTk5MjJdXQovRFcgMD4+CmVuZG9iagoxMSAw\nIG9iago8PC9UeXBlIC9Gb250RGVzY3JpcHRvcgovRm9udE5hbWUgL1JvYm90by1SZWd1bGFyCi9G\nbGFncyA0Ci9Bc2NlbnQgOTI3LjczNDM4Ci9EZXNjZW50IC0yNDQuMTQwNjMKL1N0ZW1WIDUzLjIy\nMjY1NgovQ2FwSGVpZ2h0IDcxMC45Mzc1Ci9JdGFsaWNBbmdsZSAwCi9Gb250QkJveCBbLTg5MS4x\nMTMyOCAtMjcwLjk5NjA5IDIwNDQuOTIxOSAxMDU2LjE1MjM0XQovRm9udEZpbGUyIDEyIDAgUj4+\nCmVuZG9iagoxMiAwIG9iago8PC9GaWx0ZXIgL0ZsYXRlRGVjb2RlCi9MZW5ndGggMTUxNjQKL0xl\nbmd0aDEgMzgwMDQ+PiBzdHJlYW0KeJztfXd8FdX275o9e845MyeUBBIQ5ZQEQiDUhAQIEFB6D1V6\niCT0DlKVLjUU6dLBAqFIUZFmoUgTRWwg6gVJAIVQpUly5rzvnpmDkXvR+97v/fM+L9z7zZrZs2eX\ntdf6rrXnzDmSREQOmkgy0aCUgWmJBfqNInp9LRH7emDK6CEF6kmxqPEr4BkwuGcK7T/5LVHLJKKq\nE/sMHDGawpZMIZIcOB/bp09aSuGM4lVQ9zBQCqepbIP9Ao7TgfjeA8b0unJFvUE0+Suigqd6DkwZ\n0m96vUlEcVOJip8kMRYW0c7+zaPVyYVq3aNn0Kxo7Oa9gkJ+1+Ktag/P+74r3NUxHKcqMeMOEn/t\nA/QgouDCD8/n3C/cxSp//K+AS5QUcNMFCqMksj9x3UZMTqfUwKmU+ydYYVrH5tNMfp1G8Qk0SPmJ\n+vJHlCb1oj7sI5rGjlMZeRg9x2dRS2khlWTxFMmeo/lyCyqC+sOBzUB3IBmIA5YDrwEtgSFAqnSL\nXpN2UFkeTI15Ki3jlWi6fIya2SvRS0p1KslzKUOJo9FKXcrg6cAAnA+nscoHlMEq0Ie8H8UpCspb\nUYZN1EW5MolGKUGGHMRv4Nqn1JofoRilMqUrxamk/RmqrXBK4F9SIf45vcjctFBuQmUhNbkj1ZVX\nEmdjqAbvTAP5eErnlakbn4I5JFI3doxqoyyF96E50h2aK131f8wLGscr7Zxm8/40h8+nrsZ96ZTM\nduHcC7maVN6XZsoXyGuTKVp+SOXk4xQG2Yl9QHWlu7QdsqgylKbgeDZPga43UBfMpy+vSoWkbFrE\nf6UucidKszWhrvIijPkApfFBNMHWFOWbaR7z0RTeiFLYTXoBqMMm0zg+k1bIV6k+K0aLsKYjUD5O\nfgv4lHpjPdvb4ijJVoOGyCeovn2s/zZvQJ2E/vhe2sAPUrrtILXiO2g8X0CN0FZXvpIW82OUrKwg\nl5RDK/kIWgHdR7ByFKHMpvWos8C+jvra61MK+lvHT5NHOUYlFZneFDpRkuklrEkK1rSbspFG83OQ\n0ynKFmTUaWPoeSb1gO4aorw7P0Ht+Sb/HbbXn6lsxrrbKNT2Hs1hb0NXYt0Lmsd8MEXam9BW5Y7/\njjKBevGF1NV2AnbTEe2fhR2Jvl8xbKEF1iMN82ko76MwsS4Kg+1upOKGjczHuv1OM5XW6KsGzYXN\nFMI9YcJOuEY9lTLUGhjJp8I26qOt1wz7rstl2HAxc92ZSntlJ+1lGWgfPqS2pAzHe5RhvwO9wXZR\nxy3a4Rupn2Mv7LQJxvUFbMxG7cWx8j7qvYixx1Jvnol+n6VO8gDM902aA38rwbj/fXs0JdvLol51\nfyfhH7DRtnwxucUcML/O8iPqhHWpI5+Crb9Ablss+iwOXxU+lIi6xymO7UXZTty7D+2Uo0i5MM57\noY1ngM7wz11Yq12Y20TDB+rzWhTF92CcAonUjFeHPuZDtqaeQJqyHXqtAPtbgbofwUeEn5wCD3Ql\nl1KUXPCZGcJvBAzdNKSZbBulsZ8pSB5Nbracvuc/mn4UAM/w3+WbcQ/0avuQXrEthk3Dv+BXLgN3\nDTnHQE0DLvjOUAPwO/i16zE2Yp1XUyPYi6oUwpr+Qv14Y/jkL1RK8cMn4Y+8PBXkPaC748BU6sh7\nA5WpnsEBljT8owKl8ofUTW4F2yoIDp0KHUGPgTr2+VifnpTs6AHdroTv1yfVVhF4x1iPlfw+rQTP\nVECf7cBFLiUU42tGvQSk49BFWeoFRLF+FCX3gz2/DFmZqkhNKZj1pWBpNyUZcFN5AaZDnzolys9T\nnJxIlWUXeWUvcJg2yXNpLt1HueCIRGoKnk4wzmOpmTgWZdL71M5AoL3qlPQY5VC3P00WfMfepTEs\nmmLkIzSO5VKy9K4/nr1GSeDNBGkkxu/EGKIw1sbUGHYQ9W+4jTHso3molySXpER2C+33hy0K9LbQ\nmSaIcclrgY3UVG5NTaR+4LSKqJsHcj2gGjCHEolyNxD5BkFOA2YBvYlysiFno7wp5HOQ3SB/AiLN\ner4hkA+AMma9XMRqX0cgGqhE5K+Bsu+Ai8BV4B7KCxPpkyFnWmXXLIl6vvdw7QxkdbM/0ZevFlAX\nx8gdfEMhEWtzRbszLKRbaAb0McdsjPtFYDSOG0GWhkSW4muL4zTgltmGLwxohWsYg98NYNy5HVBW\nG7Ic5ECrvpgD2vQpVrvlgV5AOHDIjPy5L+P6dFN3ot3cE8B1oIroV5pPTXD8A9DA6re+hfdM5Cb9\nWWbUO2u1J9r5BTgNHLaOa5nj9iFvyUU+lOvj4yhDPgPfBX/J71OsdAy2DSD+7eSHaJXBP6YP1mcE\nGy5Iu3kQDRNxjQ+nncpbiDPDENPqgP8WgDvFfeB4ZR+1UGZSZ6UNDePT4LMfISbJVAkxJsXgrdLg\nccQsPg/2vIwOiTgiZ8PfPgOfi/KW4LQZqFsefN2d5oODOyrLqYdtKeKDiD8TwPnrwen1/OeULynV\n1piaKfHwZ8ER4CmLm7uJvIU/h1j5G7g1mpraHFRCGUDVlNKYM9qQ3zBQFm3MQSwIM+KjyHsgbUTR\nShqNcyygGMfbtNM2hRIRI7YrTnrTxinWXo+eRYwydKVsosqKg1rYKoBXztE2ZSwttU+n7fZPabst\nhIJt11BHoTfR3iJ7GfoQMaEzHwieX0ir5a4Y37dU0eYFDxYG762G3tsCa6m8cpNW81U4Rpn8A0WJ\nufKPcd6Z+tjG0CrbGujqAbls8ajXEWgJXcyATIWu+/iv4Ly3DfmiLQv3zPT7RDt2lVbaytMk/qL/\nR3t52q38gfzwG8SYRlTIHkQnkBN8ZPuaFioXaamq0If20+DNUvD3H6m5WGvEsq7QQRjnVMk4n0ld\n7BLaLEXjA20rMYjVjTFWnUZYNg+f98EnfG/hGPn9oxJAtE2FvVzH2DAW5Vms1SzweSqtl1/HvH7E\nNRvymvX0rC0Fa7Mc57tplaLRW4hLK2zp1ECZSnUQQzL4D5jXKSOGL3BUgc7v0gLobij0Ogi6TuDl\nqJy9AlVVuiHW7qelfAn1UYZA9qepkDNtlakO/9j/s9F2Z1qh6FSZ34T+30OfsEesYQbPRh8i302k\n1UaOtJH6iFwCY6oBjk9QKqKfulQO6/Ei4mVn2yWsxYsUr5SnKrwpYr+DxtgPUgPbSKpjz6FNtvU0\nH3VHchf1Ut5FLPTCb9JoiY2h79+pvH0SxdgKUrT9BfTppHTYU2fbTei8FMYE+3BkUmV7FJV3+Gin\nvTT08gDl5yD3Y++wm+bARhn2DZK2hGIdnxj2lQQ9xSrX0P5PBC7KeQcAx+aAO3MFr7bAMbgupz3W\nqQfO+0OOAfqi7DgAl8j5EOv2AH6l2hIAzIffhi20ga/Nwjr+ALsrDAk7lm7TbPkchfMmyJ9WYdw3\nTDvma0w+wXp3M5COHLIZNUPM7MzfsNAS9fpTvICwe+6DXQi91kdeBilyB8yvIvL4rsizOxq55ddU\nS+6O+zA2ox+0oUgUK/yIh8B+DiLvPwqOmQKZhZjZ20CCfJ8SeW3E/000SW6IGHoO5eFYkxqoW9+E\n7Ed87QnswfFpYA7qXUGd2bi/K8q70kvyVvBDTRyPwvVRkI0t2Kg2kCAPpURpF42Wa+K+cDPnQP+J\n7EO0VdMC7mUijotrG2BTop4L51tw/zIcd6Xy2Isk8hpodxpiP9oTOYtRX9QTddpBjsa4RZ1N1Bz5\n3EylIGn8D+Rlz1KYfTXW6wGF8vP+P+QY/zV2A7l2DJVhfv956LOmsYeCPngU7G8dciLk+ewz6K8A\n0Br3fg2I3PRD7K+wL1PGIP+qYeSAo+21Uf62mTciN2xq5ILVqaDYfxl7L+y7sK8ZCP5INvYcjWEL\nSYgHWFfkws1YXZrLE6i+HE/B/DvYMfwLek1AbpMo9wGGGvpMYK2Awci3xDnmznpSpPTQkPXFMXJa\nhnyul5RJQ9kB6DvCBPbcUfJqyO9M3fMXcb+dajENOZLQ+3ZgJ/rfiutppk7Z5yiLM3QbZdjHRnoJ\nvuEBENd9TsjvrXxE5BifAHOAesBCXG8OnwH35TSzYnwbyAsWFgBvAi8ARSwUt2L2exb2AVutPEb4\nombx6SngdWA/ymQzn/ANt/KspdZ975qx31fQykFGW+WZ1nGilTPstNpDPuWrYLWP8eZUQmx7G/uG\nyewMaewLUti3FMrWUxDW/VeWRR2M9Y+meXw2vaScQC7xERVD3B4D3+umPI/4OJqKSfepu/Qh4nxB\n6o5cOkGeQoPkEtQdeWx3WaJByEWHIGceIo7lySawF08zgHt5USJHWaKAZHsAaEHqirIJOK6M4/Vk\nPmA5HXii4nvV0tvXYh1YVdgEgHi7UalL62x1kAtrtFl+hwpIy7FnXk6VpWVUCrIV5tiX/QSbOEil\nsLdP4v2oIXKKF9l72Bc1pw2Sn9LBVYuUztjbT6A29k1UX62BPCkMudMpasHu4x4cyxHYn/emAUBn\n8HIj2E+cvJtCbIoJ7C/6KF2ojdwLdd9Ef5NoK5tMXeTZsLGrtBn230YA/JeE3Guecc8PRt0aSgdK\nEufYe26U3wLvxKPPT2DPaeCYcZCVgFlUUxwLsJvUGmswGjIe6Ap0AGoCLYGmsthvPDQB3m4HJMkp\nNFbcJ55dPH628b9zf1eL/3o/3psYvir4D3oe/ZgDR5n7F+F/sKVUK/8aLZ7DiL2orQP20a/TBsdI\nxPdrOI4Gx0zA/u4Vc9+tNUfcvUxe5F1u7PPHQKdu8H+CaAMc7eYXsZcW+/MIiuYjyGtriX4aI4dp\nhfqTaCTsHH756DNT5nZVLlNf5Ufqa7ch/v9K45Sr1Nc2Crz7JfVxJNB6W1P03QD5wG2MRwOvvAJI\nWMvi2JNOQp6K/FQ8Q8P5Mj6UXrAVp17279HeSupoL4n9dC6lI3an28OAs9TP9gvku9TPPhB17lBL\n2484r06dbJHUznaG0mynkEf0gw09AKdWog95VfrQVgN5GaCUoJKQJdVEKumsh+PKKHNQAsoSUJbA\nu+C8GvTZGPWL0Yfwp7nyrzQXupqrfIXji8g7zlEp++dUSv0Ix1dR5kOs/p0q2bOokvQduLwOOPoV\n6mpXaA7ywzHwn63ITcYqVaw4XgXtX6PqotwRR2OxZm3hL/2UedDRNvgOfA55fR3oricr4N/GJyNW\ni2eOwVQbdjoVukpCblRe/pS2ygdgZ99TNWAwcopqwGB5JMpHUjc2Ff4xldrJIbAtAOuXBF3H8824\nX2CLhTXg7C+QM5yg5zCmKONZZGf4YYb/npEr7qE5SnPIIZibeL5UgjohdxplPMdMwLo9oCLIcb32\nXKpl+4CiEbtqG/ukwbjvDWqDPK8b+KGM8bzxWeopfQ3bbo9+xPPOzwn7wFzkSLk/goMKWBxf1ooR\nYj+7yuLXwxa/H7YA/s49CVwCPgXeB9oBTS1+xl4094BVbyUg8ujAnnue1Y/YVxeUY6EfgA23MBHI\nga6eM8HHAMNMifwgSc40ofyEuR2EtCB9hDqpOI7Ffkm09yWwCnU/o6bKM8jXkihVPCOQm6JMQBwL\nbMd6baPmzAueCP9TPl6fujQNqCi46jFSwQ3HwFfb0EcVcNY06zmLJQX/yfWoudyItvKRaOtb6uY8\nS+8FF6b3WDXUETy3mNrxKuCnGdY9P6EvrK+RcwSk9RySzad3jX2neBadTF7+KjXhc6iNA3Zt+5i6\niD0b9iUl7AP8m23HqIStBW1S+sEvG9Jo21XsDW/j/CalG8/KM7C/EvulXvBZlNueQ3ln2MMSCgeP\n1MN+rZa9NfLuS1TRXgf7xPPI2ZdThj0a+4jAflXIXOqqtqNR9u2QN6gT+Aj59x/rLDlG3kXY6+d+\nYMV8RMPct608Q8T920BVyx7eFjGI7adGYp8q9paYdxvMO0VNoST7YWqvXMceLZYa277CuFZRRcVH\nMdgXRxnPAbIp3uamHUph8Kw4R/5t208FkfspylCaAV0tsN+gHbZMmqd2xHjfs8aPeciH4AvR1B1j\nWMxaYgwBNEccEbK9dS7kL4h5T2IPfPwJyDP/HYiVwsZby7BTuQ7ayjUhzUJsscARiwTAGW1YHDDb\nsC2xX88Qc8CeOUZ5G3uF55GHdqQePIjiELfjwOlx2DfFGfty5K+OFlTS9pAGOraCX+tCdvDftmXT\nQHt9lFfKI1ubErHY5MWWyJMHI2cWzyvc4A5xPgnQKYP1B7+9QWHieSziSRhiYRi4d5RS9E8bUDqi\n7q9UFFwcpUxE3CsAOQd72Bk0iF+hZHDTQGURxl6Uisg1qAhiUGkDiEMi3xaft9i2w7YnI3Ysos5K\niNFeWEAi586QV2KNVeTlu7FvbQMurA28R12QdzeR1yGn24j8vSi97ahEs5XF2MeNxjza0ix5AvTW\nA/w6hcYi1nYD/27FtXR+CTm/gA35UAuqIp2leaiTgX1cOvKADPYBfKMjLUfe30vkVtIgassOQZY3\noYww9opRBk9jD6u8hXFuBsSznAycX8K1mdRc4VTcyD2LYu/XhRrDljvyeOAhdUC/UUo27rkH3UVC\ntsCcfZB/QA6Fzq9TMWUqzhdQcdsY5AfiGc4w6H4w7lP8fmHztlD4BVEt6DoR+Uc69pS1lSBqJmKE\n+PxL3YhcMIFCle5Yv4s0UK6FsZVC+22pivFZ1UHobRf2o2UphjXDfr8Z6u8wIX8MXTzCvl+lCvZe\niKvdqKcA4nxXAd4efPgRbQbnpcuDgAfwy21AW/LAbz2suf+I+ExLPEu3M5ppPK//kBT5D6zhCaxl\nLuLXezg+6L+rTPDf5bv8/5L7Y943saZir3QOe6fhyMOxFzKezd2kEfDPD8CJgxmHnn/H+AeTBzl9\nbdu3JhBDa9tWULL5fFb8y7lt5dmIdTkLTPgin34NuXtV6oL8oCt4JQ02msa30vNWXinyy9a8MNau\nMPywML3AC9EwyElAFaCVhTeAnsjjGvNoKsjbgXdDcb0PFYU/v8zLUFnugd01pVl8P2y+G/SyH+1l\nIodk0PsHOG8PeYrKS78h/8jC+RbEsJOQ4r6qVAU2XxCxa7bRprgXEnyTyE/hvltUV+lNPZRilAId\njUSuWQZ5UYr9BYqyJ8E/RqD/L3FvZxyXpoo2J2yrLsaajbKWsKED0LeHIpSyOO8HfbbGuLagbklS\nldsoawW8AhsbBTkd3BVCTltjtDEGPqMB1ZCfHcKYkjH3jZj7S+gf7QCzlcPEEOO6G/2JcYu5ZFE9\nRzjaGkmN4ENR4ITov83hl9I8+Oca+bJh2y5+GLl4c9ppPG8qivhWG7IQLcTeX4xTPMedDfspKum4\n522aDM7v+QR6W/vb3hZE2TFgEnQ5WL7r74b2+sr3qK+4LvQur6XJ8hqzLWvv8R/Hqkym8co2YCHG\ndwEyk8ZjT78WXDcFXF4I65UIzknjFTGvt2mqtID62N6CXvbSZOOzaoFhNEJ5nUY5tlGGlOvfhT1F\nTevz83BgpIV4YLz1ebr47Pwus/nfx5xXsiPgoH3kFp8Lis+jsL+aLT6bNZ5F5Pj/EMfSLnpNXLee\nR7gFDL3B9oH6gA1YBJQCVgMjrfK1wOvAaCASWAYsBqZZdecBI4DBwASrDXF/Q6ADIPp4C3jfuq8m\nsBloDTQGVlrnNeVJ0PskWo/jDZADgDlW/cZW/dFW2wIbrDbXWmN635pDoJ9AneQ8fQbqRlrj7Rro\nU/Rl9f2+de88a36irRjr/lLWXCZY93ewxlbT0lFknjmIeb0lzq17R1rlq63zwPhW59HjNEuXK63y\n163xrrXqxFjli636Da0+Rbuzrb7FPAYEdGqNU+iga55xrrbGHajzltXnYmv+GwJtWcdCP+vBn9gn\nPLoCORioASD/z7kMRJrXcrYAe4A3gN7mZ0XiGXvOIMQw8ZxH5JKL0UYa8A1QiOjheeQ25rO+WHD+\nQsT8dGANeHMuylbiOBHl4rPkIdRZHoO8YA7yv2mY0y3EurdxPBsxZwcp/HvqA26VxPNgxKAA51YW\nvGt9Bij2RC8Dwq8H5MHLluyQR75svAMTT5GIraUFwDGSiMlsNeKZ2Fc/DeKZQbr1vooFVsF/HvF6\nB+RV4LvH76k8CfGOSh4Y+wLxHsrTUNn4LP4vgM8fhs8vgTwF7H38TsqTQOzOC+N9FMDYS6Dtf5PW\nZ1lPlXUxp2ewLuY7Bt3+SVrvQqQ8VYr8WLwrUMG/C/NYAfkF5E7IbMjT0Gcx6Y7/EeQm21L6UP6J\n5or3gQTPBd4NQSxbL91BrGgFbr0Df4XEvmylIb+klUYf0M+Tkvf37/vLniiPFPt4470eU7a1ZKqx\n70ae/o/SsCHkrXnlEcResd4in/ovpZFXyxQtbMR4d8F6n+kv+0xLind7xLs8xhzEezwT/R8ZELkK\nYudTgfgq4nBeSL/59yNvmQt5FNgp/MvwtSchcqG8ELnSE23/BRP/2k8AIjf6C7KMMSwENgHHMRYF\nmC7yKSOv+oCmiBwrAGN8ATw5RpGjBSByr7wQugngyblYMPI+MS8BkQ9aMHzmlj/d9ox/OXvdv1ZZ\n7H+kxPhHKr38uWyZf0Xg3TbDF7BGgffZhN0++R6b8cwQayveWRPcYayzyJfF59czaYHx/KA7zTfe\nxRL2Kd75wr5L8CX6yjKuiXJI8bm10edw5FCwR9Gn0aZ4j66U8dlwhvj8+PH4RL10Yzw7/zIu8Vlz\nkPlunvHelHifTvCR8G/xmVfgHTjwgvWeWzlxLbCXNd6dAzcZ78+1pVWiTsCen5QB+zbeOxTvI3po\nnfBx8axcjEnsOwIcFRhrYBzGZ//LkSsbnxP7cxydsK9tCh/AXkt8Nvj483mhU5kqCX2Iz9PFZ+DG\nejzBgQE/esxh4vPX6lgHIHDf47bFOMQYAjLAI4HPrsX7CoHjNORNLZHnQvcGBz8px9JS47P2a1gH\n8Rn7FPHu11N42pD+439//Z/lP/O4/wZP9O9+2nWhPyMPrUBvYb2nPY1PIRvy+f6DT71uvc/3j/JJ\nngy8y/cPMi9//kWuM7naeN/B0r/wB2HDgc/pRXzCXv1bAVyT5a5+H/Tn5FH+bwI2JXzDsH/hrwMo\nRHzm82/vxS7EnnIDTYVMhZxufE61lNYJ/3bsASfUoAzEt5WaG/a+Buft0a+1TvDfTPjSscf6+i/j\nh/H+3lPs+3EMtuLok2uiOSlDrU4ZjnGP32lMeRxDzbYS8tiReHe27J924XdKOfqtQBy32ozNE187\nsF3+dCuuDrTGG/14/FZe8KSd/o19me0G1hX+Jt53Md5nAe/xDf7q4v0dwQOCjwyfFO+/rqTFgh8M\n3hPvEmMejzlJcKPgtydk3lzI8NF/kP9triTeHzKeMz2RGz1VBtbtCWnlQdN4K//HyJ22mef+TZY8\nEeDTx7z6lPzosfwHnRvxS+jFkk/kTlMs2dKU/g3/oxwqj/yvcynrGeVfnlXmiT0B333swwEbekqe\nZeSrq/33jXe8RT1hnyJW/w3+3DvoHwB3lOr+UMAODAFSrfdr/x23/CFAqBLu2w3cU8L14oBmvLf2\nN0BO4gEibM18R2zNdBmIBIoDk4CXRT4BbELucB+4juOWQAkgAtCQz0QCZdkh30l2SFeB8oALmA6M\n+497DWELi/0TgSnKUT0S6AlMA0Yb+cnfQInR/coSPRiIBKaIHObvgBxrMvCaskyPAtKAGcBYIBM4\n81j3AT1aesHcqhu5VGDMVv+Bdv/H6/g/XJf/a/P+27H7zweO/+M4b+nbgfu2Z/SPMVZu5K3L/DnA\nT8D3wG1AB74T/C72bIj/ZY3vajy5toE2A+ciXoo8N0ZfDlxQhvjb/8d5Lva7gFTM1QP0Eu92ir26\nfT41U84aWGfs3d8znwvycP8axePfx0r7P+VH/Od5b3977vM/MK61tvYYIm839hW0TOwhxHPax/sF\n8fxW7AGsZ73GngfHxv5km/nMVtwnygN7EPF89XH726w+sq12s6x2T0F2s55hivbRtvHcNMsqQx/G\n89Rssz3xzFe0r+ymZeIZh9EG+hZ7kACMe54SF8V4jHHgPuOZ43+D15Hr/xMCzzH/N4C4P4emGQ/n\nOSCL70yZx2p5nEnGuUyacc5VB5HUXHzViZqL70mRSgVoPK2lLbSVPqEjdIou003SpUJSsFRaKiNV\nltpKyVJvaby0WFojHZEyJT8rxkqzWDaCgd/YSraP7ZdHyRPkWXK6vEBeJ2+X98jfyr/w0rwSb8Bb\n8Zf4YD6Gz+ZreAbfwffyL/kZ/hu/p0hKYaWkUqnExyXvuSRXGVclV21XHdcE12uu5a41rtsuvzvU\nXdLdwN3C/aK7k7uLu5v7Vff77v3uw+6T7m/cP7rPu7PdN9133blu3aN6inpCPWU8tTwNPU083T3J\nnqGeuZ6Vns2ejz0/eX713PJKXtlr86reIt5i3ghvpDfaW9Eb463pbeGdGc7CbeGFwkPCS4S7wqPD\nG4f3CE8rFVH6RJmb0a2ik8tPqPjCO6veWbNh7oZ5G7Zu2LHBn1Fxc/LmtBvs/qEcm15B9/t9fr+h\nf1ObHmhzHbT5Ln1KR+krukK3yC8VlkKkSClKqiK1k3pIfaQJ0hJprXRUymLEirNIVhXaHMneYKvY\nfvaRPFaeCm3OlRfKb8o75L3yd/ItHskr84Y8iffkQzh2nnwt38R38n38FD/Lr/L7ClOCFVeJ7SWp\nZK6LuaJclV2Jrrquia5prhWuta47bnIXd3vcjd1JljaT3RPdu9wfuY+4v3B/7/7ZfcF93X3Hfd/t\n85BHgzbDPJU8tT2NPE2hzSGeEZ75nrWeLZ4fDW2Kr0QohjbDvC5vaW+5x9psZWkzOI82Uw1tXo5u\nGd25fI8KF96pC20StDl/w/YND6DNyptTb0jQJukeaDMX2oSB+h/5H/gvOSL9hxwl/AeJHAUAWK8D\nlu1g4uuGMOKHwCN/MdQuqnph4UUBh/6B46j+PpG+0z5M32F8Na+FTVg76TOBV4EkoDFQG6gGVAai\niJRRgHh7X3w74davQy5XIrreDGhw7fb1etfWX699adG1L4myz2Z/n/1t9tfZX2Wfyv4y+4vsk9kn\nso+j/BDwcVZa9t6sjtkfZL+f1SyraVazq0ezmhJl1cnun1Uru0NWdFbZLPSVFZFlz8zNvJd5OfNS\nZlbmxcwfMs9knibKPJl5IvNo5ieZ72ZuzYy7EJ1ZNjMq05vpygy5eP/i+Ys//eI+P+bn7ufoh/tn\n759ZkvxG8rLk6mllkqslx3W/1e1glwNdPnomvPBLQZFqAUcte90nv8NofDMxAagPDAJm5MEJ4+q3\nxt+LMOewwB0sKiBZjCETWAf8xf1sLSgHSyFDg3Ib4CUAbCQvAHYB3wNXzbtlRBLO/zqWJ88flzvM\ntwP/4zXtifOwp9R7Svn/+T/HF44vHaccXzlOO76myY7jjp8d/3Kcd1xw/OK4SFNoqiPTkeW45Ljs\nuEKv0TTHr47fHFcd1xzZjus0nWY4Hjr+cDxy5DhyHT6aSbMcusOvkiqpiGSOY5ROcxwnaK5aRY1R\nY9WqapwaT/PUamp1tYaaoNZUa6m11USaT6+rddS66vPqC2o9tb7agBbQQrWh2khtrDZRm6rNaBEt\nVjurXdTuarLaQ01xfO44qV02+GgbbacdtJPe065o3elH+smpOG1Ou9PhVJ2a0+kMop/pX1oFZwFn\nQWchZ2FnMJ2nC84QZxHHN44b6hh1rDpOfUXtqHZSu6rd6Be66CzvrECZlEWXEDWu0K/O2lILqaUz\nUbvEyrJyLJqVd9ZhFVhF9TtWSf1ePaOeZZVZFfW8ekH9hcWoF9VMFqtmqZdYVfUyi1OvsHj1V/U3\nVk29yqqzGuo1NVu9rt5Qb6q31NvqHVZPvaveY/XV31kD1pA1Yo1ZE9aUNVPvs+ashfpAfaj+oT5S\nc1hL1oolsdbOus7nWTLr4XzBWc9Zn6Wwl5wNnA2djZyNWU+WytJYL9Zbi1VzWR/Vx/qquurXSJNY\nP9afDdBkrarG2UBNYYM0m2ZngzUHG8KGsmGaqjE2XNM0pxakFdAKaoW0wiIWasFaCJvIJrHJbIpW\nhE1lr7FpWlE2nc1gM9ksLZTN1sK0YixdK87maM9ocRp2Adqz7A3tOa2k5tLcbDlbwVZqHi1e8yIK\nrGZrtNNaNa0628reZdvYdq2GlqDV0mpqX7FD7DD7jB1hR7WvtW/YMXacnWCfa7W1RHaSfcG+ZKe0\nb7XvtDpaXe2odkx7XntB+147o51imSxL+0L7Uqun1dcasEvsMrvCfmW/savsGsvWjmsn2HV2g93U\nkrRWWmutjdZWa6e1Z7fYba2D9qLWUeukdda6aF21btrn2kmtvzaA3WG/s7vsnnZW+4Hd1wZq52Sb\nbJcdsiprslMOkgs4mzibOps5myMbiORleJRWRYvhZXk553DnCB7Ny/MKvKIWpZXVPtUOaAe1Q9ph\n7TNelcfxeF6NV+c1eAKvyWvx2jwxaFrQ9KAZvA6vy58Pmh/0etCCoIVBO/gwPlwrp0XzEfxlPpKP\n4qORa4zl47Ty/DN+hB/VfuTH+HF+gn/OT/Iv+JfaEX6P1aAg4c2F1ppeLTXP4+LGt8fzQLUg8qoC\nFgRneYDxgAKsNeE4ArkO2AKI74FvNeE4Cvku8AkwBPgU+EywCeQRC5MBUe8UygUDf2XCgahivAEN\nHnX8DHkGOAtMAX4AUObIhPwXcB54DRDflb+EcvF9+8sWpgNXgJsoB5CTmADvk3i34z7KEU3pASAk\nIiX9AfhQrkMGMBtAtiMVglqgE6mwCfAXScEmxPf0pRCgtBmRpUgTNAeyjAkwHUmIKhLihipkFRM0\nFxIxRkJUVkVZdRM0D7IGUBfluCY9D7yA8vmQ9YAmKK8DiUgrIWKDFY11lVqjvCEkYpPUFuWLINsB\nySgX13sAKTjuDInYJaXhuDtkL6A3xvk5ZB8Aa62K6xOAxWhnCaQFsCtJS4FV5npLq01o0Le0xoQm\n2oSNSGKtkZtIWGsJ66ZhjaQsAOsFRiZJtHWdyAm7km4AN801lm6Z0CpAYr0kZChO2KKEdZMemGsv\nYd0krJlT6P6RCcc3kDkmHDesXyTA+qljLBNH7uTEGrHiwDMo7whZAngWx10hnwNKouIvkC7Ajfrl\nIWH/DOsL9ieGtWWxKK8IWRUYgfLfIF824awFORJYhr7LQb5hwonsiy0HVqC8BeRKE85ESOiS7UN5\nK8j9JjTR/kdwxVFm7iKPNaFBd/I4AGvEykJOMOGEPchTAfgEds1mXgKo30FON8GQ4cnwAXkWykWu\nkm5ChW/Jc808Rj0HuRBYZH4zQcb6y1hvFTqXl5kQeZGMOcmYj4rcSV5hQuhFxpxkzEfFOsurTQg9\nyWtMqFhzea0JFge5zoQK+5HfNMHiId8C3kY5bEZ+xwSDL8gbTKjIs+SNQAbK4TPyJmA7yq9BIg+W\nxbcskPvJe02odyD3mWDwIRk6lqFf9S7kxyYY8kT5ExPq75DgLhk2zBpAHjWhwgZl+L8MrmLwKRm+\nLSNLVmGX2GWT/DXKW0LCFmVwmxM+LIs1EDYlckbYtQybZvBJWYwJ/Tvh2zJsXEbbDP4pi7Zgz07R\nL2xZhg2zniYVC2jQM5dMqCLPZCYYfJfLJlSfmW8KsL6QiplnquA1Do7nTpT3gwwyoYn7CpjQsF68\noAlNtFHIBBsIWdiEJtoLNiFyYw4/5EVQbjNzWQE2GDLUhOYwc1QufA9xgT9jQhNjKWFCE/N41gQb\nDgl/5OEoRw7MI4BSpr/x0iY00T/8kVcyfY5XNqGJsYBPufDPiZBxJjSMj8O2OOyFwVd4DROaGC9s\nhQsfhZ/wRBOaGHsdEwyxgGMtObhYE/N4wQSD//B6JjTMjdc3wcD/vIEJTcwVvMyFf8PPeJIJTYyr\ntQlN6KCNCcEdvK0JTeijnQnBI7w9AN7ShG46AV1MXuFdTWjgKt7NhCbm2t2Ehh0jh83xFJNv+Esm\nNMRbLmxrsLm/4WJthqIcvsaHAYLXwPNc6BdcpAmdjTahgev4GBNaTUjwE4eeGPyPp5vQENe50MXr\nKMeOkYNjOPhFg59wcAwHtzD4Exdzxvw0rAEX8xGceBIS/MFFTIEvcTE+4e+iTfg734xysT7IQTjG\nqME/OXIPvg3HWCcOPuAYiwau4zsB8AADv/F9JjT4KwcPcPAAA7dzcACH72vIVTh8n2Mnrom1FeOG\nnzNwL0eM5BiXBv/noh58nyGGcdEW8hVNrPNZEwzxjP9gQhNrfs6EBjvgiH8cnKqJ9UcOwwU/gBs4\n+JQjnmjYc3JwHAcvaGLdwA0cvKCJ/hH7OGKf1h8SPMHh6wxcwoVvgyu0s2aqJsBwnyKZ0OC/CnxM\ngf8ytKUEm9AwJgU+o8BOZfivAltUEAedyDMUxEFFxA1wQQnos4TgStiYCJMlBWfhWklwUEn0K3wS\n1ckl+oL/udCXC/mPE/HOhbzHJb4FB7gQF13RKIePuxBfXWiD49wF33Vh/Z2wORf8z4W11XDNBb9z\niRiHPNAFf3YhxmngBRfimwu24sT6uBB/XLATwQUu2IkLHKuBl1zQiwtcron+wbUuoTesrQt6c4kx\ngyMQ5skNX3dCb274sFvMHfmDG/N0w3+duM/dGMA8gqAbN9bS/SKOxfVOJoLQvruLiSDM0d3NRBDm\n6sb6uV/FMeboxvjdyImCkLu5dwGwvyDMzQ0bdB8wecgNu3MfRjnm50b8ccPegpCjumFv7lMmH7nh\nA27EmCDkhG7Ytxv2FAR/ciN/cp83uckNu3Jnoxw6csNG3TdNPnJDJ27MKQhx1A37cGP9guBPbtiR\nW9hQYzPl9whuxjg94F9PUZN7PKEmtJ8gwYMerC9HXumpZCII/ubBOnqqmPzhQa7gQbzSoAcPdO0R\nPAEO99QyoWH9PVhzj/CbVyAbAbC7IPirR/Qt+At68CSbCPoAEhzlAUdxrLlHtDXX5AsPdOFB/sF3\nQ8IGPOtxjL2H500TGnTkQV7hEdwBzvFsNqFBxx5wiOdj0489ot5Ppi96fjXBkc94bpng4AHQKXlF\nDEY+45VNcNTzwum8NtOHvaoJjpzEW8QEx3p4oTcvclGONfHCYbwitmFtvKVNCJ/3RprA/o280J03\n2uQAb0UTggO8MSYEF3hrmhB84G1hgiN38IJrvLAdjjUOZyYUcHu4zQTDOoUXMqEgLoaDD8IFF6Df\n8BImFLQb7jKhYM3Co00oWLfwxiYU+Gt4DxMK7DMce8Jw7C8U+G6pCBMKbLL0CRMKeLUMdFcG81YQ\nL6ORM0VjrIqQ2J9EY60V+Fl5tFce/qGADyvAniuiDQWx6B20+w7WXAG3vrPGhA3zgknTBtiDDXPZ\nMM9EEPxsA2xjA2KEDTFiA3hsA+zUhnXcAB7cAB6wIf/MqGjChjXeDBvejDHYwCObMZfNmIsdi34D\na34DOrRjPvcPmbCL31kh8/cF7FgzHc6jIwe3A7rfhB069GMN/PAxey1sa/oB4G97orUXb/t/EWMt\nnLP2r20siD3ptT9h7FNgg7LyFAgfCLHwshUTwYtKMQvwWSUlD8BtCuooWFMbchHb2xagHDtij/31\n/4ADfw8H1tEB/nLA9lWxv/0QgI1rGI+GY+2WuYdyIh9xIq9wwi+CwKFB2LcE3TJRAOtTAH0VQA5R\nELGvYM08GJ+PfOQjH/nIRz7ykY985CMf+chHPvKRj3zkIx/5yEc+8pGPfPx/hlP5yEc+8pGPfOQj\nH/nIRz7ykY985CMf+chHPvKRj3zk4/8xKOL3O+QoZTvJZCOVgqgQUWywN1hlshSsBEuyV0plh33L\nJSZJl6QQ30YpKIvJul/Z/ihJGetbz7r7uvteURxBOYXZaF931p0kmu+/K42kr8XPiVSrGh8TFlrU\nFh45v+aQmvj/S5Wef75Sxbp1idFwfzZ3KofRZwnx2xosIpzJcYVDPCFFylSNjAi32YOLhsXGxFfj\nzgfffpnDH0nrH/K96dMnz2Hzpk6fKbFB+nI9SyoqvXhPSpOK6Pf0TY77J4/c0M/cPfvdTQxjMxH7\nQdmNeZEUHBGsxJVmP+zRZ7NgZfejxvz0jA3HUEl8xTAWgyhOVDrUGyfFx8cZnYdGVA2JFUNndonH\n5jaSboxt/9qYBfP33Pnty99WD9fHLlv2Gouctb5N/2XvTN4tOb7fNlH3vap3wryMb3ZDoxoVJCoi\nxQbHhkagf281b7A9jqV/9vnne3x9vpaOFJM+kW/nJizT35XaLGOfl8VolkMlFXHrc+LHQ4p4Q71y\nfGxMCAYREV6qTKzQhjk6qeeiJuyab2f5Qa8d/y3rtx26XnR7xN0p85emd+vBPohk323WR9TRH5w/\nrV8/ejJn57KZ+2KwwEPReiHMNYy84j+hKxXlnlJxVeOrRUbirzFZmz0sTK4aiekbqi9iqqJomCee\nF4KCR+v3pgxJGfr73n2/j0gZOu3HGeemTRs0cLp3xSsTFi+W2CJp1rHvvz82dl/lSlv6f/LVV58M\n2Fyp8n5WaeCc6cOHzpjh+2Ls8uVjx6enQ0epfl1+aKi9tBgIs/GIuJj4+Go2W0S4GI7QfUhoadMA\nzDnLD6vM0a/f//lMeyVhffL83R0vnX/ni26+8CmvJa8olTF40hy56lz9/O+LVs06P75Bh/nnR30l\nldmi31nYY/K3w9o1OfrtIb+fXoNlDuANKJKK3BM/DVjEf18ejuG8pNe0/aAspSriPwsvYRAeKhIS\nUirWQ3JB6L6MGFW1EDGoYrLNGFMIeXGRkRfHkllUrYgYJr/d8HQ3faqeEhJ0RhqVI02S5gUrbXfM\n3191wNqF6SHF/CsGvFI9tkDXKmOm2IP14/pb+mf6rEIhUiupTscPavseFWjdMXZElFSxet2B6/RF\nFcpL96R3pRBp20Nd0zuMu7Nm06Y7n0l2Ka5OtO/7BR2yM6SXpY16dX2BPktPKleKrZyzvGs/Vbpf\n8gKmVVJ8hxvmZBe/ihgrxUoRslcu4pVLsugMVuHIbN+aWYelGw+EL0uv6lPYs2wDjHA0zOQs1uZZ\nqCLWRt5wgluKL5sWi4jEDFloaFFoIp4X/zRMv6s/0vXjslRTKvhA0sI+DVuWceDYroO7l0qnTunZ\nUn+pwkopRhqm3zqzbIee9evCM/rpLRhYBlzkKAamUhGDbjwUHIou5GBYe1xcVRaRIa2U3FJPfYV+\n+vjx37Kzzyjb9Xn64Rf1w/p8JSRntuS52SlHCsFoRVMN0ZTTaCjUayFDXuiryEb6ZrGflO2r9fKr\nfLmrrNqVjI7z1M6Qp/lqspd8q0XNQqt9r5oVFYfZLCrBfQUpxgbzxr7wAwfYvz5l63zJynbfXDbs\nURKqfwhdjTZY1OAaafQBgyC3W10+hyPFYBjRxnO5cw6sWoUK183Ltja4DK6QwBURwUWkCKmI6FAe\nL/308NMiuneBHl7k04dSAf7moyRWnaXk9OYrfKt8xwLNK6o5I/QsOo8FcasHfREY5wUxCt4zB53l\nLOe9oPlR/mxFw+IWMJa3sLDi4DhDFLEbFIyFwOqGBCuaflC/r/v03VJDSZYcUh35k6/2vXfmh/f2\nf8E26bv1WdJIqXFXqZE0CivziSZxqaiered2h0Vck0Ilm7XMBwwmLGLqxRvDQ4tyjNJrMpnU7wB7\n5qFk1/94qG+UOm5atGgTq+n7DKM++M1ldsZ3ZPUrQ7ZbDZ0wlFRMfPXaG2jKZkdPgcbkXFjHpgPS\nxXuSunCy1CF3rVRmxaqlG1hL305l+4XvZnwe41sSpIT4flgzdPwbUF1rGPpw6EJQUNXIUqCdUrEx\nBOa3WK9YWJgYrSCkWIOJ5B3T9aQcqdCF+5Lz09VvLl+0aofvV/3q5Wm+Nz89l770TWlI6ugJn23c\ndFG/s2ns2ulpXcbENDq9aee3qZ+9vniGsCrxhe2lhkNSkThhehHBMTxNL/+xErJ69aMbijBo8YMr\n+1HHIYIHfFaYU7Y0Vhr3o64d0DUYXWn2Y+4Q3wXmkedDNwP92fJV3pJcFCW+Nl7GoFAxldjHkcwg\n9+CixUJLCzaNgOLC5LIhjqorU985JjnOfzh8aN9Je64e3n4xUg9KXejaoh/rU6ZZtVZ7p7/7QYce\nw3vXH3Hy/V16iSUdC89NrX3edrBFf3SbDuWJL7sXEiwjiQhVxi68xAhYkojeYUa8wiC496fjXwzW\nNu0ddOTkj3p02viIUhNTl0x5lQVf14+9/qqNfJ/N1L96KKWnNNLLNn7pyrrQddegiG6Y2HVMDO2L\ncceKibE4MzaYVGSzgYvCwlhiz8X27fbcLXevX7/78VUczhw8bFJc1UlTR3Z9/QfphXPlzkkv/LIh\nNX3Ezu7lkncKwk9G27eN0cMNvILfWRmj5WKYgiQWu1qwoTy5kTr4yMdX2bUDnwzc64uasWRLu7ab\nl84cMUOq+lvJh1LliSzmEbHgdVdWSXeWX1uHpsWwf8eww8TvYZQWgyYMOt7QS6jXUEo1oR9vXGSk\nfCnu4NqL+u3pZ8f++p2vFM9Y9NKMWP3AoGVFWEn74I+SJkmRl8rt+GOKfjqz7eLTSfXY2rVLCg7Y\nD+WIn6v53BZK4mfHRHYRERcbJ/ooZsew7aGxbPrlPZs3s4/eql1PK5ewR74sb8ltJ2+ZO2bLrsJL\n1c9GY6Apenv5DgZagsRvlYVHlqlmLtifai5WLTa4KA+ow9AHi2p3t0nK6E1TVg46cOjypSNHB6kb\n/aRHTV+yvU3EKylLZ+jt2/QbtGDh3ORJUvXrodBQ+uicn89ck/evu7JWul6vE3QkiR9Iky9A/eIH\nvISpWIYTVgxHVSNZy04zyuzZM+7wmn3S3sHyzh4tcnNgJHsW7/zaF8+OThiAwYufT+sL33UKfykS\nSF9g+aKJudXi42rUiIuvdmyv0qlCYmKF6Nq17+Yc4QnE/B/rzaTOxo3FnrgxNriwN9xQQrUJ1ePi\nq1ePj6teZK9+KTFOKl15LM/TUgP9ZPBidbY5EV4AEwkStGTOoxp8VpJj9Zkv793bU0q6qHeWzkj3\nx+hTbJTbY6SUqtf2zcSdKzGBDjZ6HDE67LXRIyNXFT89ZxP/GXKP0I7RaDFDOfGmHwsVRZhag64S\nd9Xbu115+fM+b0bHb3353Y/2vtpvyERtz3h55xu5V3jCyFltu7TssfcLXw12fEbKa8m+GHZsQv/A\nEqCTPEtQ7Mkl2GYbdyzPGvCE6SvyLEFXMEAcWjDy9yJVMdxioUVJmHts3rwttCuCxxHJIesPMrP0\nB3veWLF0ubR8+RtvsKhrUk398yvea/oRKeHauuzf1pVYc/PmGkEueg/uRtOGeyrhZQKjgwcVZUIn\nAWph4w4N27tJHXb0i3M/6vrGdu0zlsyeXfRV3wPl3KjZ4JRQMIx8ZLHv0cJsi1XmiN9YQtMF/qJc\nuA2r/cELe97nnTZWdUll5ZUrfcQTXplfcIsDNwm62I+bShmRoszjhNkMFVakMHg31nBwWX5x1Qff\n/7jr4Lk9IwcOT+229OihSx+dydpre7vD0NGSu2ayp/Sc6RP3H0mvNyp1ZJPwCgtem7fzp2nDX+yI\nvlR/NntReZ5CxY+JiCaFbwebuwjDE9mLdZJ6LzhyZM+JE40rRVQtOv5NtmauiKFzfT3aVgxCEzMx\n3J9h7cEWt6GNWPNeSLk87/f1msN7xjU/3WRv/wn7z7K9vvoLeq6Si+Ycwb1e8TtpuFdYIjIRYcv7\n9HFz9NEfS0WkIJ4g3Cj3kFwbVcP0ZvJ2VC2MNbLZ7eFlyhQTaTDuKRIr6T0OumtWkGK69wuP0sef\nkArlHNmgF5IKL+EtUgfxirnfy+Ww0DBx+QvQWCg9k4fIqgaIDPweK4IkS/kZbPbt7iGb3ZMHjur7\nszRgj8Vn3Xd/VntlbP8B3Q33xr+C9K74NXDxO2dic2cdS7DS7tYxQ51+1rFMVWm0dczz1FGwRdhi\nHduwHfvaOrZTXbphHTsoSKpoHasUKSVYx04qKvWwjoPyHBegrtII67ggtZO+ono0mIbQGBpGfak3\n9aER0EcMVcY2pAqOGuHqYJQPoDScNaFB1JMq4uh5lAyAbPP4ruHGWRpkGtoaib+pqNkGd78EjADE\n1d70Mu5LQY28LSf8pZ7niZoJ1niqUQej7eHoczBGIsZZEeWxVJ1qPh51tb+0VeGJtv7aT19j1CnA\nCFxLwYjTaKBRrz/KBlOvJzRQ8S9n9TDvYUYbI/A3xRiR2b4YpdCIGOVf7++J44HUHPV74nyQoa1U\n3PcyjlON+8RY+hjafh7rkoJ65tlf7ymPkv+kjcrGWozAnQlUCf8bZfyvItr5s62KqD8MI6qEMeVt\nczhKmmON61EDaklt8beC1Sb9L2JoaZwKZW5kc3RyZWFtCmVuZG9iagoxMyAwIG9iago8PC9GaWx0\nZXIgL0ZsYXRlRGVjb2RlCi9MZW5ndGggMzM1Pj4gc3RyZWFtCnicXVLJboMwEL3zFT6mhwjbQGgk\nhJRV4tBFpf0AYg8pUjGWIQf+vvYMSaVaMtZ7M28WZuJDdaxMN7H43Q2qhom1ndEOxuHmFLALXDsT\nCcl0p6YF4Vf1jY1iL67ncYK+Mu0QFQVj8Ye3jpOb2Wqnhws8RfGb0+A6c2Wrr0PtcX2z9gd6MBPj\nUVkyDa2P9NLY16YHFqNsXWlv76Z57TV/Hp+zBSYRC6pGDRpG2yhwjblCVHB/Slac/SkjMPqfPSPV\npVXfjUPvzHtzLnkZkEgInRAlJ0TZFlFGKEeUyzxk2XOBWZZ4gt/DP6oRFF/k+CRLmi2ROyJTIo9E\nnol8RlIu5W3wSUkun4ncE5kQebyXjiTJE0HBKEp6IHKphYrIJJIpZcjIcyOoZfLMKFEul16pufBz\nwxI8Jqduzvmh4abgtMKcOgOPZbKDDapwfwHQ0KzpCmVuZHN0cmVhbQplbmRvYmoKMTQgMCBvYmoK\nPDwvVHlwZSAvRm9udAovU3VidHlwZSAvVHlwZTAKL0Jhc2VGb250IC9Sb2JvdG8tQm9sZAovRW5j\nb2RpbmcgL0lkZW50aXR5LUgKL0Rlc2NlbmRhbnRGb250cyBbMTUgMCBSXQovVG9Vbmljb2RlIDE4\nIDAgUj4+CmVuZG9iagoxNSAwIG9iago8PC9UeXBlIC9Gb250Ci9Gb250RGVzY3JpcHRvciAxNiAw\nIFIKL0Jhc2VGb250IC9Sb2JvdG8tQm9sZAovU3VidHlwZSAvQ0lERm9udFR5cGUyCi9DSURUb0dJ\nRE1hcCAvSWRlbnRpdHkKL0NJRFN5c3RlbUluZm8gPDwvUmVnaXN0cnkgKEFkb2JlKQovT3JkZXJp\nbmcgKElkZW50aXR5KQovU3VwcGxlbWVudCAwPj4KL1cgWzAgWzQ0My4zNTkzOF0gNSBbMjQ5LjAy\nMzQ0XSAyMCBbMzc0LjAyMzQ0XSAyMSAzMCA1NzMuNzMwNDcgMzEgWzI4Mi4yMjY1Nl0gMzkgWzYz\nOC4xODM1OSA2NTQuNzg1MTYgMCA1NjIuNSAwIDAgMCAyOTEuOTkyMTkgMCAwIDU0MS41MDM5MSA4\nNzUuOTc2NTYgNzA2LjU0Mjk3IDAgNjQ1LjUwNzgxIDAgNjM4LjE4MzU5IDAgNjE4LjY1MjM0XSA3\nMCBbNTM2LjEzMjgxIDU2Mi45ODgyOCA1MjEuOTcyNjYgMCA1NDAuNTI3MzQgMzU4LjM5ODQ0IDU3\nMS4yODkwNiA1NjAuMDU4NTkgMjY1LjEzNjcyIDI2MC4yNTM5MSAwIDI2NS4xMzY3MiA4NjUuNzIy\nNjYgNTYwLjA1ODU5IDU2NS40Mjk2OSA1NjIuOTg4MjggMCAzNjUuMjM0MzggNTE0LjY0ODQ0IDMz\nNy44OTA2MyAwIDUwNS44NTkzOCAwIDUwOS4yNzczNF1dCi9EVyAwPj4KZW5kb2JqCjE2IDAgb2Jq\nCjw8L1R5cGUgL0ZvbnREZXNjcmlwdG9yCi9Gb250TmFtZSAvUm9ib3RvLUJvbGQKL0ZsYWdzIDQK\nL0FzY2VudCA5MjcuNzM0MzgKL0Rlc2NlbnQgLTI0NC4xNDA2MwovU3RlbVYgODMuOTg0Mzc1Ci9D\nYXBIZWlnaHQgNzEwLjkzNzUKL0l0YWxpY0FuZ2xlIDAKL0ZvbnRCQm94IFstOTEzLjA4NTk0IC0y\nNzAuOTk2MDkgMjA2MC41NDY5IDEwNTYuMTUyMzRdCi9Gb250RmlsZTIgMTcgMCBSPj4KZW5kb2Jq\nCjE3IDAgb2JqCjw8L0ZpbHRlciAvRmxhdGVEZWNvZGUKL0xlbmd0aCAxNDU4NgovTGVuZ3RoMSAz\nNzI2MD4+IHN0cmVhbQp4nO19d2AVxdr3s7Oze87uCSWEJIBySgIJEDpJgNATaui9EwKh9947gvSi\noIAoWACliFxUUEBFAUGkK4L0hCZBUECUJHu+3+xuYuRe9L7f+/3x/RG5vzy7s7Mzzzx99uw5lyQi\nctJ0komGJg/pU/ungT6ixTuJ2PdDkscPz5cglUWPW4B38LDeybSqbXWiFq2Ioqf3HzJ6/Kx7Sy4Q\nSU6cT+zfv09ywbWhH6PvV0AJnKawNY5NOF4IxPYbPKHvo8CHh4hmniByXes9JHn4wLkJM4hiZhMV\nOUqCFxbe7sTAiAlJBWo+oqIYVgx271F+Qb9r/pb/9x1Z3xWc7ByFvhox8w4Sfx2DjQCigr/+viNj\ndcHJdnvOf/ncoiWfh85TCLUkx1PXVWLyQkrJPpWMP8HK0WS2jOryA8Ar1E25RUlKXWokNaO67DhN\nYaeolLyenuM9qLr0iErIz9Ew1o6mMsP/AP17ApuARoC4vxowEOgD1AJ6AB1ZPOYoSnE8iKryl2ke\nD6PxciaVd5SmBKU3OZXnaKZSizoo0TSTTwd643wU9VA20UzWgVbw8VRaCUZ7e5rpYLi2EZiD/mVM\n2k7cz+9QQ/4A/erTaKUGOR1E4UoIhaKN8fOUyOIwZzLWG0f55OlUTn6JJLaBonkiNeAzaBgvR/F8\nFtCWmrBLVJwvR/skGsA8NIQF+9fxhjQcx9PUu+g7CWucg77ivhconqWDuqka20m6uIcHUD7lKj2P\n9YZwhThoInuHKjIHbQMNUyrRQJZAM/gaSuH7qbcyn1qDDxdTaLrioG7yHuqhNqKO8iKaL/upGR+A\neXHOGW2Sn6dpvDl1YRmYL4MqsU3Ul9+lhXI6NWMDaCErSb3Q/qL8Lo3DvR2UfdRHDaV26jhKgswb\nOuaQzOtSPWUWdHOJXlAC6EV1PyWAl/Z8KXQ4G+uaTyMUF8Ur+8nLKtEcvhvyHUtuNpLcyjrwPZuG\nOD6jZEc1assK0xh+lkLVJlRSkcEbZKJMpQYKo2rQaT3lEHXguzDWdCqq9jH7tDDlPJvqQ9fllSXU\nlN+jLvwgdJPqv6gchd470HPqCcg+jQqbeheyxzFPgV5r0FwVnqC8Rq34RqrnKIc1Hqd4tQuVNOee\na9pCY+ijKdbRmFemcKEXZS34/4kKmDbyLxrNr9IApT3QkMYoE2Ajh6En2AkvQs1hP/WB1rDdmrw8\n1eFHYN9XYM+9KEboWcwjXaVV7B4AvoQPaRNppvNnoCLWuhGyXU5lxTj8TWrrXAQ77Qy+TkK++aiu\nEo7zu+hXBLK5AVmVwLyTgGCsNx22Bcrq+bc4Eqi3Q0K/3v4Y4R+mjb5n2nRpHgpf+hr3xFJ5XoA6\nKWOhg0aQb01ymD4EO+bHqbQsU0k1P+7NxDg9qajciEKVzyCrJUAi+NuJMXZirJmmD8TyFlgj+ppo\ni+Oa1EK5DToaaxoNuTzAPe0ogZ2nUkp++Ijwk1TEgYnw4yDwNokGmT4wydIfexf0MbWXK5GXR1FJ\ntpWW8WOWH2WDG/4snoF1L8D5YmqmLqc2SlHTr4oIyP1MOszEKuAVKoLxx5mAPuQW6CPQEu2loOed\nFMkuQ+dDEbcewG9Ggx+d8itXyM01UngCfOAYJSoRWPsr1JxfBsTahXxtKuIL1pmkiDYd9zX0p8vL\nwGPWn30c54GBFO+ELuFjOvxQVxsDT6i4soamKfBb+RE1kO9jnCgqorwLHsdSigB7DrJoCtqUSrEt\niLGjEQsmgrajKOk61ZK7UC3pBrUy0Y0aCLAnsOUnVFN+kRqbGE0JJn6nyfIB6iAlwt4RI9ibiGFv\n4H6cywOpmzg226pAdkDOeBOpVQ6Wo+9ixCUPjWPv0XjEEp98nsbKTSiO6f667EtqJY+kctJa8F8K\nPCRTVbkTxj6MuPUU0D5VbgyspHpyWWoqJ2D8tdSYvQa8ZWM2LRF88VHAWGqC/NSchVI/Vgt9c0Hu\nC0QC66gpUeZ0oqwOoHUARPPM3kQZj0F7of05HGeCunF+GceHQWvjvCfoMZzft/qZfesCRYFiRP4Y\ntL0LfAgcAL62YGC+rLbWvTnYgrbTuHYSVMWYGdZcWRWAwjg+CtoDtBNQweazzp/zZsbbPD+ykNkA\nQP8M8JPpAS1qz9kZuG6PkY62OlZ/A8fGE7TVR1s5a/6sbnZ/8Ja5B+dB1vXMaKCJLZ+rVubPnGqP\nDx4y7wDvA2+jz0O0t5FuU3Oc/2jzlYq2Ejb2WMjMb51nCh6OAIjaWUOteTOPW+vP/MI+jsI1zJ95\nG9grriHuz+QcPiri13qqzlzQMaCspvH8XzQ8tw8i7ySwf9GPqAX6ibwGG5mtnKdgZQZiQ3kKRGxP\ngj/NFjFeLQVfPkHRiG/9MEci4uxiHoI+sxGbRNxiyKHIWchDw9kOWiDyCK9N/ZRIxLXZNAIxpC7q\nkgRehsryJBqpPKZY5SE1QBxqZ+afGbj2JY3ln/hvKOfQ/jr4mI08ImIE6oCc2Iy6hUei/piG9b1H\nnZVUqgB+g5BnSiO+1oeNxwOllDTEvPOI9SI/irpH0AzEDOR45zgq7RxPs9Wy5EMMGSNyqpJJxRyZ\nWM89xF/ICvmltJKPvOo8aqIWQp+lNN+xmaY7y9J0tQwVU/+gOci/M1BP1XYshCwO+VP5YmrH59Is\nxJVhiNs+9TsqxYtDPgsg95k0iy+iEDUIdD7ORVsQecRakfeG86HUSX2DhjuiaQhqQx+OZ/FxQGmq\nq06juYhbpfkk/1Gc11MvU7Cahntm+8+LcRwv0Th1GWLbWP91RwmaomrgNxF5eAI5HJPpJbU3csET\nGqpcomFac1rhzId643nkMCfkMYO6Qj/1lJIUIPRpn8c7lmPMcTQ4Z+zfqTNvBB1k0GDY2ShgPGxv\nBbARx5FETyoCw9RqkF018AZeFA26EjlvBE2XP4BtZMCWatAQ5OpARwPo6FfYWxWapTRFvXOKZqpr\nKELZTXFqXeTuSljXNdAN6N8NurpLQ9QhsMcy1B66DuUdKQS1bTjsoJxaguYrocjPI2ko8lV/5VXU\nL/n91/nX/j0YfwZfhrHrQp/VKMS0Z9ipWh9jx2CO1bj2FngQNdJ61DuoJZC3SsibYX+rMc9ruIdR\noiOeRqtnqKvaArZYAvXAdtjiBBrq2A19HKI6jocYZzV1VwqhjqlJjZR3yIv8mqDUpgHqDMw9Afye\npNKqFzZwH30H0jBHPyqjXsG10uAJ9uHcRKUdBSnEuZVmO/LRcLUO5BMNWprmwo8GqIGkKDop+kUq\nplWBjXDUuQUoXK2JMaKxK6GMasBS4FvoZAmg4fgVINqO0ctBW1rxKWM+9HUeFPumJw9QxzjVVv7v\nUafGYKxw7APiwdNQ1ChlUOMOFXaM3DEQfl4Y9jtVPkZllGtonwf9roTvirhyCxSALH2OOGohi/pm\nBdoE4BcYr4qJINQpaRjrIXVXR1B3QVGzFcB4blxrySPgEyURY76gWHko7gNvfAcoxlDeQvxYh5o/\nHrpfTuHyCdjmIdBzyJndTZRDPVCTx1GKdJgmyT2R76+ivR6lKGXRt5yNIOTX+cAxXLsC7IKvyujT\nHvcnoj2RGsmvUk3cU1PUDUBNubONhlQDqClPoZqI5+PlJNzXwqo5RD92BHM2s4F7WRSouPY2xhP9\nEnD+EubZieN2OO4PfhdjvJnI/RhP1Cxmf9Evu88A8Cz6LKLK6u+oqV3+I4qKWPcyBToDEf/WAor/\nO3mm/4zcyJ/OB+KeOP/PvDOVQf04TMiDb6YOjmKoiVAzyg7ExnL0nDITKI4abqYZL+PFvgx+2QB7\nruGsL413NIIvXwVmmLXhYLM2V5BfsP9CfA8R+y7EzAZKY+j6HNXmG1ATHzPr2AbKJ8gvh+H3FaFH\n1I1KHdSI8C/5Tci2mi3/lUAximC9qBz2PlWFTM3arStqNodJq5rHyHiM49wFebiQV5pA5oD8CWqh\nz0EfWbJHXV5T1E7YD7tYEmTwEfALdZAPUhvUOW3kcCrADIqRuwEfAbOotvw6JcIPXga2wzd0+Mnn\nwCmgCAB/yhT1EAcQ47Iaox/OM0RNAz/Lwk4p86ydf18FVtr1SGWgJBBq5+wNNj4Ftlk1QNYwu5YY\nZOf6DfbcfuAbXBPtP1j1Q+Y+YId13bxH1DYTgM+Au/YYifY4H9oU9VRWcatGyawHP39N7PfFvkFW\nSJcZaewWbMFDgdD7PnYTehD6HwJ/RF5Xk9D3D8SCbYj7wxD33oR/Xief9D3q4CM0ULoIuW6lXvDB\nwTL2P7IKeGgwu4v9tcfEYPMaIBnUB0jGvaM4qjhnaaJsynYDkDrqZeLTcAwpS2+S9YDlZPYTlSxR\n7+Fq5jJRx4lnJAJ8JL2EXPuK+hzmaU1bsX9g0mXqj3lqSIg/0lbU3HVouNwA9W91+EsrxJeWFAc7\n7MWu0Iu8Nc1mzWgKL4t9+h16gRWkvo5t1ElbgnxyCjV0P9T7ZVE/nUF9fBX2PA3rG0StlTeouXyX\nIuQ1pKiwBAHEjEJKJ/QbQx3l5eTBPmoukCynYZ8bg/23n6YKyKgtUHuNMe95gJwjU1MFuUecK7vo\ne/lH5JtZmDMOvpVGiRLAbwM/U1PJPmcZ1Fi6SxNAY4GGQCOgimgH6ss1Uff9YqOgBewZOtnXX8x5\ntvE/uT/Rjn8iFtaHX3W2fFXEP+kA8v6fMdDcv4i4h3oy0a6/OvD91Nfcj87CfvkaLXZuQx4cg+MH\n0OMr1EU5gP0y6lZ9CZVTWmOfbQCjkFPfQnsWZFSL2vM9aBtB5cz6tjpi9ue4fz/mGYu88w7q0znU\nHr5ZFbbexqKZzdT21B+5tL+jCvpdoT6oZfurr4L/hxTldKOeq0RtlUOoB0KBktQHe/E+sKkxSnUz\n7zRUfGhPxt67IK1AXVsOOauPsxL1d86jNuolWqdeoHXO+6A/0TrHh9RQNUBfoYaOKdTUcYK6oW5Y\n5wikFqg5klG3NVFPota7gjrrN1rHOmLM6bRCfY9WOObRCqzR6ZhPTm0nOV0XcTwWbYVRO4ynEO1N\nxNv+OK8LWTVA/0hawXzIwfVoqNoTiMIx8qhango4m1MBfTCOa6DteQpVoynU2ZZCJT9kHYt8jHob\n/A51JMLOp9Jc9O+KeqieyOOgHVAT1VTmoz2NujpU+MDLmHMhva1w+A58DjV5NWcS9WCt/G/ztdTH\nfOYonj2GwQ76U3VeCDk+AnVrBGJNSWoJJHEDvmdQEmL1XKALWwP/WANf8cK2AOi8FXRQBfVAKxNH\nbGyjouxnKsov+dOVcVTUfBaZiD1/G9LNWhG1kTIabZ8gT4nnS8UpUQ1DrhPPMbEPwXE+vpfyOX5G\nrbSWnud1YU/YJ8n9aKAqofYdjtjAYUvieWM++EFx2EZznIvnnecJ8T7zIyueZon93SwA+9LME8Bh\ne18r9meH7Lh70N6fiT3ufnu/K+L6JnvPF2b3EzH8Szt+vwXMARYDw6w9ZOYqYDhseBbyfysBNt+C\nHAIMhaycprxacfGc7gUL8rvAFQtqMPYhm6g24rZAdemgJU9lEFUDSshRGC8TfeH7ygLo5SPE8oWQ\n6wC0CSxEjBP4Avr6HLGhFfpDR9kUNXAS0BR7lyl8CuSVZsUrAcVNiaj/EqRv0bcR4ouPhkiPKEm6\nSa1A40T8k9tijs6wkSngSaJurk9pQ8FfaQPicSszzq1FO8F2StEkxqifPBF7T6FfUXOcs6n9HJJt\nx33vYd95H2VCI/iqjxorEVTTuZk6qojbYs+GfYbP8dif4WiL2vk11JL3UYNPh63Pw34niWaZ8uoN\nn79CBc390j7qYbavQ3sGYntBKqHmh31eoTD4djE1AuMNQO39CDU74oejFfalYr86F/PFIebdpgSt\nPOywH+hcagFdtib6Y75Np0LerWwb+Aq4AWwFnrNzudjfx5L1TGOFqf8biEXYp4q9Jb+JOstN1bWV\nVN8ZjVx9hKYrE8FXF/CF9YHf0vBfjxknC5MHvI5RgmgS5FNa7DvV4+beqSj2v3MRCwY5HtMYhw/7\nw1jwOxCx1F6HnGr6Qgp46MKSwcPT6PcnlQsgH5ZETsiNorCdp/HSv4NdxP3jEAu+Bm1i2aWAtA+5\nxQZiTysB9hONY9WpJTtJSawUtTRrGqwBeiytPCEdftAe+8OGvAJq1XDYeizgoWpiXy7qV+friAmf\nUwPnRlADdCjJ6lFqgL2yU30xF50GuhZ1bG07Lo7F3mcb6mbkA94TNiHOvwa+pZlsHPI7ronaGvcW\nViZBvpmwAYXiTRvog/ppIvpeQr0wBHnoHvJWF9Dt2Ce+R+34RUpAjmiHOiMevBeGbyiI8yWVhkAN\n2CTqbfF5i3oMsWwH1rUHPlsN493BXDblH4KvCKwR+pf3I15WpQq8Mur/jajLd1J11NqNYNPxyOPT\nnKXA/24aCHkPUyZjb6BCblMoFHrvyr9CfngbeonEtXDzMx8n7wC+2lMZ5qapsCsh72GovWeK58VK\nV8xZBbX7VOwfXKgtrsDP50J3APZo8znqAOTfmdjnDlT2gM9/AeJZjoE9bQ9TBpWxTw8za8/amH81\n9VBagtaHHRbCWvtg39wE61wOTLNkrja3z9+GrAaBvgRgT6OuwZ5dPMN5HbLfibGD/feEDyAPNkTt\nWk6ZQTXVg+C3N5VVylAzkSPE51/aZOSwGdgLlYGMP0UMFHLh0OF6ijL5CoTcDmDP9goFIxeVdZzB\n9T5AfYxVDWiOGFgY8aAqYkkZai+gfkTxArwb6pVvYeN1ILMT6BuJWJkFvEFusedli8CjeJ5vYO5r\nkMldGg67KcxDKURxIedjF6JEgW7y71I+8e/iL/oXyR+SYuYFsVe6hL3TbPB2FmOKZ3NZ1JN1ofls\nGXVBHRyNOrI47C4YMaO4Y6gF7P2KIwZUE7HFqq8zVtt1NvYxGdssiOcFz7qG2r0sdXLGUDclCbVz\nf3qBZ2BvZdWVor5szEshRpWiFkAloJWNaKACUA1YabZVwnELv4HaiitZiFnz/H6+BHvINohzTagG\nHwf7/BxyHG/Suvx7SlGd5t4vBfekyBfIxwrQOH4W528i73wFKu57ierJm8iBvV8KZOY37wWVtyBn\nYc/PE5AjzlJdZTH8+xTqyy2YbzbVdfQlt6MH4s0unIt+c3C8ADljOGyrKdXhP6JtIHAG+6Fh9Lyy\nFMfvUSP1fUpxiGcBr6IuqYE24VezqZL6jkljYSe6ehNjYL+KvJ0C2/WpXvDUCmu/QFz9EvNhHCBF\nrQx9n8a1ZphP8I21YJ/QyCnG/YTaQ3+lhL39bQ1/ihYhJy6TBb81/Bl8K/JyHM2GLc3mjWmEUhG0\nHo3gY0z+6vIhoFv9fibRHHktDYT+u9uIt2lvuy7pbaO7veeN5w6axR3++qCzBcR1IXcxTvZYNl//\nkVfUI53gw+IZ3mzle9Cz1Am17hI+kzojHhbgW6gsHwQfKY+cgvGkc9RVXQyeN1FPEf9NDIXPr6S2\nTvGZ9nP+17GnqAokA9FAO6AFUAVIAtrbn52fE58DsplYs0rF2W0KFefi8yjsr5aIz2bN5w+V/Bni\nWLpNC8z+4nmE+HwJMOUG2wees+mLQCCwBlhht28F1gJvAeHAarvfcLvvAmAp8Cqwyb4m7vcArwPb\ngHeB3fa1CsAGoARQCVhsn8fKxyHz48jrGXQYdCww2e5fye4vePjQxi5gr83fanv8AnZb7j4xYmx7\njuy+wUAyUCN7TjGXPfdem/8F9voEz8Xt+wPttWyy1yvWVw3w2jIKz7UGsa53xbl97wq7/UP7XNDD\nNs2W43Bblovt9rU2v1vtPsVt3l60+wsZB9vjbrPnFusYmy1Te51CBjXs87X22NXsPl57TdlzivXv\nyh7LPhbymYv4OQr70/dAOwP5gTjgJCCe186zn0XBzzI6AcL3xDOcAjieiZjQHPSE9Uz3Ca49qYta\n8m2i33fwOuBlGfJLI2rAX6X6HLUh9ma1QIfxNTgWn1cvR25PpKLyGfOdBkV5EXVJOPLy1zheRQqP\nA8X+D3nKIZ4HI8aYMRexIlbEXetzMvGZn4kqQB+gaa42cV7fPm4t+oh3YMSzGqUNuQT4Kv9PIiez\nnf5r5rspz4J4ZjDdfl/FBuvg3yXyNej7wOac91SehnhHJRfMd1TEeyjPQjnrvZTcgM9vMP2/kn8t\nsCrnnZSnYX8WnwPxPgpg7iUw9r9R+7OsZ9JorKkoxs1+x+AfqHiPR7wj8ExqP/ODvHZgHetAT4N+\nAXoCdB/kGco8xIRcUV+u4NE0RLwPhDj3Sva7IeK9IPFujk27mPRD+zyDpgk9CPk8Tfkk/5Kcz/Ce\nps/Z9aNFW9q0kLnvFs+Z/4maNoS6NTe9QLqpb6z3v6Xme0ziXSJhI0J39vtM5v7yKSre7RHv8pjv\n9oj3eMb4l5sQtQpy5zOB/CrycG6wAv6Vom4BXQTME/5l5vqnIWqh3BC10lNj/wVjKOTpucwaALXR\nX3DW5GEp8AGwDbyUAEaLesqsqz75K0z+svE0j6JGy4aovXJDyCYbT6/Fhln3iXUJiHrQhukzaX6H\nGuB3sU/8Acpq/xSloz9YGe1fznb4R2W/22b6gnjWaL/PJuz26ffYzL0wdCveWROxw9SzqJdHm7oc\nYn5unUQjzXexhF/fpYXm5xyIl5hrs3lNtIOKz63NOcei3oE92jFps/keHeorMb/4/DiHP9EP/cVn\nyyZfm2y+3kXfMta7eeZ7U+J9OhGPhH+Lz4iz34ET8cl6zy1EXMvey5rvziE2me/Pic+Y0Sfbnp+m\n2fZtvnco3kfsQpPh4/PEs3LBk3g2mx2jsnnN5sP87P8hYon5ObH/jnMB9rULwDP2WuKzwZzP58Uc\nIRQo5CE+TxefgZv6eCoGZvtRTgwTn7/WRH0GZN+XM7bgQ/CQTbPjR/Zn16A5x9HY65ZGvoLszRj8\nNF2K/aj4rP0PmmN+xj5LvPv1jDjdG/kw0T/+b67/V/Sf47j/KG/rH/ms66ZtiTzUAfsqDw1+Zjyd\nQ0F8jn/ZM6/b7/P9I306Tma/y/cP9C/xMzddb9qF+dwpW/7CH4QNZ39Ob87D/N8L8LH+G3IX/yGl\njv8q7+bfm21Tpm8I+xf+2tv/QHzm82/vxW6mCfwz+Olm6gg6WnxOxU7SdOHfzm/Nz91nIr9N0z2I\nD3twvhS5ytYT/Hc9fOnPfPVf5g/z/b1n2HdODrbz6NM60fPTTK0RzXSuRFt23+wcao7lv53LjmrB\nTlL/tAsjnVUyzoPv4+B7rz0my5Vfi7B0f3c7r9YFv8nIx/4c/u264Gk7/Rv7MmmOXuFv5uf64n0W\nEffcxk3x/o6IAyIemT55iV4w33WtZT+Pn4O4+QLFZ8ckMzbOsGqAv9BctZDpo/9A/9taSbw/ZD7P\neao2eibN1ttT1K6DBvP2/q+Zx7/LOvd/aNNl2fE0J64+oz7Kof8gczN/CbmU+VNOuWqnZJvWt6j/\nvf9VDZWLPsPmu/xbu/2MMvezyty5J9t3c3w424aeUWeZ9epO/wkzb4l+wj5Frv4b/Ll3MHYDN5Xe\nfg30N9DuQLz9fu2/I824DjxQQrLeA34AngA3zffZ/gZqgHEbeKzWztoGXAAM4I5a22gDVBX1hAX/\nfeAqjusAJYAonD9mnxg/Ab+z9Kz3gYuAH0hn6UZboNp/3GsIW1jt7woMUI4aXqAFMBzobtYnfwPU\nTZLyqVEEiARGiRrm74AaazgwVdlgxAC9gReAkcA5YF+O7LPlaMsF66tu1lLZPNvzZ4/7v9bj/1Iv\n/8/W/be8+3/IPv6PfKYZrwCXwOca4JpZt+7AfmwH9maoNYEPgFMmFfs0sWfrALmK72o8rVvxfqVA\n9rnwLVHndjTeAdKVxf7S/3Gdq/35ALHeMGCAeLdT7NUdv1N5tbSJyeb3V8R7Elv9F3mov5IS5I9i\nTf1l+RF/Ep9vPOQX/IPMPcgQe48h6nZzX0HjxB5CPKfN2S+I57diD2A/6zX3PDg29ycHrX2DvR+a\nl70HEc9Xc8Y/aM/xoz3uWXtc8Yx2vP0Ms415Hzef05612zCH+Tz1R2s88cxXjK/coXHmMw4xBuYW\ne5BsiHuelRcFPyYf4rmIeOb432Altf1HZD/H/B8Aef9l8UYm/uOALL4zZR1rZXEmmecy6eY515xE\nUjPxVSdqJr4nRRrlo6m0jrbQVvqMDtJxukH3yJAKSIFSSSlSqii1lZKkftJUaYX0hnRQSpX8LJSV\nZFXYaDaGvcpeY5+yPfI4eZo8X14oL5fXy9vl3fIZ+SovySvwBrwl78WH8Ql8AX+Dv8s/4J/wY/ws\nv80fKZJSUCmuVCi2r/gjt+SOdFdw13LXcU9zv+Be7X7D/Yvb7wn2FPc08DT3dPR09nT1dPdM8ez0\n7PF85TnqOe350XPZk+6553noyfQYXs1b2BvsjfTW9Db0NvH28CZ5R3gXe1/zbvbu817w3vLe90k+\n2af6NF+QL9QX7ovwRfnK+yr7avia++aFsTA1rEBYobBiYe6wqLDGYT3D+pQIL3kk8l5Uy6ikstPK\nx29Yu+GNjYs3Ltm4deMHG/3vlt+ctLnPz+y3LzNUo5zh92f5/ab8LWl6Ic31kOY2+pwO0Qm6SffJ\nLxWUCkkRUimpktRO6in1l6ZJK6V10iEpjRErwiJYNKQ5lq1ia9ketleeKM+GNBfLL8lvyR/In8jf\nyfd5BK/IG/JWvDcfzifyhXwdf4/v4J/y4/wH/hP/TWFKoOIutr04Fc90M3cpd0V3bXdd93T3HPca\n9zr3rx7yFPF4PY09rWxpJnmmez7y7PUc9Hzr+d5z0XPFc9fzq+c3T5aXvDqkGeKt4K3lbeRNhDSH\ne0d7l3rXebd4fzSlSZCmYkozxOf2lfSVyZFmS1uagbmkmWJK80ZUi6guZXuWu7KhLqRJkObSjds3\nPoY0K25O+VmCNMnwQpqZkCYM1P/E/9h/3Rnh/9JZzL+fyJkPgPU6YdlOJr5uaMYpcjzxh6J3Yc0H\nCy8MOI0PnYeMnUTGDsdI4wPzq3nNVWHtZMwDpgCtgMZALaAqUBEoRaSMA8YQZT0C7t8afqMC0d2m\nQIM7v9xNuPPm3VrXX75zjCj9h/Tv08+kn0o/kX48/Vj6t+lH04+kH0b7l8C+tD7pn6R1Sv8wfWda\n07TEtKY/HUpLJEqrkz4orWZ6h7SotNJpmCstPM2Rmpn6KPVG6vXUtNRrqedSz6aeJEo9mnok9VDq\nZ6nbUremxlyJSi2dWirVl+pOLXTtt2uXr1246rk84WKP83Tutx9+O7syaVXSq0nV+kQmVU2K6XG/\n+/6uX3TdWzSsYK+ACC2fs6aj7tPfYTS/mRgH1AeGAi/mwhHz6hnz7zWYc0j2HaxUNmWVTRqHLEQM\n97N1CDlQhQwJym2AXsAcYDnwEfA98JN1t5yJsMT/ysvT5zntTuvtwP94TX/qPOQZ/Z7R/n//n/Nb\n5zHncecJ50nnKezYDjsvOi85LzuvOK86r9Esmu1MdaY5rztvOG/SCzTHect52/mT844z3XmX5tKL\nzt+dfzifODOcmc4smkfznYbTr5EmaYwWOL+mhbTIeYQWa5W0yloVLVqL0WJpiVZVq6ZV1+K0GlpN\nrZZWm5bSMq2OVlerp8VrCVp9rQEtp5e0hlojrbHWREvUmtLLtELronXVemhJWk8t2fmN86h+w4xH\n79N2+oB20L/0m3oP+pEuuBSX6nK4nC7NpbtcrgC6SJf0cq58rvyuAq6CrkC6TFdchVxBztPOn7UJ\n2kRtkjZZ66R11rpp3ekqXXOVdZWjVEqj68gaN+mWq5bUXGrhqq1fZ6VZGRbFyrrqsHKsvPYdq6B9\nr53VfmAVWSXtsnZFu8oqa9e0VFZFS9Ous2jtBovRbrJY7ZZ2m1XVfmLVWHXtjpau3dV+1u5p97Vf\ntF9ZgvZQe8Tqaw9YA9aQNWKNWROWyJpqv7FmrLn2WPtd+0N7omWwFqwla8Vau+q66rEk1tMV70pw\n1WfJrJergauhq5GrMevNUlgf1pf106tomay/lsUGaIbm10mX2EA2iA3WZT1a52yIrrChuqo72DDd\nyYazEWykrumMjdJ13aUH6Pn0/HoBvaDIhXqgXohNZzPYTDZLD2Kz2Qtsjl6YzWUvsnlsvh7MFugh\neihbqBdhi/SieoxejL2qP8dW6c/rxXW37mGr2Rr2mu7VY3UfssDr7A39pF5Vr8a2sm3sfbZdr67H\n6TX1GvoJ9iX7ih1gB9kh/ZR+mn3NDrMj7Bu9ll6bHWXfsmPsuH5G/06vo9fVD+lf6/X0eP17/ax+\nnKWyNP1b/ZieoNfXG7Dr7Aa7yW6x2+wndoel64f1I+wu+5nd01vpLfXWehu9rd5Ob8/us1/0DnpH\nvZPeWe+id9W76d31b/Sj+iB9MPuVPWAP2SP9B/0c+00fop+XVdkhO2VN1mWXHCDnczVxJbqaupqh\nGojgkbyUXkmvzEvzMq5RrtE8ipfl5Xh5vZReWv9c/0Lfr3+pf6Uf4NE8hsfyqrwar87jeA1ek9fi\ntQPmBMwNeJHX4XV5vYClAcsClge8FPABH8lH6WX0KD6aj+Fj+Tg+HrXGRD5JL8sP8IP8kP4j/5of\n5kf4N/wo/5Yf0w/yR6w6BQhvLrDO8mqpWS4XN789nguaDVFX5bMhYpYXmAoowDoLzoOg64EtgPge\n+FYLzkOg4n2Jz4DhwOfAARFNQA/amAmIfsfRLiLwCQtOZBXzDWjEUedF0LPAD8As4ByANmcq6CXg\nMvACcAW4jnbxffsbNuYCN4F7aAdQk1hA3KdfgN/QjmxKjwFBkSnpDzJfeHRiB0DZWACg2pEKQCyQ\niVTQAuIXSYEWxPf0pUJASSsjSxEWaBFopAVEOpKQVSTkDU3QShZoMShyjISsrIm2ahZoCWh1oC7a\ncU2qB8SjfSloAtAE7XVAkWklZGxERVOvUmu0NwRFbpLaov1l0HZAEtrF9Z5AMo67gCJ3SX1w3AO0\nL9APfH4D2h+ArjVxfRog3pdZCWoD0ZWkV4C1lr6l1y3okLf0hgVdjAkbkYSuUZtI0LUEvenQkZQG\nQF+IyCSJse4SuWBX0s/APUvH0n0LejlQ6EtCheKCLUrQm/TY0r0EvUnQmUvI/okF52nQDAtOMR5y\nsAT9aRNsE0ft5IKOWBGgKNo7gRYz32wgrRvo80BxdLwK6gY86F8WFPbPoF9Ef2LQLauC9vKg0cBo\ntN8GHWPBVRN0LPAq5i4DusqCC9UXWw2sQXtz0NcsuGqDQpbsU7S3BN1jQRfj74UrjrNqF3miBR2y\nkycB0BErDTrNggv2IM8GXjB/gcGqSwDtO9C5FhgqPBk+IM9Hu6hVFlrQ4FvyYquO0c6DvgS8bH0z\nQYb+Zehbg8zlVy2IukjGmmSsR0PtJK+xIOQiY00y1qNBz/LrFoSc5DcsaNC5vM4CE98IWG9Bg/3I\nb1lgsaBvA++gHTYjb7DA4AvyRgsa6ix5E/Au2uEz8nvAdrTfAUUdLO82f5mB5E8saL+CfmqBwYdk\nyFiGfLWHoPssMNSJ8mcWtAegiF2y+BWBBqCHLGiwQRn+LyNWMfiUDN+WUSVrsEsZ8Uw+hfYWoLBF\nGbHNBR+WhQ6ETYmaEXYtw6YZfFIWPGF+F3xbho3LGJvBP2UxFuzZJeaFLcuwYdbbCsUCOuTMJQua\nqDOZBQbf5bIFLcuqNwXYAFDFqjM1xDWOGM9daB8IGmBBF/fls6BDXzy/BV2MUcACGwJa0IIuxgu0\nIGpjDj/kQWhXrVpWgA0DDbagO60aVbzdx5AXeFELuuClmAVdrOM5C2wUKPyRh6EdNTAPB0pY/sZL\nWtDF/PBHXsHyOV7Rgi54QTzlwj+ng8ZY0MEfh21x2AuDr/DqFnTBL2yFCx+Fn/DaFnTBex0LDLmA\nQ5ccsVgX64i3wOA/PMGCjrXx+hYY4j9vYEEXa0Vc5sK/4We8lQVd8NXagi5k0MaCiB28rQVdyKOd\nBRFHeHsAcUsXsukMdLXiCu9mQUes4t0t6GKtPSzo2DFy2BxPtuIN72VBR77lwraGWfsbLnQzAu3w\nNT4SEHENcZ4L+SIW6UJm4y3oiHV8ggW9BijiE4ecGPyPL7SgI69zIYtlaMeOkSPGcMQXHX7CEWM4\nYguDP3GxZqxPhw64WI+IiUdBET+4yCnwJS74E/4uxoS/881oF/pBDcLBow7/5Kg9+Ps4hp444gEH\nLzpiHd8BIA4wxDf+qQUd/soRB/he8UshoIgBHL6vo1bh8H2OnbgudCv4hp8zxF6OHMnBlw7/56If\nfJ8hh3ExFuoVXej5BwsM+Yyfs6ALnZ+3oMMOOPIfR0zVhf5Rw3ARHxAbOOIpRz7RsefkiHEccUEX\nekNs4IgLupgfuY8j9+mDQBEnOHydIZZw4duIFfoPVqkmwHCfIlnQ4b8KfEyB/zKMpQRa0MGTAp9R\nYKcy/FeBLSrIgy7UGQryoCLyBmJBMcizmIiVsDGRJouLmIVrxRGDimNe4ZPoTm4xF/zPjbncqH9c\nyHdu1D1u8S04wI286I5CO3zcjfzqxhgc5274rhv6d8Hm3PA/N3Sr45obfucWOQ51oBv+7EaO0xEX\n3MhvbtiKC/pxI/+4YSciFrhhJ27EWB1xyQ25uBHLdTE/Yq1byA26dUNubsEzYgTSPHng6y7IzQMf\n9oi1o37wYJ0e+K8L93kaA1hHAGTjgS49HXEsrne2EIDxPV0tBGCNnu4WArBWD/TnmYJjrNED/j2o\niQJQu3k+AmB/AVibBzbo+cKKQx7YnecrtGN9HuQfD+wtADWqB/bmOW7FIw98wIMcE4Ca0AP79sCe\nAuBPHtRPnstWbPLArjzpaIeMPLBRzz0rHnkgEw/WFIA86oF9eKC/APiTB3bkETbU2Cr5vSI2g08v\n4q+3sBV7vMEW9AugiINe6JejrvRWsBAAf/NCj95KVvzwolbwIl/pkIMXsvaKOIEY7q1pQYf+vdC5\nV/jNZNBGAOwuAP7qFXOL+AU5eJMsBHwIihjlRYzi0LlXjLXYihdeyMKL+oPvAoUNeN/EMfYe3rcs\n6JCRF3WFV8QOxBzvZgs6ZOxFDPHus/zYK/pdsHzRe8sCRz3jvW+BIw4gnJJP5GDUMz7ZAkc/H5zO\np1o+7NMscNQkviALHPrwQW4+1KIcOvHBYXwit0E3vpIWhM/7Iixg/0Y+yM4XZcUAX3kLIgb4KlsQ\nscBXw4KIB77mFjhqBx9ijQ+2w6HjMGZBQWwPUy0w6CmsgAUFeTEM8SBMxALMG1bMgoJxw9wWFOgs\nLMqCAr2FNbagwF/DelpQYJ9h2BOGYX+hwHdLhFtQYJMlj1hQEFcjIbtIrFtBvoxCzRQFXhVBsT+J\ngq4V+FlZjFcW/qEgHpaDPZfHGApy0QaMuwE6VxBbN7xhQcW6YNK0EfagYi0bl1gIgJ9thG1sRI5Q\nkSM2Io5thJ2q0ONGxMGNiAMq6s93y1tQoePNsOHN4EFFHNmMtWzGWhxQ+s/Q+c+QoQPr+e1LCw7o\nDKKmDMjTAZ0ZcB4DNbgDMPwWHJChHzrww8ccNbGtGQggfjtq23vxtv8PgTxMq6z9rAQ+pfHW/oqV\nteqYbMiIdfK8P2vwZ0HUiqI+MLH2KezOhXNW3lBa2lht454FtfD/BVCPqcjNjjgbmNMBO3DCRpyv\nWXs+rbgN2Kwm9iQXrNpKX2oDMcAFP3GNs/GmjWt5yEMe8pCHPOQhD3nIQx7ykIc85CEPechDHvKQ\nhzzkIQ95yEMe8pCHPOQhD3nIQx7ykIc85CEPechDHvKQhzzkIQ95yMP/91DE73fI4v+XRiaVNAqg\nAkRVAn2BGpOlQCVQkn1SCvsqa7XEJOm6VChrkxSQxmTDr2x/0kqZmPUm65HVI2uy4gzIKMjGZ/Vg\nPUiiqf5H0gGpjPg5karRsZVDggurYRFTO6/s1Gll5yXxnTvH1+vcmST/A/8sds2cmSQpXGLXsm6d\nZUWU7X+cVssRo57+dF5V+QosFTN/esNLgTEFqUplCioZHREepjoCC4dUqRxblVc1fjUaG/ekAhd+\nlApKxuWByUkDpUHJSQMk1tX42DgvRUhNsqTGUgnjkvFp+P5VK/caW758bdU+cCp+RMCn7MDSScKi\nlZiSss+4bGxiXZQdT1rwroN++gG9GhHxJsoBKkJUMtgXI8XGxpgcBPuiwQ+WxxwSb5L5nHR2YNvk\nrv2GGJelAneuP9z8spF5+/ZB6bcxq+olD1848IBU7OLnS42sNcY9DFoXy6uCQcVvgsRgHTlDlqhS\nmUNijhAMzMPDIiJifOZCY6LDpfmrhwxKTmk5BjOEHLooBY4eOHGice7ipNRlUtiEbv1G32djU4d0\naz2gU/Od508f7bG5UtQH47690mX30tYDhnY5B6FWE9/YhMx1yk8UJPkCqwSHY+G+kr5ARzWWJJV4\n5x3jctZmqZCUUFj6Rf4sc/Rt44BU4zZTwsHzQPAcj7ufF79tEuQL9smxVSoXwvrDw0pE+kJyViGN\nudFWrpi1r0TK2DO37mfsNb5TJHfQJ0OSRo5v2YG9XI2l3TcOVjWMm/uN81eOfLF25KhFVWAGSabG\nD1AI+agspijMvSViomOrQgS5pCJZgiocUjk2KDrCPMLEsILbRhfj+pQB3QZK/OtvJHlQtwGTjS+6\ntmnVtevbnd3DPxo2rHu3IdKSY999d2zCh5UrvjPg4KlTBwe+XanyThbavn+fTh0GDsz6sdfw4b2S\nhw6FpDr6f+HlwExh8XVPmJ8SHlMlNraqGh7GYoTaKbCkZX/Wknk5Y4WxvESRc2cDR6/89kdJu3xV\nypeV2HdAo75Fx3ZK6i/nN9YaifxX6eMtw6Wip85IFYzdxsO2w9c1iR6zZtVmv58mw2u+5N0pgoLE\nL1NSkN+QhVRmii+qQ+j5KVh88xpScUBhOdIIrFI5JjpSio4UjbF8j/Hw96wjkj9LcqcMnj4888Gp\nn9Mk5aBxXaJRQ6Wtp84xZfv+o703RHl3sY3G8p0f8cwHXzmMcYOh3g6QfwaWLPzNp5LP8jiQUF9E\nRLhXtiQtH5PKFjBOGg+NW8Y+KVEKkgKlsGDjjD5lhXHBOW/d4hek65cw3wQpIUlKkCYZF6/MXGC0\nHn8tbQbmEKtpi9W4zDAT7LMxUz6WlcTqZH3B3la2PzDeuWNM+hW9V4CTL+wQATOVvjDOmIFnuz1S\nFI4U0ytxlUdldpTK/fqrsj0j3rquTjXlhvAirgchyAQJY5enS2OkecZptzH+mDHebZyW5klLufdJ\nK2kx25JxkMdltTNGZs+hhONIM+cXLOCPEm6cydqFu8qxxoIbeEk9ZXtmXflzmI3g6pLpYIUsniE+\n+LG4t3IsLEV63zjNqiOaijhjGA+lgBkjR85gLMtQthv3T55+wj41qk7ct8we6hdzAaHi+8amn1pq\nl4KF2k1nk7cZ9+9hSHeG5Fk4XqqRue+XseNGT2AhWT8p26+efX1/bNaW/Hyv0XRcrz7jsCLxNfwj\nGNQB948xZR9Ymq83EowzfO+DBxkJfC9mbgBDUHkL+Hmk+CZyJIweLhhbpYpp64hRsSLsBYaEBpcU\nDmC5I7tWyDVg05ozmY9nNG+7xrj85NSnj1nprLtN+oWMHTWwaUSNMR8veu/TOk07z1z0zb59hntp\ny8DD9SL3JDeKbYgph2HK2gjDBUzrExElUph5oBlgpDBHoB1deO2Tp7cPyGdkSGF93vzupBE4LyZm\nwYS2bVnQA+Po3FEqZZ0fbRy5L9UcYbQb8cH66Xuw5nh/uvwYy8HIgl+fyoUTx0QXwipM07b4r9Sy\nryQVZEbWnow/fs849Acz7ks9Ok1t0fy7jolbLkm1bjx/Xaqd9mXLYXtXTRFSagKWPRi2sIiHJVUI\niSLN0FAoONgXAn6rSshSvpiICO6MPvN6ppEmSYG3bj/MalngxWHv9DQOdUspIC1n3bcnTpQq/VDm\nkRRnXLg/acCMCSx0ckpIx1HgHP7OLqvBJH5cSugfMUjooXKoA0w7gquwj88al9av//7jhi3kiCrr\n5LNyv8xVcr/TPXZ/VfiKtqi30KXRgYebixe/ThUWEVnVlGSMCGSRpgxCq/oCC3NJOHfVQFMYrFiv\nOw2nD3pt1PS+6w//xO4c/Vdvl6TCYFMGjZwdV33WiKFGhzYdt4+fNDJupBR9q/hjqfLEvhl3Lt+X\nP5n5cYp0sPfuOWBe/PJMQahU/FoWFGhrMyQUNDqC1ZtaHVnMN2L7Gwck41IXOSU5MwvaOzBvT2pW\na7ZlQEvwPgR3fqDcMn9tlIJySgkFIwzp9HIn/E+KNi4pbeq1b1+vbvv2PwjfJeZfZzSVtpi3heS+\nLRTLxKojY7DQmAEdxf0dQ6SwL95v1qB8+Vm5Rpn/8f7A69pCLEH8CNZ6lXLiz3rjkkpPzHKBhon4\nAsEWz1leqNDMn0sMN1ux1Pjx1Y1LUkF9xIGTLYZ9/9o+rLdj0+lVjMud5JS+WYzHjVvwzju7rmQl\nsh2DG07ICmbbBzUR2VbIDxME/mWCbPnFT6op6gx99Jer9mDAznJK/yzO4yYv/eiaGKh/IuQHw+cJ\nGCEfFRWCEFkrOLgwCUMtWfjPdB0vBTx8LOnGb48eGI84HGvShD59Jk1MYZHpUg3jQHpwunFQqnwz\n3+zdu1bP2LtHeKvRk9fGwKa3KmGR2czB8guzXN7KVr/ZD0vP5+r37rFz54ybc6Nj547okVx4lCEp\n5wdMMU49xthfyeMHGA0GfbpqzoeWWNlpDB3wV7HKrN9bVTBUoNb+taphshw9LKsGj5uxIp9xBzdV\ng4efwk0lcFN0RGSEGa2gdl92rRAqqikzjJmeyXa3X7jx++tHTv9qXG7VvnHrDqO33/rtZOp9KYiP\nab5JKlu+jrvEqwvmHj74Su02CZXL1wwNX7p+yZ7bs9snYjLdn84WKQ2QjuH1YkjhloFWKWU6EVvU\nuvviTW+8Ifl27apWtWwpx3Mvb2E1Tksu49HprNT6ZZ0YJJ/4eSdYq2pmJ8kXFCRnGC8Zd43lUoXD\nX/M4Mw2VZmfRVfzikIyuSJlSUJAP3WVU5ZLU5YOPpBjjqFTP+Gb/Z8Zh0KM8Dik5Pute1lmpvbGZ\nlWaB5u8L5Kdt4heSxW8/UQ/zN/7EsQQZ97CPGTlhb9axTOVppH3MMfs6+1hBBPnIPlbRfsE+dlBd\n+tU+dlKAVNk+1ihCqm0fu6iwlGIfB+Q6zkfdpPH2cX5qJ52hBFjAcJoADgZQP+pPo1H4V6aKVAn/\nvCjFh+FfPxpMfXDWhIZSb3DrpXpoGQzaJueuUeZZH9A+GGss/qagZxvc3QsYDcQDg9Gae8y4v/Tw\n5vSJs3mo+ozrHcxZRmH2YeBJcFwevaug3q6Rw/9f7y2Xc+9fRxxgcp4MjMaIybjeB3EwGceD0DaM\n+j4lhfJ/OUvA2keaY4zG32STF2t8wZ+QiuDvr/f3xvEQaob+vXE+1JRYCu4bg+MU8z7BS39T4vWg\nm2T0s87+ek9ZtPwnOVQ09TEad8ZRBfwbZ/4rj3H+HKs8+o8ERxXAU+4xR6GlGfScQA2oBbXF33L2\nmPR/AIYV5tUKZW5kc3RyZWFtCmVuZG9iagoxOCAwIG9iago8PC9GaWx0ZXIgL0ZsYXRlRGVjb2Rl\nCi9MZW5ndGggMzMyPj4gc3RyZWFtCnicXZJNboMwEIX3nMLLdhGBDSZEQkhp0kgs+qPSHoDYQ2qp\nGMuQBbevmUFUqiVAn/2e/YZxfKrPtTUTi9/9oBqYWGes9jAOd6+AXeFmbMQF00ZNK+Fb9a2L4mBu\n5nGCvrbdEJUlY/FHWB0nP7OHox6u8BjFb16DN/bGHr5OTeDm7twP9GAnlkRVxTR0YaeX1r22PbAY\nbbtah3Uzzbvg+VN8zg6YQOaURg0aRtcq8K29QVQmYVSsvIRRRWD1v/WCXNdOfbce1TKok0Qk1ULi\niJRJomeiA1JKSknKdE8kiA5EGZJ8QtrnRGeiAvOsJ285ttg8QxmnBOKCXk5efsFPWlAsOloUlG5N\nwEmS0uQJJ7OciJQ5p8m1Rtozp1Il2SXVmJNdrjVScXuxFkCRl3+73IGtcerufegZXhRs1tImY2G7\nS25wi2t5fgFj8KyoCmVuZHN0cmVhbQplbmRvYmoKeHJlZgowIDE5CjAwMDAwMDAwMDAgNjU1MzUg\nZiAKMDAwMDAwMDAxNSAwMDAwMCBuIAowMDAwMDAwMTU0IDAwMDAwIG4gCjAwMDAwMDgxMTggMDAw\nMDAgbiAKMDAwMDAxMTAzOCAwMDAwMCBuIAowMDAwMDEyNTA2IDAwMDAwIG4gCjAwMDAwMTI1NTMg\nMDAwMDAgbiAKMDAwMDAxMjYwOCAwMDAwMCBuIAowMDAwMDEyODQ2IDAwMDAwIG4gCjAwMDAwMTI4\nODMgMDAwMDAgbiAKMDAwMDAxMzAyMiAwMDAwMCBuIAowMDAwMDEzNzMzIDAwMDAwIG4gCjAwMDAw\nMTM5NzMgMDAwMDAgbiAKMDAwMDAyOTIyNSAwMDAwMCBuIAowMDAwMDI5NjMxIDAwMDAwIG4gCjAw\nMDAwMjk3NjggMDAwMDAgbiAKMDAwMDAzMDM3MyAwMDAwMCBuIAowMDAwMDMwNjEwIDAwMDAwIG4g\nCjAwMDAwNDUyODQgMDAwMDAgbiAKdHJhaWxlcgo8PC9TaXplIDE5Ci9Sb290IDUgMCBSCi9JbmZv\nIDEgMCBSPj4Kc3RhcnR4cmVmCjQ1Njg3CiUlRU9G\n','Brix Report',2,13),(97,'2022-05-19 21:56:29.644020',_binary 'JVBERi0xLjQKJdPr6eEKMSAwIG9iago8PC9DcmVhdG9yIChDaHJvbWl1bSkKL1Byb2R1Y2VyIChT\na2lhL1BERiBtNjkpCi9DcmVhdGlvbkRhdGUgKEQ6MjAyMjA1MTkyMDU2MjgrMDAnMDAnKQovTW9k\nRGF0ZSAoRDoyMDIyMDUxOTIwNTYyOCswMCcwMCcpPj4KZW5kb2JqCjIgMCBvYmoKPDwvVHlwZSAv\nWE9iamVjdAovU3VidHlwZSAvSW1hZ2UKL1dpZHRoIDQ4MAovSGVpZ2h0IDUwCi9Db2xvclNwYWNl\nIC9EZXZpY2VSR0IKL1NNYXNrIDMgMCBSCi9CaXRzUGVyQ29tcG9uZW50IDgKL0ZpbHRlciAvRmxh\ndGVEZWNvZGUKL0xlbmd0aCA3Nzg0Pj4gc3RyZWFtCnic7Z15VxTX1of5Tn1VxOkqCoojYhwiDoga\nhYhxRBDFIOKIENQESZzAgSigooAEIgiBiyKDgICioCQSAtGv4Pu8tRe9+jZQdaq6G5qb/v3Ry5Du\nqjPs/dTep87www8/bN68OSQkZN68ebM0TR1FERERXV1dnz9/7uvr8xtbffjw4eXLl9z3119/nTZt\nmm10zZ0794ym45pGuyCX+vPPP//zn//oXMrb9I0ms033/fff//DDD1988YXh9adMmRIwJBr535pm\nawoKClqgCTtZuHBhaGjoMk3Lly9fs2bNl0PauHHj5iFFRUXt3Llz//79cXFxSUlJycnJp0+fTktL\nu3jxYm5u7i+//NLS0vL777/3aeIfhYWFz5496+7uxsBcMRWx4eFVw4D5OxWhKbZv356RkcG9uOn7\n9+9duZ1bhCn+9ttvfNI4c+bMmTFjxmg+iPz9/aurq/GIP/74w+yN1I3BG7RixYrU1NQjR44kJiZa\na9jy8vKSkpL8/PyffvqJ5qXRent7m5ubHz58eO3ate+++y4lJQXLPKgpJiZm165d2MbWrVux5HWa\nwjWtXLkyLCxs+ZBwAfEFcYr58+fTa7OH9G8HBQYGBg0pODhYfIf2x1k2bNjAjfbs2UMFcQ2Qlarp\nypUrjY2NlFYcAafA61Waa9KkSZmZmXhTe3s7P7fWYtYkXkzD0kr6hZw+fTo1vXDhwtmzZ3189vNi\nl/zXv/41c+bMxYsXb9u2jc568uSJwBlvwj4tmwoQxi8M7w6xcUy8lSeFBdC5UUCjvr4ea7x//75K\nyREw/4fwGUc+f/68NT7n5eVlZWUR0RUXF9+8eZNQgQvSwhjeeNfMWaAVwq9atWrv3r10bn9/v4TB\nWEVPTw9RxKJFi1Suw5OioaGBn49l1IETcVNKe/ToUcO2JZzjyXjp0iW6VeeaPj57mwgLCSpu3boF\nnC9fvkzYYM1aJG5RvCN2Auhqamr4tHY7FzU4ONjW1oY1VlVVEYkpttU/h890EKGv2WoCt8ePH1+9\nehVE8+gnAAaA410bVWG9OTk5mASYpZcrKytB9IkTJyZPnqzy8927d7979w6yjVkI3dXVRf5LqsIj\nRr9sVIGEhbLRL/rX9PHZO0X6Q65HPEkwiX1asBZ1Pts0XygqKsIYmpqasDELt3NFYKSzsxNEkxiS\nQau30j+Hzzdu3Lh+/bqpOv711180jiAarM2dO3e862FaRKE8mATRwJm6QKr169er/Hbq1KnQD7i9\n1mTWQswKIyTz5UZkwYZlI3guKSmhOnV1dfqX9fHZawUz8Uq8rKWlxYLBmOIzWrJkCdaCmb18+ZKb\nWrijZYnrdXR0bN261VQT/XP4nK/JVB1pmYGBAT5//PHHpUuXjnclLArMSmKFhTx//py+xilmzpyp\n8lv6F6MirPV0Vtjb29va2spdrly5MmXKFP1SETynp6dTkerqasN3TD4+e7N27NhBQEs/WrAZs3xG\nGzdu5FmAUxMGuPh2Ul3YNrEEiI6LizM7IvrP4XNxcTEJjqk64toynSA+Pt4Lh5rV9e2338pMDDqa\nXODVq1d79+5V+SG1TklJgW84kUdDjnfv3pF1NjQ0LF++3LBUmzZt4pvYvIrdTlA+HzhwwGwbTiyX\nFIWGhj569OiXX36xMMRhgc/Y8759+7B/4Dw2L1ZkJhK2nZqaqjiu6Kh/Dp8fazLbtrh2RUXFl19+\nOd41cEnh4eGE0FIpguGPHz8+efKEdE/lt7Nnz66srATO3d3dZo1EUTQyiSeIPnLkiGF5Zs2aJaMu\nL168UO9ERT4vWrQo3At0SpPZZnTdJWVaV0BAgExdmzNnzrwhhfy3li1bFjokmYm0ePHi+fPnBwYG\n+vv7q98R67p9+zbWZWEmpwU+27TpHCdOnMDYoIGnB6IxvJqaGj6vXbumP1l0NHkJnydNmuQ48W+W\ng+hxu5EEBwfbLUQmmNlFSVYNac2aNXZTX7duXWRk5O7du/FQs2+KxbXv3r1r+LpKRSoVlLl2Ivhp\nrx3PlxFrt379emoXFBSkf2sa58GDB1Kpv//+u76+nqrRg4YjCaLNmze/efMGpHvoRSHxDOETcZRK\nOxNYUpiqqirFwpjiM4Hrj16gwsLCrKwss82o7pJUMyMj48KFC/zk3LlzmZmZ3PT7IX03pLNnz56x\npMTExIiICOzcsCQ4/uXLl2VSpdn6WuOzTXs1SfMCZ+jnuRn+mLTMgCJzx8ctlNM2JnzGGE6fPk14\nT3djDFjFRU1XrlzJzs6+4SCepHeGVFBQUOigYgeVl5f/OiRCu98c9NRBjY2NL4bU2trKE1Mx4rJL\nXDsnJ8dwcIMAW2YdSx3tcpfD/qTp0qVLl0cS0NYvHl+gte31osfJKImoVd7E2TQnklnfL1++BO9m\nTcWwkYlkOjo6tmzZYlgSgjRI29PTQxZgqhPV+ZyUlOSuXrMmegqTu3//vtmWVHfJ5OTklJSU85rw\nR34FovnkCvwFdKenp6elpdn5jGMeH1LakGSmvZj96SGlDkn+r0osze0+aDJbX8t8RgATwmAYxCqe\niKJ7e3tbWlrIC2praxVntI6oMeDzsWPHsAc6iz6VpzY/5PkFbQj7MUWB882bN3NzcwXOJLC03r17\n9+5rIvZ7+PChwFlGq8o14dfwmVBK4EwqgRsKnAmVeXg1NTU1NzeD5fb2doI0EG2qjuLaFNuwjkQL\nlAog82UCD4EzNZXIxC0SREPjgYEB+p0uk2UyFHLTpk36xSPS5oHoWDVIiwmVlpYaxt4ishXa8+PH\nj/zKrKno6PXr13QQFaFqhsE8jwmsjirzExBtqhPV+WzhxZyXSN0lT548SY6veFngjPPyE+BsD7T4\n5I8CYSHzqVOn7Guj+KQwtLzKM5cnhTUEucJnm/asByDcF3Ny71j058+foQ3Y58ouDo2OAZ+l+9xY\n/TGTuDbJmmEdIyMjf9Hk6SL9pUnyQTqO7EmFz1u3buU56HgdDBJkAVv8TnFG9/79+/k+v3JjSsgT\nk0iYh6nia8HOzk6M35S5+vg8XGc1ebQwsmo1ISHBsDAEb3SohbcbLvIZrV69mvgZqyZccePY3du3\nb2XCc3R0tCvFs40Jn4mZCSndVfexFE9Aeg0uGdaROGFs+Owoe/z81Vdf6ZRt2rRpuAAd7fRzzBIr\nIsVQnA7NdchouJ1A0vXycymwyZPi0KFDhnefPXs20T4/MTszysfn4SK5wys9Whj6iMSZp79hYY4e\nPfpSk9lbuM5nhO+0trYS5whUXa84LC0pKeFxc/jwYdcnfXmaz5KTkum7XvGxF11GO+/evVull8ee\nz37aSDICv8OLhG3MmzcP9pJsjvgeBGvEMvn73bt3Fe2ceAM/4ofWFnw5qaOjg7sXFxcbvhakLngx\nDxQibbPRu4/PThozlzx16hS2Z9jm9OxzTWav7xY+Y1qxsbFv3rzBqs2Ofw4XIK2oqOCTx5/iy3d9\neZrPBF3yUtjFio+L2tvbwZHKnkLbt28fRz5DLQJ4meYUHh5OgVNTU6FubW1tW1ubfGfEd6Owq7q6\nmmcQEazKs57vnD59Gtw1NjYODAy4WPLy8nKaV2WIEjOj/D09PRZGv318dtLUqVPHxiVlONqwzeFz\nrSaz13cLn23acififOAsaLVcX4IWasEVbt26NWPGDNcLZvM8n2nAictnebe4Y8cOw2aMjo4eFz7T\ncZKd8VlTU9PQ0PDq1Ss69E9N0I+/kwX8oWnEKwDnrq6up0+fKk6VnDt37pMnTwYHB7ms5WLz1KCo\nlDMrK8vwFT88yc3NlYVC6q8F7fLx2UmzZs3yNj4TJFRVVZm9viKfVV6vEEZiitgYPLSG6N9//52g\nRaaJkrfq3y4wMFBx6MPTfA4KCpq4fCbnAiNRUVGGzQjDx4XPftoodGdnZ1NTU319PaUl5icSkBeI\ndKt9Wcpoev36Nb/lyzk5OYpT6Ldt20Y+SLBhedE3bAe2BBvLli0zvN3OnTvBsmXH8fHZScBhbFxS\nZt8ZtnlycnJlZSXmZPb6KnyWBYMqXT9nzpw7d+7YtwA1VZJPnz61tLRgn5iZoUkTWl++fFnxpbyn\n+bxo0aKJy+e6ujoCS5VJwjBkvPjsujAAvAPkKu4OTT6IgcmYiYWAlkhDdgA+ePCg4b3mz58PxglL\nLI8N+vjspODg4LFxSZkmbdjmKSkpZWVl5eXlZq+vwmdslWDAcIKTaMGCBZRElqaqI5oQqKOjA0QT\nPxu+aqc8pBV4jeLotKf5HBoaOnH5LNOqVfi8a9euictnPy2gxcDIMRXn0i9ZsoTkAjOD6mbvJZGG\nyktJYoxz584BWFP+4iQfn520ePHiMXBJqEJh6D7DNj9+/HipJrO3UOGzv78/BoDJGR73IKL1iMqI\nB8jvVNatfP78mQyUL5O3EqTpX5xgPj4+XiYgqSyutHmez6tWrZq4fK7UtH37dsNm3L1794TmM3Bu\naGiAY/SU4i4usbGxUJ1I2JTxYPlFRUXNzc0RERGGt9i4caPM5XNlxrVZPhNeqnzTULNmzZo3b97q\n1astl9ysvCdkki5DlMewoU6dOgWcLfiOCp8DAgJkpQCGSi6m0nFYJvEAVo3t4Rf6ZXj//j2V7erq\nOnLkiOGQRVRUFME2X16zZg0FUymMp/m8bt06vumW/YXgxooVKyBhVlZWTU2N2QJbkCwkV+Hzvn37\nJjSf/TSOUV/FddY2bROD/Px8LEd9817ZrhlEp6enGxozrvfo0SPZfdqVianjuH8dbuiFfOYLnuOz\n7HJsP7zSkM+YwZkzZ/CysrIys/dS4TNWKgYgKZvKtrpEuTExMcTDwJn0UOcNDlcG+yA6IyPDMB5e\nu3ZtfX09XybYnjFjBgUzLInNa/ZHUhT1ojeBM2Gt2QJbELzlya7yfnD//v0W+FxcXJydnZ2YmBgd\nHU1Us9jDMiwPAQM5HVVWPIkA/jQ1NT148EBxcFiC4cePH6uMosieqBZe1jjJx2cnESzxzYSEhO2a\ntg1J/v2Vg7YOactI2jxMkZroYuBGboVVXLhwQb8w06ZNw6MxCQ+9H4QY8qL86dOnmAGhneKuTYcP\nHwbOsJRajBgeyNtA2ZvOsBhLliyB5EQm+AuInqHJsBi2iclnMGjhaWtBJSUlhHAqfD5w4IA1PqMr\nV67gxUs8L8Py9Pb2Et9iDydPnlScDn3s2DHsrbq62vBF4cDAAO1DcKWy3icsLIwcUw59NtWkw+Xj\ns5NCQkKgK1ZNVLB9mMCy4Ho4pe2gHk5s4Mxn5DCRPusXBrLh0fSOhS36VfjMF8QAsOqHDx9i4Skp\nKSpzJ/z9/VNTU2X4YvhANKRtbGzkmoWFhYaHCRLtELpThmfPnkmwoXiyrW1i8pnKmj0JxZqKNKnw\nOS4uzjKfqdHwY+I9IZUiyXleLS0thp4lCgwMpArA2XBvQIxzcHDwxo0bhpEDEc7PP/8sp4e7vh2T\nj8/erODgYMqMyTU0NJitrwqf58yZgwEAWAwbWyooKHj9+vWePXtUyjZ9+vRLly7BRqdVq/ZFB4TE\nK1as0L+IzKbj1nzZfpHZmlTKMBH5TNJElc0W2IJk3zyVTU7IFv83+IynkNNhSPfu3VN8xBM7NTc3\n832dUQ5Sxby8vNraWpU3ETExMcQtfNkth2r5+OzNCg0Nle0rLbxiUOEzsau8qZQYWE5Oga4bN25U\nKR7hh4S+TU1NYo2y7EumSRtO25syZQre/fbt29LSUsct8uZoUinARORzWlpaenq62QJbEMkLiFbh\n86FDh/43+OynhdAyXqG4wcvkyZPpEeBcVlY2opfJmDNWevz4ccMLElDV1dUNDAy4ayNTH5+9WeHh\n4bgAjmahvip8DgoKwgCwJUEcptjW1garFbdMtGk76+LXOAVU5yIQXnD9zTff6Bsz//fgwYNdXV3E\neE6LbXlqGK4xFE1QPnt6d0SR7D6twufExEQv5zMUVS9Yd3c3QYL6ou+QkBBcDOMfcRQRY+Z/YaWG\nU9cwaZnwLHubm2rM0eTjszdr79697e3tZg+eE6nwecGCBfbNeOVXsLqhoWFwcLC8vFxxLiVNKpyU\nXZ1xDUIXw2moUVFRIF1m3zmVPEiTyq19fNYRqQ1pu8r+G0lJSV7O54CAAPWCEWMA1f7+fhJPxUXf\nX3/9dVVV1c2bNyGh46XALM3Y2Nio8phbv369fWqWqZbU0fjymRq5qyKGmnB8Bo+PHj26evUqiLZQ\nXxU+L1q0CAP4+PGj4ywgsrOamhq49/PPPyu6XkREhIxCd3Z2njx50tApyAv4PjDHlYYnlVRccTK2\nj886KigogC0xMTGGBTt69KiX85mmM1U2ORgXWqpMt7BpL/XS09Pr6ury8vIcr0NohDtkZmYazmua\nOXOmnOPsrp14Rab4TEcscJ94JPHgdldFDDWB+EyixMOLnIuu+fXXX63VV4XPS5culcFnAmbH30I8\nOVabRlOZcUeBiUDKysowcsOhY25aWVlJ1QjURxymE/NQaShP85m6y7GnbtHy5cu56Ric/iCCz/n5\n+YbLNm3aGV5ezufZs2ebrT5wBq3V1dWKJ31jlrm5uefOnbt9+7ZcAeu6dOlSaWmpyljfkSNHxKTd\nsrm0Xab4nJqa2udWUX031kVfE4LPAGH16tUZGRmEl2CnvLzc8vx2FT6HhobSCzzuhw+XAWe8j2CA\nZ6jKjDu+s2fPnsWLF+t/LSgoiKRbZkePlgYuXLhQcSMFT/N5xYoVfM2CYcvJIPatMu1/4d/Xr1/H\nj6z0qElJ/Lxr1y7DZjx+/LiX83nu3Llmq49JP3/+nAa/ePGiykGfNm2U486dO3gfP8Epbt26RSKp\ncgBNWFhYS0uLdL3Zcuqrz+T6bh4ubiHzhyG5tzo68lo+BwQEgKMtW7YQfBJYkvLTPg8ePMC6XDmb\nVYXP8Ee6Y8SM7M2bN8TwnZ2dJImKE/71v4AjX716VTYc04EqkFeMecaAz3yT67/XJIx1MmDHPzr9\n3f6/HP/TjSeF6eueJpUE/+TJk9b4TLS5Y8cOWsnaaQt79+7tUzh/0KaN9VloAS5OTtfe3q6yyN2m\nRUfJyclZWVkgmqbDKQggDRfV8iuoSLd2dHS4HWhm+fw/vz8SwdvBgwdv/LeIeXikkpbGxcUR3yqu\nPnYSEI6JiZHDoLlaTk4O9GtsbOzu7u4bWiSCSYBlkOh6R6vwedWqVX0OLweHi5KQJ7a2tkZGRlqo\nsqMwY9yZgLykpES/dks1qVxzbPiMw/b29gqizd5oHCXzN1Rms58+fXq8zk9R5DNeae0WGDCepf6y\nm/zuu+++S0tLw1aJkVQmPIPEnp6e2tpatwfPfj4+D5OktH86yB4a2f/d0NBw+PBhxWX+ImJL2Ujc\nKdAiQn79+jXub/+7u14uqPAZ89PnM2UjnpfFfcBcvb5Omjx5Mg8mnAViGB5dEapJ5bJjw+cJun/d\nA02G+3tjmbLq3Jv5rLK+e0Rx/adPn2IhBFeKW9uFhYXBZ0KyxMREw5RwwYIFXB//tbCVtGL5fXx2\nlLjknTt3nFhq/zdZv5wRX11dHR0drTi0ZdMW68kqOVnBIWBB7prK7iQVPq9bt06fz36ahcjyk4qK\nCsVhYSfJKQBwPi8vjxzQsORhmlSu7OOzjoqLi4uKigyHT6GW9/MZe7B8F0IgUraWlhbFVVc27V0h\noDMcV6fpJJYjwfRQbuXjs5MMXVLgTHd/+vSJ3D8zM1N9z9Xp06dnZ2fz88LCwnfv3nmIzCIVPmOx\nKm8B7Iu47927ZyprEG3btq2+vv7WrVuYsUrJv9CkcmUfn3VUWlpaVlYWGxurX0cCDO/nM4meKzeS\ndzo8rRTXpSoqMjJStg/13DsFH5+dpOiSsrsmLkDrPXr0aMOGDYpH5k2aNCkpKQk481gH8q68AdSX\nCp83b95sGD+L+JrA8OrVqyrbkNpFiI51ybi6YslXaVK5uI/POnqs6cCBA/p1nDp1qvfzmUDClRtx\nl9raWtn+S9FPDYVz8fjD9uR0e3e1yfCS+/jsKFMuSdNVV1d//Pixrq4OR1A89cOmLdBobGwEzvzc\nQ5NYVPhMZCuDNioXxBQrKioo8/nz5xVrSmM+efKEn9A+6ja8evXqNWvWqFzfx2cdYVo1NTVxcXH6\ndZQ9bL2cz1999ZWL9wLOWCBOp2ha+pK9STG8hoYGVw61N5SPz04y65J///03uT/JO8Hw2bNnFXfN\nsmlvFh48eICJyjRjt491qPA5KipKnc9+2lBeeXk5wT9xiOHblqVLl8oiFyhhqnZr165VPLLEx2cd\nPdeUkJCgX0f7rtTezOevv/7axXvJvqOYSn5+vuLu4jpauXJlW1vbwMCAR+Hs5+PzMFlzyRcvXuTl\n5ZHp3Lx5U+XUdZGELt3d3bLS2b2jWCp83rlzp+L4hl2yIX9PTw/5gk6qGBIS8ujRI6yXKM7so2fd\nunWGJ8mKfHzWUUdHBwaZlJSkX8dZs2Z5P59jY2Ndv52kqxhwfHy8inWNJtwWZ6fwnZ2d7toHaTSZ\n5bOsT3Galv9hmPpGkeI3Db9Gmc2O+XjaJbu6uoiEKSp2HhERoT4cvWPHjubm5v7+fp0ldRakwudd\nu3aZip/9tDgEOMvBr6Pt/T5v3ry7d+/KSfQWBtg3aFJpvbHhM906mj2PsUzVkccibpKRkaFfRzkD\nwsv5nJyc7JY79miqr69X3J5xRO3fv//9+/d1dXWeDp79xnt9t6McpxyrwNlstDkGIZOM0FLCZ8+e\n8cRXH44OCwsDAjKRnpjHLWMdKnzet29fn8n42U9DNA8jfgiihztXUFBQQUEB13z8+LG1t5883VR8\n1ubF67s9IbObIcivcnJy9EeiAgMDhc+kLZ4+Q9BJKSkpfWp8PnfunNkuHlFyVAqOlp2dre6ejlq6\ndCl4lyWlbimSvvrM8Jm4KNQLdO3aNbE9UzUdm5T2g7Y1fW5ubmtra1pamuI5IDbNTbjp27dvYZoc\nXmatAHap8DkuLq7PPJ+lmiD606dPpHjh4eGOFiI79ldWVlqOLuQ4MJVG8zSfp0+fvnDhwvG29/8X\njZyQkGCqjuIj9+/f15/HO2XKlJCQkDE4QHBELVu2zHA0mFT0xo0bZrtYp1kwzu7ubpWdSZwE0oEP\nJifbpLurSPqlHa/9RS3LHsabqulYDjm2tLQQQ7569YrHtOGWQXb5+/uTOsm8jpqaGheHo1X4fOjQ\nIWt89tNmGBI/DwwMdHR0yDvx4ODgwsJCrlZVVeVK4eUwR5UWm1j7i7qimTNnzp8/31QdJc2sra1V\n3MzEa4UZ401mu1hHREEyysHD11RJvvnmG7fv8KwvH5+d5K5XQsC5qKiIti0pKSFzVJ91CetkrKO0\ntFSWV1srgAqfv/32W5X1KaPpr7/+In6mIzB4LgUt+4amSVu7oEiOSldpq38Un5GpOspRZfBEcTDf\na0X6YO2IitEEnGW7OYJhxUXfUgwCD7F2z014dpKPz05y4yt7SlhRUfH+/XswQjKlbglBQUEUADi/\nfPlSDsK2cHcVPh87dsxCSzqKspEqyuuAPm0luOuhRXR0tMqpHzYfn40EiOgXHp3jXXyXtGXLFqId\ns3XXV5+2PwOJqsr5BTZtlktWVhbG9uLFizELnv18fB4m906pAs6yeq6hoQEYqk+8nDp16v79+0nB\nxJAsIEiFzydOnBCuulJHgbN9l2NXLiXauXOnotf4+Kyv/v5+eqeystLajoteoh9//NET8aocu9nR\n0WG4q8ykSZPi4+MJlgYHBz20mmw0TVA+W6DKeE15lVVLeXl5bW1tmZmZiieD2LTXImvXri0qKsKK\niouLMSRTVqrC5zNnzrgYP3tC5Boqu2LafHw2EgYj08BUNpn3QuECJFOU/+7du2brbigu29XVJUcU\nBQQE6JehpKSkT5uw5HTSkKfl47OTPLQkobW1VfZEKigoMLVRZ1BQ0IULFwTOhNPq8+FV+Jyenu56\n/Ox27dWk0jg+PhuKxrl8+TIRQlRUlPoI27iL/DE8PDw/Px/jpPwemmncp+0VzOedO3dGPDQTOG/d\nuvXixYskwpZHGl0soY/PjvLckrGenp7y8nKK/fjxY5xF5dAokYx10EcDAwPquwyp8Pn8+fNeGD/H\nxsYa7uoj8vFZRYDl+vXrxH7Z2dkbNmxw7x5ubhQeERgYGBERQdggoYhM1PQoFTF+2fUX39y8eTON\nI2fB8CxbuHAhpkiOKQwfl9MZfHx2kkeX9Mr0hv7+/qdPnyYkJCge/m7TnuORkZHYqnv5TGDghXyO\ni4s7ePCgSrP4+Kwo4Gxf59Ld3U273b59OzMzMyUlJT4+ft++faTwBIrQe+3atSsctHxIy5YtW2ik\n0NBQvhkWFrZy5cp1Q9q0aRNX3qZplyaSo0OHDnFrOaaE8PjevXt1dXUftOMa5S1GWVkZOSOeYp+o\n+X/32/N5CmVuZHN0cmVhbQplbmRvYmoKMyAwIG9iago8PC9UeXBlIC9YT2JqZWN0Ci9TdWJ0eXBl\nIC9JbWFnZQovV2lkdGggNDgwCi9IZWlnaHQgNTAKL0NvbG9yU3BhY2UgL0RldmljZUdyYXkKL0Jp\ndHNQZXJDb21wb25lbnQgOAovRmlsdGVyIC9GbGF0ZURlY29kZQovTGVuZ3RoIDI3NTI+PiBzdHJl\nYW0KeJzVnHtwVNUdx88mkEiIhLS1iEQjKK08FCwVkTIoI6UKigKmg52xlE5FrbXajsg4VYFWbFSc\nqkNt05bRFkYgaEs1rWhERsVaIAI+SEDckgAhTx7ZJJvNY/f0bjbZnO953HOy997N+v0v5/zO75zf\n+WTvPc/bQEG70oihFkK5uty+nB/ShPW+WE+HjXkkEo6qK6rOzo6Wpvpq/753tzz/wIJRynZHmPLt\n60yj7dFtLWz1gR/3r7kaqbp+/O2/enH77orK2lPNbZ2d0VjDMUUiVg+w8VDmr+Cs7sJbuEruMow0\nqwaK3clkJY+vjY7dO0jecOgP+kvDcGOayjXGVb5d0ipH/SOYoL9I6U0+Qoa3Ymrg62ahroFSZ9is\nlOBLac14acORb2S+WbjduugMV4WrfNtlVT4WTtifpb2jCbmLS3vZKNRLO6EQ+/NNFb60a7as5ciX\nhr5lFG9U5x7ha3CVb1B05itK2FtMXwwlvnIubZZJrG9DkRofm5cqfGn7CEnLOb60Mc8kXkvp7wgV\nuMq3WfCVzb88+6+7CZnMRezP1Mc6H4sUQGbK8KUbJU3n+dJD2fp4o/qj6N9VvmcFXy8k7CuuYsvN\nX7i0R7WhDjkJBfZiburwDUjaLvClpenagC3dJ/HvKt9Tgq/1CfuK64DlZthpTGu/RBfrb8A+PAFz\nHfB9zc0OsyR5QIt86Qu6eC3dKBvouMq3QfDlAt/6qJ9bucR3NLGOxiD+wGUj33BrP/S4rsOaAy3B\n1tZQKGTNAw2GllNEfxK+9OeagAmZ2CZzr+XbFgwGWwKBpqbTlhos1dVYOmGpqrKy8qjf0ueWKsrL\nyw++IfhCvqFgtxQ9Fwx1dEla2NbtaDuX+n37YN8C47PDuWzkK3nk9kvQYfwcMT03N/fiMWMmTpky\nbfbs2QUFBUu3QuVzRH8yvpG5mkaMqJOU0vOVT2mNhXyv1RfIHjFpyX+hUGzSdQH339k4zM7LXDRe\nyucnka+ocVD5LaKBjC9tm2TrdMinUrxavp2mQcrVb75RDW1mCzXFEn/KNfz3Ng4yq8F0t4838JCv\nvsPS4aldIBpI+dL6C2x8+l6T401JvuQwW+jjWFrafmx4WPLi6tVKsOwaJxgMKF8CK8QSAHK+9OBQ\ntcunFHi95rshIb472ELLehLHcS/nT5RzhnwcQawRLQaWbwNrf5+Yr+BL/63cWfmRCq/XfIuhMlO+\ni3sj7Prf5pvjqbieTOnPVMVxLHb8HNFiYPmeYO0fFvNVfJWzpOtl49Kk8H01Ib7k6mdLNj2xdN6E\nDDYx8xg2PThSXngOmsmWeAeWL8SxUsxX8qXLpf4ul86MksL3n4nxlWsGF/jfpVYZ8POgW2Q2KfT7\nXS3mq/nSxRJ3eY1qe6/5lrjJl7zENf67MqNHwaRZupk4sHzrWftVYr4N387rBOucL8DiyaTyfcNV\nvjnc7uYJyas1DwdXd4oWZKD5wn62ji/3UmqZyBln/AfyX/Xhf4fHfEtd5Utuw2DpE6IJDq72CFPf\nbg0o38ug8kdEAyA0x48h1+JmoQ9HsHsySVL54oakY77cuiPt+gZvcD3mT5A5Md9fkO3uiOpfh/m2\nQRWSBwwQmpoXwDYdzmFt8XFclUsIrnk72F+Qvet5vQclnPMdxQ0V93D5g3Fb8LcKNwPHN33mv7AK\nyboy8J1MruJmP+8xs4p7IKdpNHGRr2RlXNAHUELkO/5UqEMjPBTCL1Pegf5WQebxIYpmecg38unB\nQ4cO+/3+qmPHTtTU1DY2Np5tCrQGg9H9JEkV4uIa8rWeQLdzRTbHXzo3g2nHVdE0rMQBX5sFwrg+\nhBIi32kG9UCBtI8wMwBbQyOx7d9TNctDvv1UZLDoD6CNtRIKuUJre3svBK5iWxV47MwB30sNQset\nIBf4ksu4H8EmNhPPXG1VNit1+DZK/AHffCvBxz3TexZFroSFbPoLWWsc8B1jEPpuKOEGX7Kay57e\nl4WDq5bzlc1KHb47Jf6Ab/eu0ZAKrthDVuIEnC32Ll7Cb9prvnughCt8M45idk18n2FQLWTcrW5W\n6vCdJ/EHfL/WnTSSP9e8glwByyT0zd7NBxyBesx3L5RwhS+5mlvf+V1vxq8huczmHkvK8D0i8wfx\n9ZxjuJKvpARP/R+MDyUx/UvIl/wJ88NjY8nnw8ii63KbZpnyrTUI0QnfwMUyf8C3l9tCm1VLSuvO\ni5fGl3LifOvVF6T65MLzOSIUym5AC38seRckPmXXLFO+fzUI0QHfnfKD60Ay/vZZqfJiKcis8+By\niBnf1tP1fv++sl2lbxUXv1i0rrDw4RX3TzUJ3YXxs8iX3MiZPB1NvAWSqrPsmuXh+qSxmjfPUPhj\n+TLHuV5Ruur6DlP6LGRpz9fl5eaKJsbSrW/IBUuuEr4El/hoxJrYpzdBkv1xw4HmW7ftwemKy4ME\n+bb1JWfuV3iLLGJL41Fxj9efE1uf1PI9D18y9PRwbu9QvjUcl4d8w4WW1hYVrd/OjfN7VFOyer7m\nzcbybWKjPin1SO+H0vjy8pjvTqjMNb7CC3TvNHhptdidNRSKe7V/dMnjcBA0qmbVM5kVGwpcGfhm\nC+8vqmewNJ6DTsn9QT1f7sHP615NBcnaH8z5Mz/qbVuo98eWOQk5MyUr2PwqHd5q95jv6875hqUm\n+e02ePfrrmMlb/93KjfWp/Rl1aZHXCzfSsxaLMT6If8ex+NJHvPd6BVf8qAab3iyroIk7u8Pw0eY\npYqxGn8s38+5vFW8M+G/BQ98eMz3Wc/4pn2i5LtWXoJRUs9vPMQ/o0M/sPfH2n/GZ64DV9VfEUrj\nsM5jvo94xpdMUl3OO6m/DZ3c8zk3COdXX7J9RrN89/OZaeyR4zOSBRI8bucxX+zIhPgqL2w9reBr\n8D2SJJ+/urCSb+NR/pgcK5bvbiF3cN8maOgKSWm43OM133nO+XaorM45LsW7zaACcX0yev21NnrZ\ndV9ZWdkHpZZeKS4u3lBk6UlrQrtqhaVllu4oELct9B2WJbyE25eoW8fy3SVxVtbrY7qYSQh+rMTV\n+91Vgq8ZkJ8Q31al2bWyNgRNPkbi4P5+z4adssMUP4g1wvbABuUzmjWVXWTPiQHuEM9CR4XjElf5\nirHlY77urFWPoC/EjwLExZ93j0p/0Z044ysemDJ64C0QuvWIahzNhv+mzCA7euypU3H+DVcx3f1+\nneDLZ3M1xlAVil6wNPyUYH3A6EskTvjOtO8w5QttvHCNJCS5+xsVy/d1qUXWDtp2g6Ie3JL1mC9e\n9UxI0gtEPVrIG9vdCmbkhO8iwZvhgCX3gOCrKENmyPJVLKSnL1d+9AyPNHrNd0niznp0q7LDCH//\nlNLn7Iz75ISveOzHdEA6aKPgrPwiiR3Ld7NZQIzehwq85ju4Rl/KVgHJAdI+fRVX02vPNesDJ3zF\nb2+ZTzgeEObsrTeJVizfv5kFxAi3dLzmS66xPVeil+ZDOXPB/QLDPnDC93n7DrOfUM4SP7X6nDBi\nYENabxhRn3Aq5jlf8lji7qw5wE904SxjfhIlpn3ghO8mwVt/FgzyxUn7x/w5XpYv/+UuvfDKpvd8\nyVZ9OYXqC6Xnz1Df3t67lRSUvcykcsL3bfsO0y0IDX2Xd1h1DWfC8jUcUDDCL+kkgW+WOG5UK9zZ\n0d58pvqzHeuWL7owVv7/wBJZfAplbmRzdHJlYW0KZW5kb2JqCjQgMCBvYmoKPDwvRmlsdGVyIC9G\nbGF0ZURlY29kZQovTGVuZ3RoIDEzMDE+PiBzdHJlYW0KeJy1V9uOGzcMffdX6LlAtRJF3YAigDfr\nzXMKA+17LwECpEXT/wdK6i7NrGe3TnYx9gyHPDykSEqWYGL6E4r+f5TDY0Ato44xiN++nP45aVAy\nGGMgiOEWgLScc1YY8EqCi1Z8/eP0yw/iL7IxUoNDCz6h96d9LHKjBf///EHkm6+fTg8flPj074nt\nvSZLhY4d/HmSwXnRP8hmkZAx8bNBoNbCFCvUMckgxCYLwhi10WLZqJVkzgmIipmxyKtsSoa+QZEK\naqgqq0JF3koWXIg44yaKA+6skOLalay4FPyIyyoz7qRQ87VIAEbcltTFFcDsip43rmbBZFE9jRiI\nWiC4vioGkww8DutptdlosWzUSjIkD96OpFltdMgqyCU7Yg8cC/JWsuCi9zNuojjgzgoprl3Jiot6\nThCpzLiTQs3XIlF2xO1JnV0pO7ui542rWTBZVE8jhkPKnbZtVTSYLMO+UkDNnGV+6EbMsthljjqY\nZavIRxHDGEgyHMoMk47uShWpKyUOrIRNqVFoSol8Ump5a9zHmFlFu56mHZRJwnRsCGJLcI6LdUhz\nSFGSxC3lGWm2Y8pJ0kPtKzBBzXbMO9u16PtqTgmZ7QrvTUJGwQuemuQjbTbogoyc27STWSUVGNrO\n2LkMiNFSjRvaomykfYT2mrKzPPyqxNPfCeHN25W0CkT/4D1olvQN7PF6enim8ejElQLIHKlbtJcu\neGYmrl9OPyllrFLWvxPXzydtpbHR0Fslrr8LemlRKXym60xXoOeo6IOMfJZZm3UKQNASgobBnvT1\nM9uk95drpqVXWhS0ROVg4AXviwtTvrMLBOmddYMPdPRS0/eFFSc/L4ePUMPfj4TcwOymhg6hKQHK\nENXE5Vz4xMwnIZpiGId351fmxRsqJTMS1gSl2ZygNcHpS7n3+TqCdEisJ0BfgJ4L8GO5Z/ljBVPJ\nngou31Cd7WeYekkX4IXJjmpQ+6q0E+CiSq2xLVig7HDFhuOCNSX5MCb/xSqjU2hK0v+pMeJKI+eO\n5oJSIDYUuS/FZLeF1eJw+Rt9IWvSY9bl2N6X96HYQsZrupejoEDBXROj3NcOsCXAFkAhOoKDlnru\nQcyR9OU3gQaOmfqPUW243QQ0kAF3CoriWTr6xXigJ4+/sRaSn+PBxzpXSvFtpsPtxDPTUDMPuR2D\ndF6P5ZmSqfO1rfaDkcg/qpqHVDOu1NGlI6YU1FGZGuGQttGh0j732DPoMaVuzZS0GVahlnjpxzYE\nbbkou2BLeV+ybaq440wbi7UmoCz9kAd2XrNra0g1J/4VITX0NGZdn9mJPm+VT/zuqBNNW63jCYvq\nhWm81xIIsa5YGOddGRF7e38O20dpweAwh9v8Goyn0s+V7JzUmmp5NvzG/YPOfs/+oaNj92ByX0Sp\nzHIycGUywTCUa6wlGbQxWxp4yzgrvFLzPB0Ga9uCv7nrKJBuXTYEv6YKM1ea+97e4FlasChb6aML\nq0Fd0XOenqnH2/Z0HKjx36tXOREN/b5eta0yjnvVBnx9rzoNQ/h4O8RdAFOX+ka1bw0N3OuaEbpv\nPbRGfBsX8O5OLgmhc4mld4Fowba669Dj6q7nryOOyD9IQd/kWIbA7XbdnuNB3Rl9QujR+xKVPp55\nXD7tjLs9MhwYcwE067ceLNKSuW/RnGlpbkSxx62cMFy+eMSl4+i0bG+bZGkRGgsuAl5KPpKanEfU\n6y9Rg/msqtbZbC4ZAVrkH+n/P4bdvJEKZW5kc3RyZWFtCmVuZG9iago1IDAgb2JqCjw8L1R5cGUg\nL0NhdGFsb2cKL1BhZ2VzIDYgMCBSPj4KZW5kb2JqCjYgMCBvYmoKPDwvVHlwZSAvUGFnZXMKL0Nv\ndW50IDEKL0tpZHMgWzcgMCBSXT4+CmVuZG9iago3IDAgb2JqCjw8L1R5cGUgL1BhZ2UKL1Jlc291\ncmNlcyA8PC9Qcm9jU2V0cyBbL1BERiAvVGV4dCAvSW1hZ2VCIC9JbWFnZUMgL0ltYWdlSV0KL0V4\ndEdTdGF0ZSA8PC9HMCA4IDAgUj4+Ci9YT2JqZWN0IDw8L1gwIDIgMCBSPj4KL0ZvbnQgPDwvRjAg\nOSAwIFIKL0YxIDE0IDAgUj4+Pj4KL01lZGlhQm94IFswIDAgNTk0Ljk1OTk2IDg0MS45MTk5OF0K\nL0NvbnRlbnRzIDQgMCBSCi9QYXJlbnQgNiAwIFI+PgplbmRvYmoKOCAwIG9iago8PC9jYSAxCi9C\nTSAvTm9ybWFsPj4KZW5kb2JqCjkgMCBvYmoKPDwvVHlwZSAvRm9udAovU3VidHlwZSAvVHlwZTAK\nL0Jhc2VGb250IC9Sb2JvdG8tUmVndWxhcgovRW5jb2RpbmcgL0lkZW50aXR5LUgKL0Rlc2NlbmRh\nbnRGb250cyBbMTAgMCBSXQovVG9Vbmljb2RlIDEzIDAgUj4+CmVuZG9iagoxMCAwIG9iago8PC9U\neXBlIC9Gb250Ci9Gb250RGVzY3JpcHRvciAxMSAwIFIKL0Jhc2VGb250IC9Sb2JvdG8tUmVndWxh\ncgovU3VidHlwZSAvQ0lERm9udFR5cGUyCi9DSURUb0dJRE1hcCAvSWRlbnRpdHkKL0NJRFN5c3Rl\nbUluZm8gPDwvUmVnaXN0cnkgKEFkb2JlKQovT3JkZXJpbmcgKElkZW50aXR5KQovU3VwcGxlbWVu\ndCAwPj4KL1cgWzAgWzQ0My4zNTkzOF0gNSBbMjQ4LjA0Njg4XSAxOSBbMjYzLjY3MTg4XSAyMCAz\nMCA1NjIuMDExNzIgMzEgWzI0Mi4xODc1XSAzNyBbODk3Ljk0OTIyIDY1Mi4zNDM3NSAwIDY1MC44\nNzg5MSA2NTYuMjUgNTY4LjM1OTM4IDU1Mi43MzQzOCAwIDAgMjcxLjk3MjY2IDAgMCA1MzguNTc0\nMjIgODczLjA0Njg4IDcxMy4zNzg5MSA2ODcuOTg4MjggNjMwLjg1OTM4IDAgNjE2LjIxMDk0IDU5\nMy43NV0gNjIgWzYwMC41ODU5NF0gNzAgWzU0My45NDUzMSA1NjEuNTIzNDQgNTIzLjQzNzUgMCA1\nMzAuMjczNDQgMzQ3LjY1NjI1IDU2MS41MjM0NCA1NTAuNzgxMjUgMjQzLjE2NDA2IDIzOS4yNTc4\nMSA1MDYuODM1OTQgMjQzLjE2NDA2IDg3Ni45NTMxMyA1NTIuMjQ2MDkgNTcwLjMxMjUgNTYxLjUy\nMzQ0IDAgMzM4Ljg2NzE5IDUxNi4xMTMyOCAzMjcuMTQ4NDQgNTUxLjI2OTUzIDQ4NC4zNzUgMCAw\nIDQ3My4xNDQ1M11dCi9EVyAwPj4KZW5kb2JqCjExIDAgb2JqCjw8L1R5cGUgL0ZvbnREZXNjcmlw\ndG9yCi9Gb250TmFtZSAvUm9ib3RvLVJlZ3VsYXIKL0ZsYWdzIDQKL0FzY2VudCA5MjcuNzM0MzgK\nL0Rlc2NlbnQgLTI0NC4xNDA2MwovU3RlbVYgNTMuMjIyNjU2Ci9DYXBIZWlnaHQgNzEwLjkzNzUK\nL0l0YWxpY0FuZ2xlIDAKL0ZvbnRCQm94IFstODkxLjExMzI4IC0yNzAuOTk2MDkgMjA0NC45MjE5\nIDEwNTYuMTUyMzRdCi9Gb250RmlsZTIgMTIgMCBSPj4KZW5kb2JqCjEyIDAgb2JqCjw8L0ZpbHRl\nciAvRmxhdGVEZWNvZGUKL0xlbmd0aCAxNDk2NgovTGVuZ3RoMSAzNzc0OD4+IHN0cmVhbQp4nO29\nd2AUVds3fM2ZM7s7s6EESECULQmEQKgJCRAgIL333kIg9F6kqkhvoUiXDhYIRYqCVJUiTRSxAAI+\nIAmoEKo0SXb2/Z2ZWQzcN7f3+z3vH98fUX+5Zs6cOec6Vz+zsytJROSgd0gmGpQ0sGdCrn6jiOat\nIWLfD0waPSRXLSkGPX4HPAMG90iiHZGTiZo2J6rwTp+BI0ZT6OJJRJID52P79OmZlDe1UHn0PQIU\nxWkyW2+/guMUIK73gDG9GsfULkI08TuiXN/1GJg0pN+0WhOIYjFmoVMkeGHhre0/PF2VmKfqQ3oF\nw4rB7jzMLehPTT6o+OSy76e8nR3DcaoSM+4g8dc+QA8iCs775HLmo7ydrPZn/+RyiZZcbrpCodSc\n7C9ctxGTUyg5cCpl/Q2Wl9ayeTSD36JRfDwNUi5RX/6Uekq9qA87QFPZCSouD6PX+ExqKi2gIiyO\nIthrNE9uQvnRfziwCegKJAKxwDJgCtAUGAIkS3dpirSdSvBgqs+TaSkvS9Pk49TIXpa6K5WoCM+i\nVCWWRis1KJWnAANwPpzGKjsplZWmz3g/ilUUtDejVJvoi3ZlAo1Sggw6iN/GtS+pBT9K0Uo5SlEK\nURH7K1RN4RTPv6U8/Gtqx9y0QG5AJUA1uT3VkFcQZ2OoMu9IA/nblMLLURc+CWtIoC7sOFVDWxLv\nQ7Ol+zRHuuH/nOc2jlfYOc3i/Wk2n0edjftSKJHtwrkXdBWpvC/NkK+Q1yZTlPyESsonKBS0A9tJ\nNaQHtA20gDKUJuF4Fk+CrNdTJ6ynL69AeaQMWsh/p05yB+ppa0Cd5YXg+SD15INovK0h2jfRXOaj\nSbweJbE7VBOozibSOD6Dlss3qDYrSAuh0xFoHyd/AHxJvaHPNrZYam6rTEPkk1TbPtZ/j9ehDkJ+\nfC+t54coxXaImvHt9DafT/UwVme+ghbx45SoLCeXlEkr+AhaDtmHs5IUrsyidegz376W+tprUxLm\nW8vPkEc5TkUUmd4XMlESqTt0kgSddlE20Gh+AXQaRdqCjD4tDTnPoG6QXV20d+UnqQ3f6L/P9vrT\nlE3Qu41CbJ/QbPYhZCX0nts85oMpwt6Atij3/feV8dSLL6DOtpOwm/YY/zzsSMz9pmELTaCPnlhP\nXXkfhQq9KAy2u4EKGTYyD3r7k2YoLTBXZZoDm8mDe0KFnXCNeijFqQUwkk+GbdTGWFMM+67BZdhw\nQVPvTKW9spP2slSMDx9Sm1Kq4xNKtd+H3GC76OMW4/AN1M+xF3baAHx9AxuzURtxrHyKfu3Aewz1\n5mmY91XqIA/Aet+n2fC3woz7P7VHUaK9BPpV8ncQ/gEbbcUXkVusAevrKD+lDtBLdfk0bL0muW0x\nmLMQfFX4UAL6nqBYthdtO3DvPoxTkiLkvDjvhTFeATrCP3dBV7uwtncMH6jNq1Ik3wM+BRKoEa8E\necwDbUE9gJ7KNsi1NOxvOfoegI8IPzmNONCZXEoBcsFnpgu/ETBkU5dmsK3Uk/1CQfJocrNldJZf\nNP0oAJ7qf8A34R7I1fYZvWlbBJuGf8GvXAYeGHS2gSoGXPCdoQbgd/Br1zNsgJ5XUT3Yi6rkgU5/\npX68PnzyVyqq+OGT8EdeinLzbpDdCWAytee9gXJUy4gBFjX8ozQl8yfURW4G28qNGDoZMoIcA33s\n86CfHpTo6AbZroDv1ybVVgb4yNDHCv6IViDOlMacrRGLXEoI+GtEvQSkE5BFCeoFRLJ+FCn3gz2/\nAVqOyksNKZj1pWBpNzU34KZSAkyHPHVKkF+nWDmBysku8spe4AhtlOfQHHqEdhEjEqgh4nS8cR5D\njcSxaJM+pdYGAuNVoubPUBJ9+9NEEe/YxzSGRVG0fJTGsSxKlD72x7Ep1BxxM14aCf6d4CESvNan\n+rCDyH/BPfCwj+aiX3O5CCWwuxi/P2xRoLeFjjRe8CWvATZQQ7kFNZD6IaaVQd9skGsBFYHZlECU\ntZ7INwh0KjAT6E2UmQE6C+0NQV8D7QJ6CYgw+/mGgD4Gipv9spCrfe2BKKAskb8y2n4CrgI3gIdo\nz0ukTwSdYbXdtCj6+T7BtXOglcz5xFy+qkANHP8IOhQUuTZLjDvdQoqFRkAfk2eD73bAaBzXAy0G\niirF1wrHPYG75hi+UKAZroEHvxsA31lt0VYNtCToQKu/WAPG9CnWuKWAXkAYcNjM/Flv4Po0U3Zi\n3KyTwC2gvJhXmkcNcPwzUMeat7aFT0xkNf+7zeh33hpPjPMrcAY4Yh1XNfn2oW7JQj2U5ePjKFU+\nB99F/JI/pRjpOGwbQP7bwQ/TSiP+mD5YmxFsODft5kE0TOQ1Ppx2KB8gzwxDTquO+DcfsVPchxiv\n7KMmygzqqLSkYXwqfPYAcpJMZZFjkoy4VQxxHDmLz4U9L6XDIo/IGfC3rxDPRXtTxLTp6FsK8bor\nzUMMbq8so262JcgPIv+MR8xfh5hey39B+ZaSbfWpkRIHfxYxAnHKis1dRN3CX0Ou/AOxNYoa2hxU\nWBlAFZViWDPGkN8zUAJjzEYuCDXyo6h7QG1EUUpPGueYT9GOD2mHbRIlIEdsU5z0vo1TjL0WvYoc\nZchK2UjlFAc1sZVGXLlAW5WxtMQ+jbbZv6RttnwUbLuJPgq9j/EW2ovTZ8gJHflAxPkFtEruDP5+\npDI2L+JgXsS9VZB7K2ANlVLu0Cq+Esdok3+mSLFW/jnOO1If2xhaaVsNWT0mly0O/doDTSGL6aDJ\nkHUf/284721DvWhLxz0z/D4xjl2lFbZSNIG381+0l6Ldyl+oD39AjqlHeexBdBI1wQHb97RAuUpL\nVIU+s59B3CwKf79IjYWukcs6QwahnFNZ43wGdbJLGLMovR0YW4lGrq4PXnUaYdk8fN4Hn/B9gGPU\n908LA1E2FfZyC7yBF+VV6Gom4nkyrZPfxbou4poNdc06etWWBN0sw/luWqlo9AHy0nJbCtVRJlN1\n5JBU/jPWddrI4fMd5SHzBzQfshsKuQ6CrON5SSppL00VlC7ItftpCV9MfZQhoP1pMugMWzmqzj/3\n/2KM3ZGWKzqV43cg/08wJ+wROkzlGZhD1LsJtMqokTZQH1FLgKfKiPHxShnMU4NKQh/tkC872q5B\nF+0oTilF5XlD5H4HjbEfojq2kVTdnkkbbetoHvqO5C7qpXyMXOiF3/SkxTaGuf+kUvYJFG3LTVH2\nmpjTSSmwp462O5B5UfAE+3CkUTl7JJVy+GiHvRjk8hjtF0D3Y++wm2bDRhn2DZK2mGIcXxj21Rxy\nilFuYvxLhFiU+RGAGJuJ2Jkl4moTHCPWZbaBnrrhvD/oGKAv2k4AcInMz6C3x/Ar1RYPYD38Hmyh\nJXxtJvT4M+wuLyjsWLpHs+QLFMYboH5aCb5vm3bMV5vxBPruYiAFNWQjaoSc2ZG/Z6Ep+vWnOAFh\n99wHuxByrY26DFTUDlhfGdTxnVFntzdqy++pqtwV94E3Yx6MoUgUI/yI54P9HELdfwwxZhJoOnJm\nbwPx8iNK4NWQ/zfSBLkucugFtIdBJ5XRt7YJ2Y/82gPYg+MzwGz0+w19ZuH+zmjvTN3lLYgPVXA8\nCtdHgda3YKNqQLw8lBKkXTRaroL7wsyaA/MnsM8wVhULuJeJPC6urYdNiX4unG/G/Utx3JlKYS+S\nwCtj3KnI/RhP1CxGf9FP9GkNOhp8iz4bqTHquRlKbtL4X6jLXqVQ+yro6zGF8Mv+v+Ro/012G7V2\nNBVnfv9lyLOKsYeCPHgk7G8taiLU+ewryC8X0AL3fg+I2vQz7K+wL1PGoP6qbNSAo+3V0P6hWTei\nNmxo1IKVKLfYfxl7L+y7sK8ZiPiRaOw56sMWmiMfQK+ohRuxGjSHx1NtOY6C+U+wY/gX5BqP2iZB\n7gMMNeQZz5oBg1FviXOsnfWgCOmJQWuLY9S0DPVcLymNhrKDkHe4Cey5I+VVoD+ZsuftcL+dqjIN\nNZKQ+zZgB+bfgus9TZmyr9EWa8g20rCPDdQdvuEBkNd9TtCzVj0iaowvgNlALWABrjeGzyD2ZTay\ncnxL0CsW5gPvAzWB/BYKWTn7Ewv7gC1WHSN8UbPi6WngXWA/2mSznvANt+qsJdZ9H5u535fbqkFG\nW+1p1nGCVTPssMZDPeUrbY0PfjPLIrd9iH3DRHaONPYNKexHCmHrKAh6/52lU1tD/1E0l8+i7spJ\n1BIHqCDy9hj4XhfldeTH0VRQekRdpc+Q53NTV9TS8fIkGiQXpq6oY7vKEg1CLToENfMQcSxPNIG9\neE8DuJcXIHKUIApQtgeAFKTOaBuP43I4XkfmA5YzgScqvrcsuX0v9MAqwCYA5NsNSg1aa6uOWlij\nTfJHlEtahj3zMionLaWioM2wxr7sEmziEBXF3r4570d1UVO0Y59gX9SY1kt+SkGsWqh0xN5+PLW0\nb6TaamXUSaGonU5TE/YI9+BYDsf+vDcNADoiLteD/cTKuymfTTGB/UUfpRO1lHuh7/uYbwJtYROp\nkzwLNnaDNsH+Wwog/jVH7TXXuOdno29lpS01F+fYe26QP0DcicOcX8CeeyLGjAMtC8ykKuJYgN2h\nFtDBaNA4oDPQFqgCNAUaymK/8cQE4nZroLmcRGPFfeLZxbNnG/8393e24l/vZ3sTw1dF/IOcRz+L\ngaPM/YvwP9hSslV/jRbPYcRe1NYW++h3ab1jJPL7TRxHIcaMx/7uTXPfrTVG3r1OXtRdbuzzx0Cm\nbsT/eDEGYrSbX8VeWuzPwymKjyCvrSnmqY8aphn6T6CRsHP45dOvTJrVWblOfZWL1NduQ/7/ncYp\nN6ivbRTi7rfUxxFP62wNMXcd1AP3wI+GuPImIEGXhbAnnYA6FfWpeIaG86V8KNW0FaJe9rMYbwW1\ntxfBfjqLUpC7U+yhwHnqZ/sV9GPqZx+IPvepqe0izitRB1sEtbado56206gj+sGGHiOmlqXPeAX6\nzFYZdRmgFKYioEXUBCrirIXjcmhzUDza4tEWzzvhvCLkWR/9C9Jn8Kc58u80B7Kao3yH46uoOy5Q\nUfvXVFQ9gOMbaPMhV/9JZe3pVFb6CbG8OmL0m9TZrtBs1Idj4D9bUJuMVcpbebw8xr9JlUS7I5bG\nQmet4C/9lLmQ0Vb4DnwOdX11yK4Hy+XfyiciV4tnjsFUDXY6GbJqjtqolPwlbZEPws7OUkVgMGqK\nisBgeSTaR1IXNhn+MZlay/lgWwD01xyyjuObcL/AZgurEbO/Qc1wkl4DT5HGs8iO8MNU/0OjVtxD\ns5XGoEOwNvF8qTB1QO00yniOGQ+9Pab8qHG99iyqattJUchd1Yx90mDc9x61RJ3XBfGhuPG88VXq\nIX0P226DecTzzq8J+8As1EhZFxGDclkxvoSVI8R+dqUVX49Y8f2IBcTvrFPANeBL4FOgNdDQis/Y\ni2YdtPqtAEQdHdhzz7XmEfvq3HIM5AOw4RbeATIhq9dM8DHAMJOiPmgup5lQLmFth0AtSAfQJxnH\nMdgvifG+BVai71fUUHkF9VpzShbPCOSGaBMQxwLboK+t1Jh5ESfC/qbP9FODpgJlRKx6hmTEhuOI\nV1sxR3nErKnWcxaLivgn16LGcj3awkdirB+pi/M8fRKclz5hFdFHxLlF1JqXR3yabt1zCXNBv0bN\nEaDWc0g2jz429p3iWXQieflb1IDPppYO2LXtc+ok9mzYlxS2D/Bvsh2nwrYmtFHpB7+sS6NtN7A3\nvIfzO5RiPCtPxf5K7Jd6wWfRbnsN7R1hD4spDHGkFvZrVe0tUHdfozL26tgnXkbNvoxS7VHYRwT2\nq4JmUWe1NY2ybwO9TR0Qj1B//7XWomPkXYS9ftZOK+cjG2Z9aNUZIu/fAypY9vChyEFsP9UT+1Sx\nt8S6W2LdSWoSNbcfoTbKLezRYqi+7TvwtZLKKD6Kxr440ngOkEFxNjdtV/Iizopz1N+2/ZQbtZ+i\nDKXpkNV8+23abkujuWp78PuJxT/WIR+GL0RRV/CwiDUFDwE0Rh4RtI11LuivyHkvYg98/AXIM/4V\nyJXCxlvIsFO5OsbKMiHNRG6xwJGLBBAzWrJYYJZhW2K/nirWgD1ztPIh9gqvow5tT914EMUib8ci\npsdi3xRr7MtRvzqaUBHbExro2IL4WgO0rf+eLYMG2mujvWw22sKkyMVmXGyKOnkwambxvMKN2CHO\nJwA6pbL+iG/vUah4Hot8EopcGIrYO0op8LcNKO3R93cqgFgcqbyDvJcLdDb2sNNpEP+NEhGbBioL\nwXsByi9XpvzIQcUMIA+Jelt83mLbBtueiNyxkDoq+YzxQgMUNXeqvAI6VlGX78a+tSViYTXgE+qE\nuruBvBY13QbU7wXoQ0dZmqUswj5uNNbRimbK4yG3boivk2gscm0XxN8tuJbCr6HmF7ChHmpC5aXz\nNBd9UrGPS0EdkMp2wjfa0zLU/b1EbSUNolbsMGgpE8oIY68YacRp7GGVD8DnJkA8y0nF+TVcm0GN\nFU6FjNqzAPZ+nag+bLk9jwOeUFvMG6lk4J6HkF0EaBOs2Qf6F+hQyPwWFVQm43w+FbKNQX0gnuEM\ng+wH4z7F7xc2bwuBXxBVhawTUH+kYE9ZTQmiRiJHiM+/1A2oBeMpROkK/V2lgXJV8FYU47ei8sZn\nVYcgt13Yj5agaNYI+/1G6L/dhPw5ZPEU+36VStt7Ia92oR4CyPOdBXgbxMMDtAkxL0UeBDyGX24F\nWpEHfuthjf1HxWda4lm6ndEM43n9Z6TIf0GHJ6HLLOSvT3B8yP9AGe9/wHf5/0fuj3XfgU7FXukC\n9k7DUYdjL2Q8m7tDI+CfOxETBzMOOf8J/geTBzV9NduPJpBDq9mWU6L5fFb8k3nPqrOR6zLnm/BF\nvPwaavcK1An1QWfElZ6w0Z58C71u1ZWivmzB80J3eeGHeakmz0PDQCcA5YFmFt4DeqCOq8+jKDdv\njbgbgut9qAD8+Q1enEpwD+yuIc3k+2HzXSCX/RgvDTUkg9x34rwN6GkqJf2B+iMd55uRw06Bivsq\nUHnYfG7krlnGmOJeUMSbBH4a992lGkpv6qYUpCTIaCRqzeKoi5LsNSnS3hz+MQLzf4t7O+K4GJWx\nOWFbNcBrBtqawoYOQt4eCldK4Lwf5NkCfG1G3yKkKvfQ1gx4EzY2CnQaYlc+ctrqY4wx8BkNqIj6\n7DB4SsTaN2Dt3TE/xgFmKUeIIcd1NeYTfIu1pFMtRxjGGkn14EORiAlR/7GGX0Jz4Z+r5euGbbv4\nEdTijWmH8bypAPJbNdA8tAB7f8GneI47C/ZTQNJxz4c0ETG/xwvobe1ve1sQbceBCZDlYPmBvwvG\n6ys/pL7iupC7vIYmyqvNsay9x7/lVZlIbytbgQXg7wpoGr2NPf0axLpJiOV5oK8ExJyevAzW9SFN\nluZTH9sHkMtemmh8Vi0wjEYo79Iox1ZKlbL8u7CnqGJ9fh4GjLQQB7xtfZ4uPjt/wGz+T7HmFewo\nYtA+covPBcXnUdhfzRKfzRrPIjL9f4ljaRdNEdet5xFuAUNusH2gNmADFgJFgVXASKt9DfAuMBqI\nAJYCi4CpVt+5wAhgMDDeGkPcXxdoC4g5PgA+te6rAmwCWgD1gRXWeRV5AuQ+gdbheD3oAGC21b++\n1X+0NbbAemvMNRZPn1prCMwT6JOYbc5A3wiL386BOcVc1tyfWvfOtdYnxoq27i9qrWW8dX9bi7cq\nlowisq1BrOsDcW7dO9JqX2WdB/hblU2OUy1ZrrDa37X4XWP1ibbaF1n961pzinFnWXOLdQwIyNTi\nU8igczY+V1l8B/p8YM25yFr/+sBY1rGQzzrET+wTnv4GOhioDKD+z7wORJjXMjcDe4D3gN7mZ0Xi\nGXvmIOQw8ZxH1JKLMEZP4AcgD9GTy6htzGd9MYj5C5DzU4DViJtz0LYCxwloF58lD6GO8hjUBbNR\n/03Fmu4i132I41nIOdtJ4WepD2KrJJ4HIwcFYm45EXetzwDFnugNQPj1gGx4w6Jts9E3jHdg4igC\nubWYAGKMJHIyW4V8JvbVL4N4ZpBiva9igZX2X0a+3g56A/jp2XsqL0K8o5INxr5AvIfyMpQzPot/\nDvD5I/D5xaCngb3P3kl5Ecjd2WG8jwIYewmM/S/U+izrpbQG1vQK9GK+Y9Dln6j1LkTSS6moj8W7\nAqX9u7CO5aDfgO4AzQA9A3kWlO77n4JutC2hz+RLNEe8DyTiXODdEOSyddJ95IpmiK334a+g2Jet\nMOi3tMKYA/J5kfL+/n3P7YmyUbGPN97rMWkriyYb+27U6f9IDRtC3ZqdHkXuFfoW9dR/SY26WqYo\nYSPGuwvW+0zP7TMtKt7tEe/yGGsQ7/G84z9gQNQqyJ0vBfKryMPZIf3h34+6ZQ7oMWCH8C/D116E\nqIWyQ9RKL4z9HN55fp4ARG30HNINHhYAG4ET4EUBpol6yqirdtIkUWMFYPAXwIs8ihotAFF7ZYeQ\nTQAvrsWCUfeJdQmIetCC4TN3/Sm2V/zL2Lv+Ncoi/1Ml2j9S6eXPYkv9ywPvthm+AB0F3mcTdvvi\ne2zGM0PoVryzJmKHoWdRL4vPr2fQfOP5QVeaZ7yLJexTvPOFfZeIl5gr3bgm2kHF59bGnMNRQ8Ee\nxZzGmOI9uqLGZ8Op4vPjZ/yJfikGPzue40t81hxkvptnvDcl3qcT8Uj4t/jMK/AOHOKC9Z5bSXEt\nsJc13p1DbDLen2tFK0WfgD2/SAP2bbx3KN5H9NBa4ePiWbngSew7AjEqwGuAD+Oz/2WolY3Pif2Z\njg7Y1zaED2CvJT4bfPb5vJCpTGWFPMTn6eIzcEMfL8TAgB89i2Hi89dK0AMQuO/Z2IIPwUOABuJI\n4LNr8b5C4Lgn6qamqHMheyMGv0jH0hLjs/ab0IP4jH2SePfrJXHaoP4T//n6P9N/juP+2zzBv/tl\n14X8jDq0NH0AfU99WTwFrcvn+Q+99Lr1Pt8/0hfjZOBdvn+g2ePnc3StGauN9x0s+Qt/EDYc+Jxe\n5Cfs1X8UwDVZ7uz3QX5OHun/IWBTwjcM+xf+OoDyic98/uW92AXYU66nyaDJoNOMz6mW0Frh3449\niAmVKRX5bYXmhr2vxnkbzGvpCf6bBl86/kxe/2X+MN7fe4l9P8vBVh59USeak1LVSpTqGPfsncak\nZznUHCs+mx2Jd2dL/G0XfqeUqd8N5HFrzJhs+bUt2+VPsfLqQIvfqGf8W3XBi3b6H+zLHDegV/ib\neN/FeJ8FcY+v91cS7++IOCDikeGT4v3XFbRIxAcj7ol3ibGOZzFJxEYR316g2Wshw0f/gf63tZJ4\nf8h4zvRCbfRSGtDbC9Sqg6byZv7PUTttNc/9Gy16MhBPn8XVl9RHz+g/yNzIX0IuFn2hdppk0aYm\n9a//X9VQ2eh/XUtZzyife1aZLfcEfPeZDwds6CV1llGvrvI/Mt7xFv2EfYpc/R/w995B3wncVyr5\nQwA7MARItt6v/Vfc9ecDQpQw327goRKmFwI04721/wDUJB4g3NbId9TWSJeBCKAQMAF4Q9QTwEbU\nDo+AWzhuChQGwgEN9UwEUIId9p1ih3UVKAW4gGnAuH+71xC2sMj/DjBJOaZHAD2AqcBooz75D1Ci\ndb+yWA8GIoBJoob5T0CNNRGYoizVI4GewHRgLJAGnHsm+4AcLblgbZWMWirAszV/YNz/tR7/l3r5\nf7bu/8i7/3Lg+N/yeVffBjyyvaJ/Dl65Ubcu9WcCl4CzwD1AB34S8V3s2ZD/Sxjf1XhRt4ExA+ci\nX4o6N1pfBlxRhvjb/Nt1LvK7gGSs1QP0Eu92ir26fR41Us4bWGvs3T8xnwvyMP9qxePfx4r5v+RH\n/Zd5b38b7vM/Nq61sPYYom439hW0VOwhxHPaZ/sF8fxW7AGsZ73GngfHxv5kq/nMVtwn2gN7EPF8\n9dn4W605Mqxx061xT4N2sZ5hivExtvHcNN1qwxzG89QMczzxzFeMr+ympeIZhzEG5hZ7kACMe16S\nFwU/Bh+4z3jm+N/gXdT6/4TAc8z/CyDvz6apxsN5DsjiO1PmsVoKZ5JxLpNmnHPVQSQ1Fl91osbi\ne1KkUi56m9bQZtpCX9BROk3X6Q7pUh4pWComFZfKSa2kRKm39La0SFotHZXSJD8ryIqxGDaCIb6x\nFWwf2y+PksfLM+UUeb68Vt4m75F/lH/lxXhZXoc34935YD6Gz+KreSrfzvfyb/k5/gd/qEhKXqWI\nUrbw50UeuiRXcVdZVzVXddd41xTXMtdq1z2X3x3iLuKu427ibufu4O7k7uJ+y/2pe7/7iPuU+wf3\nRfdld4b7jvuBO8ute1RPAU+Ip7inqqeup4GnqyfRM9Qzx7PCs8nzueeS53fPXa/klb02r+rN7y3o\nDfdGeKO8ZbzR3ireJt4ZYSzMFpYnLF9Y4TBXWFRY/bBuYT2Lhhc7WfxOVLOoxFLjy9T8aOVHq9fP\nWT93/Zb129f7U8tsStzU8zZ7dDjTppfW/X6f32/I35SmB9JcC2l+TF/SMfqOfqO75JfySvmkCClS\nKi+1lrpJfaTx0mJpjXRMSmfECrEIVgHSHMneYyvZfnZAHitPhjTnyAvk9+Xt8l75J/kuj+DleF3e\nnPfgQzh2nnwN38h38H38ND/Pb/BHClOCFVfhbUWoSJaLuSJd5VwJrhqud1xTXctda1z33eQu5Pa4\n67ubW9JMdL/j3uU+4D7q/sZ91v2L+4r7lvu++5Hb5yGPBmmGesp6qnnqeRpCmkM8IzzzPGs8mz0X\nDWmKr0QohjRDvS5vMW/JZ9JsZkkzOJs0kw1pXo9qGtWxVLfSVz6qAWkSpDlv/bb1jyHNcpuSb0uQ\nJukeSDML0oSB+p/6H/uvOSL8hx2F/YeIHLkAWK8Dlu1g4uuGMOInwFN/QfQuoHph4QUAh77TcUz/\nlEjfYR+mbze+mtfEJqyd9BnAW0BzoD5QDagIlAMiiZRRgHh7X3w74e7vQ66XJbrVCKhz896tWjfX\n3ap2beHNb4kyzmeczfgx4/uM7zJOZ3yb8U3GqYyTGSfQfhj4PL1nxt709hk7Mz5Nb5TeML3RjWPp\nDYnSq2f0T6+a0TY9Kr1EOuZKD0+3p2WlPUy7nnYtLT3tatrPaefSzhClnUo7mXYs7Yu0j9O2pMVe\niUorkRaZ5k1zpeW7+ujq5auXfnVfHvNL1wv086Pzj84tTnwvcWlipZ7FEysmxna92+VQp4OdDrwS\nlrd7UISay1HVXuPF7zAa30yMB2oDg4Dp2XDSuPqj8fcqzDk0cAeLDFAWbdB41hZ/cT9bg5ADVciQ\noNwS6A4gGsnzgV3AWeCGebeMTML587y8eP6s3WG+Hfhvr2kvnIe+pN9L2v+//+P4xvGt47TjO8cZ\nx/c00XHC8YvjfxyXHVccvzqu0iSa7EhzpDuuOa47fqMpNNXxu+MPxw3HTUeG4xZNo+mOJ46/HE8d\nmY4sh49m0EyH7vCrpEoqMpnjOKXQbMdJmqOWV6PVGLWCGqvG0Vy1olpJrazGq1XUqmo1NYHm0btq\ndbWG+rpaU62l1lbr0HxaoNZV66n11QZqQ7URLaRFake1k9pVTVS7qUmOrx2ntOtGPNpK22g77aBP\ntN+0rnSRLjkVp81pdzqcqlNzOp1B9Av9j1bamcuZ25nHmdcZTJfpijOfM7/jB8dtdYw6Vh2nvqm2\nVzuondUu9CtddZZylqY0SqdryBq/0e/OalITqakzQbvGSrCSLIqVclZnpVkZ9SdWVj2rnlPPs3Ks\nvHpZvaL+yqLVq2oai1HT1Wusgnqdxaq/sTj1d/UPVlG9wSqxyupNNUO9pd5W76h31XvqfVZLfaA+\nZLXVP1kdVpfVY/VZA9aQNVIfscasifpYfaL+pT5VM1lT1ow1Zy2cNZyvs0TWzVnTWctZmyWx7s46\nzrrOes76rAdLZj1ZL9Zbi1GzWB/Vx/qquurXSJNYP9afDdBkrYLG2UBNYYM0m2ZngzUHG8KGsmGa\nqjE2XNM0pxak5dJya3m0vCIXasFaPvYOm8AmsklafjaZTWFTtQJsGpvOZrCZWgibpYVqBVmKVojN\n1l7RYjXsArRX2Xvaa1oRzaW52TK2nK3QPFqc5kUWWMVWa2e0iloltoV9zLaybVplLV6rqlXRvmOH\n2RH2FTvKjmnfaz+w4+wEO8m+1qppCewU+4Z9y05rP2o/adW1Gtox7bj2ulZTO6ud006zNJaufaN9\nq9XSamt12DV2nf3Gfmd/sBvsJsvQTmgn2S12m93RmmvNtBZaS62V1lprw+6ye1pbrZ3WXuugddQ6\naZ21LtrX2imtvzaA3Wd/sgfsoXZe+5k90gZqF2SbbJcdsiprslMOknM5GzgbOhs5G6MaiODFeaRW\nXovmJXhJ53DnCB7FS/HSvIwWqZXQvtQOaoe0w9oR7StegcfyOF6RV+KVeTyvwqvyajwhaGrQtKDp\nvDqvwV8Pmhf0btD8oAVB2/kwPlwrqUXxEfwNPpKP4qNRa4zl47RS/Ct+lB/TLvLj/AQ/yb/mp/g3\n/FvtKH/IKlOQ8OY8a0yvlhpnc3Hj2+PZoFoQdVUuCyJmeYC3AQVYY8JxFHQtsBkQ3wPfYsJxDPRj\n4AtgCPAl8JWIJqBHLUwERL/TaBcR+DsTDmQV4w1oxFHHL6DngPPAJOBnAG2ONND/AS4DUwDxXflr\naBfft79uYRrwG3AH7QBqEhOI+yTe7XiEdmRTegwIikxJfwE+tOugAcwCUO1IeSAWyETKawLxi6Rg\nE+J7+lI+oJiZkaUIEzQbtLgJRDqSkFUk5A1V0PImaA4ocoyErKyKtkomaC5oZaAG2nFNeh2oifZ5\noLWABmivDopMKyFjIyoaepVaoL0uKHKT1ArtC0FbA4loF9e7AUk47giK3CX1xHFX0F5Ab/D5NWgf\nALpWxfXxwCKMsxjUAqIrSUuAlaa+pVUmNMhbWm1CE2PCRiSha9QmEnQtQW8adCSlA9AXIjJJYqxb\nRE7YlXQbuGPqWLprQisNCn1JqFCcsEUJepMem7qXoDcJOnMK2T814fgBNNOE47b1iwTQnzrGMnHU\nTk7oiBUCXkF7e9DCwKs47gz6GlAEHX8FdQFu9C8FCvtn0C+iPzHolsWgvQxoBWAE2v8AfcOEsyro\nSGAp5i4J+p4JJ6ovtgxYjvYmoCtMOBNAIUu2D+3NQPeb0MT4B+CKo8zaRR5rQoPs5HEAdMRKgI43\n4YQ9yJMB+AR2zWZdAqg/gU4zwVDhyfABeSbaRa2SYkKFb8lzzDpGvQC6AFhofjNBhv5l6FuFzOWl\nJkRdJGNNMtajonaSl5sQcpGxJhnrUaFneZUJISd5tQkVOpfXmGCxoGtNqLAf+X0TLA70A+BDtMNm\n5I9MMPiCvN6EijpL3gCkoh0+I28EtqH9JijqYFl8ywK1n7zXhHofdJ8JBh+SIWMZ8lUfgH5ugqFO\nlL8wof4Jitglw4ZZHdBjJlTYoAz/lxGrGHxKhm/LqJJV2CV22SR/j/amoLBFGbHNCR+WhQ6ETYma\nEXYtw6YZfFIWPGF+J3xbho3LGJvBP2UxFuzZKeaFLcuwYdbDDMUCGuTMJROqqDOZCQbf5bIJ1WfW\nmwKsL6hi1pkq4hpHjOdOtPcDDTKhiftymdCgL57bhCbGyGOCDQTNa0IT4wWbELUxhx/y/Gi3mbWs\nABsMGmJCc5g1Khe+h7zAXzGhCV4Km9DEOl41wYaDwh95GNpRA/NwoKjpb7yYCU3MD3/kZU2f4+VM\naIIXxFMu/PMd0FgTGvjjsC0Oe2HwFV7ZhCb4ha1w4aPwE55gQhO8VzfBkAs4dMkRizWxjpomGPyH\n1zKhYW28tgmG+M/rmNDEWhGXufBv+BlvbkITfLUwoQkZtDQhYgdvZUIT8mhtQsQR3gZA3NKEbDoA\nncy4wjub0BCreBcTmlhrVxMadowcNseTzHjDu5vQkG+5sK3B5v6GC90MRTt8jQ8DRFxDnOdCvohF\nmpDZaBMaYh0fY0KrAor4xCEnBv/jKSY05HUuZPEu2rFj5IgxHPFFg59wxBiO2MLgT1ysGevToAMu\n1iNi4ilQxA8ucgp8iQv+hL+LMeHvfBPahX5Qg3DwqME/OWoPvhXH0BNHPODgRUOs4zsAxAGG+Mb3\nmdDgrxxxgCMOMMR2jhjA4fsaahUO3+fYiWtCt4Jv+DlD7OXIkRx8afB/LvrB9xlyGBdjoV7RhJ7P\nm2DIZ/xnE5rQ+QUTGuyAI/9xxFRN6B81DBfxAbGBI55y5BMNe06OGMcRFzShN8QGjrigifmR+zhy\nn9YfFHGCw9cZYgkXvo1YoZ03SzUBhvsUyYQG/1XgYwr8l2EsJdiEBp4U+IwCO5XhvwpsUUEedKLO\nUJAHFZE3EAsKQ56FRayEjYk0WUTELFwrghhUBPMKn0R3com54H8uzOVC/eNEvnOh7nGJb8EBLuRF\nVxTa4eMu5FcXxuA4d8F3XdC/Ezbngv+5oFsN11zwO5fIcagDXfBnF3KchrjgQn5zwVac0I8L+ccF\nOxGxwAU7cSHGaohLLsjFhViuifkRa11CbtCtC3JzCZ4RI5DmyQ1fd0JubviwW6wd9YMb63TDf524\nz10fwDqCIBs3dOluh2NxvYOJIIzv7mQiCGt0dzERhLW6oT/3WzjGGt3g342aKAi1m3sXAPsLwtrc\nsEH3QTMOuWF37iNox/rcyD9u2FsQalQ37M192oxHbviAGzkmCDWhG/bthj0FwZ/cqJ/cl83Y5IZd\nuTPQDhm5YaPuO2Y8ckMmbqwpCHnUDftwQ39B8Cc37MgtbKi+WfJ7RGwGnx7EX08BM/Z4Qkxol0AR\nBz3QL0dd6SlrIgj+5oEePeXN+OFBreBBvtIgBw9k7RFxAjHcU9WEBv17oHOP8Js3QesBsLsg+KtH\nzC3iF+TgSTQRtBMUMcqDGMWhc48Ya44ZLzyQhQf1B98NChvwrMMx9h6e901okJEHdYVHxA7EHM8m\nExpk7EEM8Xxu+rFH9Ltk+qLndxMc9YznrgmOOIBwSl6Rg1HPeGUTHP28cDqvzfRhr2qCoybx5jfB\noQ8v5OZFLcqhEy8cxityG3TjLWZC+Lw3wgT2b+SF7LxRZgzwljEhYoA32oSIBd4qJkQ88DYxwVE7\neBFrvLAdDh2HMRMKYnuYzQSDnsLymFCQF8MQD8JELMC8YYVNKBg3zGVCgc7Cokwo0FtYfRMK/DWs\nmwkF9hmGPWEY9hcKfLdouAkFNlnspAkFcbU4ZFcc61aQL6NQM0WBV0VQ7E+ioGsFflYK45WCfyiI\nh6Vhz2UwhoJc9BHG/Qg6VxBbP1ptwoZ1waRpPezBhrWsn2siCH62HraxHjnChhyxHnFsPezUBj2u\nRxxcjzhgQ/2ZWsaEDTreBBveBB5siCObsJZNWIsdSr8Nnd+GDO1Yz6PDJuzid1bI/H0BO3Smw3l0\n1OB2QPebsEOGfujADx+zV8W2ph+A+G1PsPbirf4fYqyFC9b+taUFsSe9+TeMfQpsUFZeAuED+Sy8\nYeVExEWlYDZEZwNymYI8r6CfDWu3jbRwylznv8Wgf4DY2yMmON43oarmXlY9ZtaOGuxBg261k+be\nyImY4UTd4YQ+g2paQN0ShPyeC7rJhZon1+xs+C4HOchBDnKQgxzkIAc5yEEOcpCDHOQgBznIQQ5y\nkIMc5CAHOchBDnKQgxzkIAc5yEEOcpCDHOQgBznIQQ5ykIMc5CAHOfj/NRTx+x1ypLKNZLKRSkGU\nhygm2BusMlkKVoIl2SslsyO+ZRKTpGtSPt8GKSidybpf2fa0uTLWt4519XX1vak4gjLzstG+rqwr\nSTTP/0AaSd+LnxOpWCEuOjSkgC0sYl6VIVXwX/eyr79etkyNGsRouD+DO5UjmLOw+G0NFh7G5Ni8\n+Tz58hevEBEeZrMHFwiNiY6ryJ2Pf/w2kz+V1j3he1OmTZzN5k6eNkNig/RlerpUQGr3UOop5dcf\n6hsdj04dva2fe3D+pztgYxMR+1nZjXWRFBwerMQWYz/v0WexYGX30/r8zPT1x9FJfMUwBkwUIioW\n4o2V4uJijclDwivkixGsM7vEY7LqSbfHtpkyZv68Pff/+PaPVcP1sUuXTmERM9e17L/0o4m7JcfZ\nre/ovrf0DliX8c1uSFSj3ET5pZjgmJBwzO+t6A22x7KUr77+eo+vz/fS0YLSF/K9rPil+sdSy6Xs\n6xLgZhlEUga3viZ+PCS/N8Qrx8VE5wMT4WFFi8cIaZjcST0WNmA3fTtKDZpy4o/0P7breoFt4Q8m\nzVuS0qUb2xnBftqkj6iuP758Rr917FTmjqUz9kVDwUMxeh6sNZS84n+hKxXgnqKxFeIqRkTgr7FY\nmz00VK4QgeUbos9viqJAqCeO54GAR+sPJw1JGvrn3n1/jkgaOvXi9AtTpw4aOM27/M3xixZJbKE0\n8/jZs8fH7itXdnP/L7777osBm8qW28/KDpw9bfjQ6dN934xdtmzs2ykpkFGyX5efGGIvJhhhNh4e\nGx0XV9FmCw8T7AjZ5wspZhqAuWb5SfnZ+q1Hv5xro8SvS5y3u/21yx9908UXNmlK4vKiqYMnzJYr\nzNEv/7lw5czLb9dpO+/yqO+k4pv1+wu6TfxxWOsGx3487PfTFFjmAF6HIij/Q/HTgPn9j+ThYKe7\nXsX2s7KEyov/LbwEJjyUP1++ojEeknND9sUFVxXzCaYKyjaDp3zkxUVGXhxLZlPF/IJNfq/umS76\nZD0pX9A5aVSmNEGaG6y02j5vf4UBaxak5CvoXz7gzUoxuTqXHzPJHqyf0D/Qv9Jn5sknNZOqt99Z\nzfc0V4v2MSMipTKVagxcqy8sXUp6KH0s5ZO2PtE1ve24+6s3brz/lWSXYqtH+c7Ob5uRKr0hbdAr\n6fP1mXrzkkXZitnLOvdTpUdFrmBZRcR3uGFOdvGriDFSjBQue+X8XrkIi0plpY/O8q2eeUS6/Vj4\nsvSWPom9ytbDCEfDTM5DN69CFDE28oYR3FJ82bRgeARWyEJCCkAScbzQl6H6A/2prp+QpSpS7seS\nFvpl6NLUg8d3Hdq9RDp9Ws+Q+kulV0jR0jD97rml2/X03xec089sBmOpcJFjYEyl/Ea48VBwCKaQ\ng2HtsbEVWHiqtEJySz305fqZEyf+yMg4p2zT5+pH2ulH9HlKvsxZkudOh0wpH7gVQ9XFUE5joBCv\nhVR5ga8MG+mbyS4p21bppVb6slZavcsaE2frnSpP9VVh3X2rRM88q3xvoeNnWPxoIywawUMafdCI\neNusMV7DkWKEjOCYYP5a1uyDK1eiwy3zsq0lLsP5JTh/eHB+KVzKDxojvy1devJlft07Xw/L/+UT\nKRd//2lzVoklZfbmy30rfccDwyuqySJmFpPHIBKrh3zhBw+yK4IL3iMTk2Uu470gylH+DEWDtnIZ\n+sorzDI41iD57UZMhWShrnzBiqYf0h/pPn23VFeSJYdUXf7iu32fnPv5k/3fsI36bn2mNFKq31mq\nJ42CqL/QJC4V0DP0rK5Q8U0pRLJZejtohLb8ply80TykAAeXXjM0Sf0OsleeSHb9ryf6Bqn9xoUL\nN7Iqvq/A9aEfrrNzvqOr3hyyzRropCGkguK71N7AUDY7ZgoMJmdB3RsPSlcfSuqCiVLbrDVS8eUr\nl6xnTX07lG1Xfpr+dbRvcZCSz/fz6qFvvwfRtYDlDocsREypEFEUcaRoTDQhlFthrGBoqOBWRJgY\nI7TI26fpzTOlPFceSc4vV72/bOHK7b7f9RvXp/re//JCypL3pSHJo8d/tWHjVf3+xrFrpvXsNCa6\n3pmNO35M/urdRdOFmYhfR9mPdThEpIeDCVPJkMZK4y7q2kFdU7b5irGLWUN8V5hHnod1D/RnyDd4\nU3JRpPiOd3Ej3gk2Y56lHSMSBxcoGFJMhL5wCCVULpHPUWFF8kfHJcflz4YP7Tthz40j265G6EHJ\nC1yb9eN9ijeq2GzvtI93tu02vHftEac+3aUXXtw+75zkapdth5r0x7QpEIz4ZnoeERIkkU6K22FX\nwUZ2kUSqDTWSC5jg3ksnvhmsbdw76Oipi3pUz7fDi76TvHjSWyz4ln783bds5Ptqhv7dEyklqZ5e\non7339aGrL0JQXTBwm5hYRhf8B0jFsZizUBuxg2bDYEjNJQl9Fhk32bP2vzg1q0Hn9/A4YzBwybE\nVpgweWTnd3+Wal4oeUGq+ev65JQRO7qWTNwhorMY+0+MHSp+YaKYGJkwcpzBfIjX4LyiWIQ3NiJC\nvhZ7aM1V/d6082N//8lXlKcu7D49Rj84aGl+VsQ++EDzCVLEtZLb/5qkn0lrtehM81pszZrFuQfs\nxwrED8B8bQsh8UNeIl+Hx8bEijkK2sG8PSSGTbu+Z9MmduCDarW0kvF75Ovy5qzW8uY5YzbvyrtE\n/Wo0GE3S28j3wWhhEr/+FRZRvKIp1b9lUbBiTHABOBbaKwYbUglhka0fNEgavXHSikEHD1+/dvTY\nIHWDn/TIaYu3tQx/M2nJdL1Ny36D5i+YkzhBqnQr5IlULmV05i/nbsr71/62RrpVq8PNteB+Nsq4\nK9Cw+EksoU9Lu6EFcVQhgjXtML34nj3jjqzeJ+0dLO/o1iQrE5rcs2jH9744dmz8ADAvfpCsL5zH\nKYw6f6AggHmKIeZUjIutXDk2ruLxvUqH0gkJpaOqVXuQeZTHE/N/rjeSOho3FnzhxpjgvN4wQwgV\nx1eKjatUKS62Uv69+rWEWKlYubE820h19FPBi9RZ5kJ4LiwkSMQFcx0V4ViSHKPPeGPv3h5S86t6\nR+mc9GiMPslGWd1GSsl6Nd8M3LkCC2hro2chu+1eGz01qj/xY2428T/29gjpGIMWNIQTZzqbEFG4\nKTXIKmFXrb3blDe+7vN+VNyWNz4+sPetfkPe0fa8Le94L+s3Hj9yZqtOTbvt/cZXmZ2YnjQl0RfN\njo/vH1ABJsmmgoIvqmCrbdzxbDrg8dOWZ1NBZ7hpLEYwKuL8FcBuwZACJMw9JnslFNIZ0fuo5JD1\nx2np+uM97y1fskxatuy991jkTamK/vVv3pv6USn+5tqMP9YWXn3nzmoRAfRu3I2h84g0oYQVD3AH\nDyrAhEwC/s/GHR62d6M67Ng3Fy7q+obWbVIXz5pV4C3fY+XCqFlw/BCEAfnoIt/TBRmW688Wv1qE\noXM9J1y4Dau2s+aeT3mHDRVcUgl5xQof8fg35+Xe7MBNifDp/bipqBGqiz8rQc1YbYVqIzjGGA4u\ny+1W7jx7cdehC3tGDhye3GXJscPXDpxL32v7sO3Q0ZK7SqKn2Oxp7+w/mlJrVPLIBmGl50+Zu+PS\n1OHt2mMu1Z/B2imvU4j4eQ4xpPDtYLMuNzyRtavevPf8o0f3nDxZv2x4hQJvv89WzxFJbI6vW6sy\nQRhiBtj9BdYejCGKm2PEmPeCyqV4v+9XH9kzrvGZBnv7j99/nu311Z7fY6VcIPMo7vWKXx7DvcIS\nUQoIW96nj5utj/5cyi8F8XjhRlmH5WroGqo3kreha17oyGa3hxUvXlAUlrgnf4ykdzvkrlJaiu7a\nLyxSf/uklCfz6Ho9j5R3MW+SPIiXyTorlyRCRv1Y/Bq2+J0vsbmxjiXYVFfrmKFPP+tYpgo02jrm\n2fooKJE3W8c2bEe+t47tVINuW8cOCpLKWMcqRUjx1rGTCkjdrOOgbMe5qLM0wjrOTa2l76gWDaYh\nNIaGUV/qTX1oBCw+msqhDC+Po3q4OhjtA6gnzhrQIOpBZXD0OloGgLZ8dtdw46wnaE+MNRJ/k9Gz\nJe7uDowAxNXe9AbuS0KP7CPHP9fP80LPeIufitTWGHs45hwMTgSfZdAeQ5WoyjOuKz43VukXxnp+\nnr4G10nACFxLAsc9aaDRrz/aBlOvFyRQ5rmzWlj3MGOMEfibZHBkji+4FBIRXD5/fw8cD6TG6N8D\n54MMaSXjvjdwnGzcJ3jpY0j7deglCf3Ms+fvKYWWfyeNcoYuRuDOeCqLf0cZ/5bBOH+PVQb9h4Gj\nsuAp+5jD0dIYOq5FdagptcLf0taY9H8A+wg6BAplbmRzdHJlYW0KZW5kb2JqCjEzIDAgb2JqCjw8\nL0ZpbHRlciAvRmxhdGVEZWNvZGUKL0xlbmd0aCAzMzE+PiBzdHJlYW0KeJxdUstugzAQvPMVPqaH\nCAw4JBJCSpNG4tCHSvoBxF5SpGIsQw78fY2HpFItGWvGO7uzrMNDeSx1O7Lww/ayopE1rVaWhv5m\nJbELXVsd8JipVo4L8l/Z1SYInbiahpG6Ujd9kOeMhZ/udhjtxFZ71V/oKQjfrSLb6itbfR0qh6ub\nMT/UkR5ZFBQFU9S4TK+1eas7YqGXrUvl7ttxWjvNX8R5MsRijzncyF7RYGpJttZXCvLIrYLlJ7eK\ngLT6dy+gujTyu7Y+WrjoKIqjYkY8AXrxyB0zSnceJUACSABlO19lyceje/qHG478PPNHspTZgdyD\nTEEeQZ5AbmFhsbeBE8jjLchnkAnsceggSA8gs3sybz32ZLokA7nhIOFFQL4RaBJygUJZvPSK5uaf\nOz+Cx+TkzVo3NP9S/LTmObWaHo/J9GZWzfsXqnKsxgplbmRzdHJlYW0KZW5kb2JqCjE0IDAgb2Jq\nCjw8L1R5cGUgL0ZvbnQKL1N1YnR5cGUgL1R5cGUwCi9CYXNlRm9udCAvUm9ib3RvLUJvbGQKL0Vu\nY29kaW5nIC9JZGVudGl0eS1ICi9EZXNjZW5kYW50Rm9udHMgWzE1IDAgUl0KL1RvVW5pY29kZSAx\nOCAwIFI+PgplbmRvYmoKMTUgMCBvYmoKPDwvVHlwZSAvRm9udAovRm9udERlc2NyaXB0b3IgMTYg\nMCBSCi9CYXNlRm9udCAvUm9ib3RvLUJvbGQKL1N1YnR5cGUgL0NJREZvbnRUeXBlMgovQ0lEVG9H\nSURNYXAgL0lkZW50aXR5Ci9DSURTeXN0ZW1JbmZvIDw8L1JlZ2lzdHJ5IChBZG9iZSkKL09yZGVy\naW5nIChJZGVudGl0eSkKL1N1cHBsZW1lbnQgMD4+Ci9XIFswIFs0NDMuMzU5MzhdIDUgWzI0OS4w\nMjM0NF0gMjAgWzM3NC4wMjM0NF0gMjEgMzAgNTczLjczMDQ3IDMxIFsyODIuMjI2NTZdIDQwIFs2\nNTQuNzg1MTYgMCA1NjIuNSAwIDY4MS4xNTIzNCAwIDI5MS45OTIxOSAwIDAgNTQxLjUwMzkxIDg3\nNS45NzY1NiA3MDYuNTQyOTcgMCA2NDUuNTA3ODEgMCA2MzguMTgzNTkgMCA2MTguNjUyMzRdIDcw\nIFs1MzYuMTMyODEgNTYyLjk4ODI4IDUyMS45NzI2NiAwIDU0MC41MjczNCAzNTguMzk4NDQgNTcx\nLjI4OTA2IDU2MC4wNTg1OSAyNjUuMTM2NzIgMjYwLjI1MzkxIDAgMjY1LjEzNjcyIDg2NS43MjI2\nNiA1NjAuMDU4NTkgNTY1LjQyOTY5IDU2Mi45ODgyOCAwIDM2NS4yMzQzOCA1MTQuNjQ4NDQgMzM3\nLjg5MDYzIDAgNTA1Ljg1OTM4XV0KL0RXIDA+PgplbmRvYmoKMTYgMCBvYmoKPDwvVHlwZSAvRm9u\ndERlc2NyaXB0b3IKL0ZvbnROYW1lIC9Sb2JvdG8tQm9sZAovRmxhZ3MgNAovQXNjZW50IDkyNy43\nMzQzOAovRGVzY2VudCAtMjQ0LjE0MDYzCi9TdGVtViA4My45ODQzNzUKL0NhcEhlaWdodCA3MTAu\nOTM3NQovSXRhbGljQW5nbGUgMAovRm9udEJCb3ggWy05MTMuMDg1OTQgLTI3MC45OTYwOSAyMDYw\nLjU0NjkgMTA1Ni4xNTIzNF0KL0ZvbnRGaWxlMiAxNyAwIFI+PgplbmRvYmoKMTcgMCBvYmoKPDwv\nRmlsdGVyIC9GbGF0ZURlY29kZQovTGVuZ3RoIDE0MzU2Ci9MZW5ndGgxIDM2OTkyPj4gc3RyZWFt\nCnic7X13fBXVuvY7a9bM3jM7lABJKLJLAqGEgEAKhJ5QQwu9EyIJHULvHaQ3UVBAFCyAUkSOelAB\nKyAcpCuCSEtoEgQFREky+3vWzCRGzkHP/e73z/f75Xgf3pk1a9Z619vXzOxckojISTNJJhqRMjyt\n4Y9DfERLtxCxb4enTBxZJEGqhh43AO+w9P4ptPjruUTtkoiiZg4aPnbinDvLzxNJTpxPHjQoLaX4\n+pB/ou+XQAWcprJ1DoxFS4CYgcMmDeiwdsZAotnHifQz/YenjBwyP2EWUTTGLH2EBC8srPPxIeGT\nkovVf0BlMKwY7M6DooJ+0/Z1/2+7cr8pPtU5Bn01YuYdJP51DDMCiIr/8tuu7LXFp9rt+f8r4hYt\nRTx0joKpPTkeu64Sk5dQat6pZPwBFklT2XPUmO8HXqTeyg1KVhpTC6kNNWbHaBo7SZXljVSO96W6\n0gOqIJejdNaZpjPDfw/9+wFbgBaAuL8OMARIAxoAfYFuLB5zlKE4XpJi+Qu0kIfSRDmHqjuqUILS\nn5xKOZqtNKCuShTN5jOB/jgfQ32VLTSbdaVVfCJVUYLQ3oVmOxiubQbmoX9Vk3YW9/Nb1JzfQ7+m\nNFapR04HUZgSTCFoY/wcJbI4zJmC9cZREXkmRcrPk8Q2URRPpGZ8FqXzSIrnc4BO1IpdoPJ8Jdqn\n0GDmoeEsyL+BN6eROJ6h3kbfKVjjPPQV9z1L8SwL1E112Huki3t4ABVRLtNTWG8wV4iDJrI36Wnm\noB2goUpNGsISaBZfR6n8c+qvLKIO4MPFFJqpOKi3vIf6qi2om7yUFsl+asMHY16cc0Zb5KdoBm9L\nPVk25summmwLDeC3aYmcRW3YYFrCKtIzaF8gv0UTcG9XZR+lqSHUWZ1AyZB5c8c8knljaqLMgW4u\n0LNKAC1QP6cE8NKFr4AO52Jdi2iU4qJ45XPyspo0j38I+Y4nNxtNbmUD+J5Lwx2fUIqjDnVipWgc\nP0MhaiuqqMjgDTJRplMzhVEd6LSJcpC68t0YayaVUdPMPu1MOc+lptB1dWU5teZ3qCc/AN1k+H9Q\njkDvXamcehyyz6RSpt6F7HHMU6HXejRfhScoL1MS30xNHJFY4zGKV3tSRXPu+aYttIQ+WmMdLXkt\nChN6UdaD/x+pmGkj/6Cx/DINVroAzWmcMgk2cgh6gp3w0tQW9tMU6ADbrc+rUyN+GPZ9Cfb8DEUL\nPYt5pMu0ht0BwJfwIW0yzXb+BDyNtW6GbFdSNTEOf406OZfCTnuArxOQbxFqrITh/Db6lYZsrkFW\nFTDvFCAI682CbYGyJv5tjgTq75DQr78/WviHaaNvmzZdhYfAl77CPTFUnRej7sp46KAF5FufHKYP\nwY75Maoiy1RRLYp7czBOPyojt6AQ5RPIajmQCP7ewxjvYazZpg/E8HZYI/qa6ITj+tROuQk6Fmsa\nC7ncwz2dKYGdo8pKUfiI8JMMxIHJ8OOS4G0KDTV9YIqlP/YW6EPqItckL4+gimw7PcePWn6UB274\nc3k21r0Y58uojbqSOiplTL8qLSAPNGm6iTXAi1Qa408wAX3I7dBHoD3aK0PP71EldhE6H4G4dQ9+\nMxb86FRUuURurpHCE+ADRylRCcfaX6S2/CIg1i7ka1MRX7DOZEW06bivuT9Lfg485v7Rx3EOGELx\nTugSPqbDD3W1JfCIyivraIYCv5UfUDP5LsaJoNLKW+BxPKUKsHKQRWvQ1lSZbUOMHYtYMBm0M0VI\nV6mB3JMaSNcoyURvaibAHsGWH1F9eQG1NDGWEkz8RlPl/dRVSoS9I0aw1xDDXsX9OJeHUG9xbLbV\nhuyA/PEmU1I+VqLvMsQlD01gb9NExBKffI7Gy60ojun+xuwLSpJHU6S0HvxXBg8pFCt3x9iHELce\nA9qnyy2B1dRErkat5QSMv55aspeB123MpeWCLz4GGE+tkJ/ashAayBqgbwHIA4BKwAZqTZQzkyi3\nK2gjANE8pz9R9kPQZ9BeDsc5oG6cX8TxIdCGOO8HehTnd61+Zt/GQBmgLJE/Gm1vAe8D+4GvLBiY\nL7eTdW8+tqHtFK6dAFUxZrY1V24NoBSOj4D2Be0O1LD5bPTHvDnxNs8PLOQ0A9A/G/zkeEDL2HP2\nAK7aY2ShrZHV38Cx8QhtTdEWac2f29vuD95y9uC8pHU9JwpoZcvnspX5c6bb44OHnFvAO8Ab6HMf\n7R2lm9QW59/bfGWgrYKNPRZyilrnOYKHwwCidu4Ia96cY9b6cz6zjyNwDfPn3AT2imuI+7M5h4+K\n+LWR6jIXdAwoa2ki/weNLOiDyDsJ7B/0PWqBgSKvwUbmKucoSJmF2FCdAhHbk+FPc0WMVyvDl49T\nFOLbQMyRiDi7jAejz1zEJhG3GHIochby0Ei2ixaLPMIb0kClEuLaXBqFGNIYdUkCr0rVeDKNVh5S\njHKfmiEOdTbzzyxc+4LG84/815SzaH8FfMxFHhExAnVAfmxG3cIrof6YgfW9TT2UDKoBfksiz1RB\nfG0KG48HKiuZiHnnEOtFfhR1j6DZiBnI8c4JVMU5keaq1ciHGDJO5FQlh8o6crCeO4i/kBXySxWl\nCHnVhdRKLYE+K2iRYyvNdFajmWpVKqv+TvOQf2ehnmroWAJZHPRn8GXUmc+nOYgr6YjbPvUbqszL\nQz6LIffZNIcvpWC1JOginIu2kuQRa0XeG8lHUHf1VRrpiKLhqA19OJ7DJwBVqLE6g+YjblXhU/xH\ncN5EvUhBaibumes/J8ZxPE8T1OcQ28b7rzoq0DRVA7+JyMOTyOGYSs+r/ZELHtEI5QKla21plbMI\n6o2nkMOckMcs6gX9NFEqUoDQp30e71iJMSfQsPyxf6MevAV0kE3DYGdjgImwvVXAZhxXInr0NJCu\n1oHs6oA38KJo0JXIeaNopvwubCMbtlSPhiNXBzqaQUe/wN5q0xylNeqdkzRbXUfhyocUpzZG7q6J\ndV0B3YT+vaGr2zRcHQ57rEpdoOsQ3o2CUduGwQ4i1Qq0SAlBfh5NI5CvBikvoX4p6r/Kv/Lvwfiz\n+HMYuzH0WYeCTXuGnapNMXY05liLa6+DB1EjbUS9g1oCeauCvBX2txbzvIx7GCU64mmsepp6qe1g\nixVQD+yELU6iEY4PoY+D1MhxH+OspT5KCdQx9amF8iZ5kV8TlIY0WJ2FuSeB3xNURfXCBu6i7xBK\ndwykquolXKsCnmAfzi1UxVGcgp3baa6jCI1UG0E+UaBVaD78aLAaSIqik6L/QGW12rARjjq3GIWp\n9TFGFHYllF0HWAF8DZ0sBzQcvwhE2TF6JWh7Kz5lL4K+zoFi3/ToHuoYp5rk/xZ1ajTGCsM+IB48\njUCNUhU17ghhx8gdQ+DnpWC/0+WjVFW5gvaF0O9q+K6IKzdAAcjS54ijdrKob1ahTQB+gfFqmyiJ\nOiUTY92nPuoo6iMoarZiGM+Na+15OHyiImLMZxQjj8B94I3vAsUYyuuIHxtQ88dD9yspTD4O2zwI\nehY5s4+JSNQD9XkcpUqHaIrcD/n+MtqbUKpSDX0jbZREfl0EHMW1S8Bu+KqMPl1wfyLaE6mF/BLV\nxz31Rd0A1Jd72GhO9YD68jSqj3g+UU7Gfe2smkP0Y4cxZxsbuJdFgIprb2A80S8B589jnvdw3BnH\ng8DvMow3G7kf44maxewv+uX1GQyeRZ+lVEv9DTW1y39YURHrXqBAZyDi33pA8X8jz/afllv4s/gQ\n3BPn/4n3oKqoH9OFPPhW6uooi5oINaPsQGyMpHLKbKA8arjZZryMF/sy+GUz7LlGsgE00dECvnwZ\nmGXWhsPM2lxBfsH+C/E9WOy7EDObKS2h67PUkG9CTXzUrGObKR8hvxyC3z8NPaJuVBqhRoR/ya9B\ntnVs+a8GylI4e4YisfeJFTI1a7deqNkcJo01j5HxGMe5C/JwIa+0gswB+SPUQp+CPrBkj7q8vqid\nsB92sWTI4APgZ+oqH6COqHM6ymFUjBkULfcGPgDmUEP5FUqEH7wA7IRv6PCTT4GTQGkA/pQj6iEO\nIMbltkQ/nGeLmgZ+loudUs4ZO/++BKy265FaQEUgxM7Zm2x8DOywaoDcdLuWGGrn+k323H7gX7gm\n2r+z6oecfcAu67p5j6htJgGfALftMRLtcd63Keqp3PJWjZLTBH7+stjvi32DrJAuM9LYDdiChwKh\n933sOvQg9D8c/oi8riaj7++IBTsQ99MR916Df14ln/Qt6uDDNET6AXLdTs/AB4fJ2P/IKuChYew2\n9tceE8PMa4BkUBqQgnvHcFRxzipEeZR9CEDqqJeJz8AxpCy9RtYDlhN5T1RyRb2HqznPiTpOPCMR\n4KPpeeTaF9VymKcDbcf+gUkXaRDmqSch/kjbUXM3opFyM9S/deEvSYgv7SkOdvgMu0QLeAeay9rQ\nNF4N+/Rb9CwrTgMcO6i7thz55CRq6IGo96uhfjqN+vgy7HkG1jeUOiivUlv5NoXL60hRYQkCiBkl\nlO7oN466ySvJg33UfCBFzsQ+Nxr7bz9NF5BRW6D2Gmfecw85R6bWCnKPOFd207fy98g3czBnHHwr\nkxIlgN8EfqLWkn3OsqmldJsmgcYAzYEWQG3RDjSV66Pu+9lGcQvYM3S3ry/If7bxP7k/0Y5/IhY2\nhV/1sHxVxD9pP/L+HzHQ3L+IuId6MtGuv7ryz2mAuR+dg/3yFVrm3IE8OA7H96DHF6mnsh/7ZdSt\n+nKKVDpgn20AY5BTX0d7LmTUgLrwPWgbRZFmfVsXMftT3P855hmPvPMm6tN51AW+GQtb72jRnDZq\nFxqEXDrIURv9LlEaatlB6kvg/z5FON2o52pSJ+Ug6oEQoCKlYS+eBpsap9Q1805zxYf2FOy9i9Mq\n1LWRyFlpzpo0yLmQOqoXaIN6njY474L+SBsc71Nz1QB9kZo7plFrx3HqjbphgyOQ2qHmSEHd1ko9\ngVrvEuqsX2kD64YxZ9Iq9W1a5VhIq7BGp2MRObX3yOn6Acfj0VYKtcNECtZeQ7wdhPPGkFUz9K9E\nq5gPObgJjVD7ARE4Rh5Vq1MxZ1sqpg/DcT20PUUhahSFODtRiOSHrGOQj1Fvg98RjkTY+XSaj/69\nUA81EXkctCtqovrKIrRnUi+HCh94AXMuoTcUDt+Bz6Emr+NMpr4syf8GX09p5jNH8ewxFHYwiOry\nEsjx4ahbwxFrKlJ7IJkb8D2DkhGr5wM92Tr4xzr4ihe2BUDnSdBBbdQDSSYO29hBZdhPVIZf8Gcp\nE6iM+SwyEXv+jqSbtSJqI2Us2j5CnhLPl8pTohqKXCeeY2IfguMifC8VcfyEWmk9PcUbw56wT5IH\n0hBVQu07ErGBw5bE88Yi8IPysI22OBfPO88R4n3OB1Y8zRX7uzkA9qU5x4FD9r5W7M8O2nH3gL0/\nE3vcz+39rojrW+w9X6jdT8TwL+z4/TowD1gGpFt7yJw1wEjY8Bzk/yQBtsiCHAyMgKycprySuHhO\n96wF+S3gkgU1CPuQLdQQcVugrnTAkqcylOoAFeQIjJeDvvB9ZTH08gFi+RLIdTDaBJYgxgl8Bn19\nitiQhP7QUR5FDZwMtMbeZRqfBnllWvFKQHFTIuq/BOlr9G2B+OKj4dIDSpauUxJonIh/cifM0QM2\nMg08SdTb9TFtKv4LbUI8TjLj3Hq0E2ynMk1hjAbKk7H3FPoVNcdZm9rPIdlO3Pc29p13USa0gK/6\nqKUSTvWdW6mbirgt9mzYZ/gcD/3Zjk6onV9GLXkXNfhM2PpC7HeSaY4pr/7w+UtU3Nwv7aO+ZvsG\ntGcjthenCmpR2OclCoVvl1XDMd5g1N4PULMjfjiSsC8V+9X5mC8OMe8mJWjVYYcDQedTO+iyA9Hv\ni2w6HfJOsm3gS+AasB0oZ+dysb+PIeuZxipT/9cQi7BPFXtLfh11lpvqaqupqTMKufowzVQmg6+e\n4AvrA79V4L8eM06WIg94HaeUpCmQTxWx71SPmXunMtj/zkcsGOp4SOMcPuwPY8DvEMRSex1yhukL\nqeChJ0sBD49j4B9ULoZ8WBE5oSDKwHYex/P/DvYD7p+AWPAVaCvLLgWkfcgtNhB7kgTYjzSB1aX2\n7AQls8rU3qxpsAbosYryiHT4QRfsD5vzGqhVw2DrMYCH6oh9uahfna8gJnxKzZybQQ3QESSrR6gZ\n9spOdUEBOgN0PerYhnZcHI+9zw7UzcgHvB9sQpx/BXxNs9kE5HdcE7U17i2lTIF8c2ADCsWbNpCG\n+mky+l5AvTAceegO8lZP0J3YJ75NnfkPlIAc0Rl1Rjx4LwXfUBDnKyrNgXqwSdTb4n2LehSxbBfW\ntQc+Wwfj3cJcNuXvg69wrBH6lz9HvIylGrwW6v/NqMvfo7qotVvApuORx2c4K4P/D2kI5J2uTMXe\nQIXcplEI9N6Lf4n88Ab0UgnXwsx3Pk7eFXx1oarMTdNhV0Le6ai9Z4vnxUovzFkbtft07B9cqC0u\nwc/nQ3cA9miLOOoA5N/Z2OcOUfaAz38A4lmOgT1tX1MGtbBPDzVrz4aYfy31VdqDNoUdlsBa07Bv\nboV1rgRmWDJX29rnb0BWQ0GfB7CnUddhzy6e4bwC2b+HsYP8d4QPIA82R+0aqcyi+uoB8NufqilV\nqY3IEeL9lzYVOWwW9kJVIeOPEQOFXDh0uJEiTL4CIbf92LO9SEHIRdUcp3E9DWiKseoAbREDSyEe\nxCKWVKUuAuoHFC/Ae6Ne+Ro23ggyO46+lRArc4FXyS32vGwpeBTP8w3MfQUyuU0jYTeleAgFKy7k\nfOxClAjQLf7dykf+3XyBf6n8PilmXhB7pQvYO80Fb2cwpng2l0v9WE9axJ6jnqiDo1BHlofdBSFm\nlHeMsIC9X3nEgDoitlj1dfZau87GPiZ7hwXxvOBJ11C7V6PuzmjqrSSjdh5Ez/Js7K2sulLUly15\nZcSoytQOqAkk2YgCagB1gNVmW00ct/MbqK24kouYtdDv58uxh+yIONeK6vEJsM9PIceJJm3Mv6VU\n1Wnu/VJxT6p8nnysGE3gZ3D+GvLOl6DivuepibyFHNj7pUJmfvNeUHkbchb2/DwBOeIMNVaWwb9P\nor7chvnmUmPHAHI7+iLe7Ma56DcPx4uRM0bCtlpTI/492oYAp7EfSqenlBU4fptaqO9QqkM8C3gJ\ndUk9tAm/mks11TdNGgM70dXrGAP7VeTtVNiuT/WCpySs/Txx9QvMh3GAVLUW9H0K19pgPsE31oJ9\nQgunGPcj6gL9VRb29pc1/Elaipz4nCz4refP5tuRl+NoLmxpLm9Jo5SnQZvQKD7O5K8xHw663e9n\nEs2T19MQ6L+PjXib9rfrkv42+th73njuoDnc4W8KOldAXBdyF+PkjWXz9R95RT3SHT4snuHNVb4F\nPUPdUesu57OpB+JhMb6NqvGh8JHqyCkYTzpLvdRl4HkL9RPx38QI+Pxq6uQU77TL+V/BniIWSAGi\ngM5AO6A2kAx0sd+dnxXvAdlsrFml8uwmhYhz8T4K+6vl4t2s+fyhpj9bHEs3abHZXzyPEO+XAFNu\nsH2gnE0XAIHAOmCV3b4dWA+8DoQBa+1+I+2+i4EVwEvAFvuauN8DvALsAN4CPrSv1QA2ARWAmsAy\n+zxGPgaZH0Nez6ZDoOOBqXb/mnZ/wcP7NnYDe23+1trjF7PbCvaJFmPbc+T1DQJSgHp5c4q57Ln3\n2vwvttcneC5v3x9or2WLvV6xvjqA15ZRWIE1iHW9Jc7te1fZ7e/b54IesmmeHEfaslxmt6+3+d1u\n9ylv87bA7i9kHGSPu8OeW6xjfJ5M7XUKGdSzz9fbY9ex+3jtNeXNKda/O28s+1jIZz7i5xjsT98G\n7QEUBeKAE4B4XrvQfhYFP8vuDgjfE89wiuF4NmJCW9Dj1jPdR7j2qDFqyTeIftvFG4GX55BfWlAz\n/hI15agNsTdrAJrO1+FYvK9eidyeSGXk0+Y3DYqyAHVJGPLyVzheQwqPA8X+D3nKIZ4HI8aYMRex\nIkbEXes9mXjnZ6I2kAa0LtAmzpvaxx1EH/ENjHhWo3QklwBf4/9R5GT2nv+K+W3KkyCeGcy0v1ex\nwbr6d4t8DfoOsDX/O5XHIb5RKQDzGxXxHcqTEGl9l1IQ8PlNpv/X9K8H1uR/k/I47Hfx+RDfowDm\nXgJj/xu132U9kUZhTWUwbt43Bn9DxXc84huBJ1L7mR/ktQvr2AB6CvQz0OOg+yDPEOYhJuSK+nIV\nj6Lh4nsgxLkX874NEd8FiW9zbNrTpO/b59k0Q+hByOdxyqf4l+e/w3uclrPrR4u2t2kJc98tnjP/\nHTVtCHVrQXqedFPfWO9/S83vmMS3RMJGhO7s75nM/eVjVHzbI77lMb/tEd/xjPOvNCFqFeTOJwL5\nVeThgmDF/KtF3QK6FFgo/MvM9Y9D1EIFIWqlx8b+E8ZR8ONzmTUAaqM/4YzJwwrgXWAHeKkAjBX1\nlFlXffRnmPzl4XEeRY2WB1F7FYSQTR4eX4sNs+4T6xIQ9aAN02cy/Q41wO9iH/kDlLX+aUo3f5Ay\n1r+S7fKPyfu2zfQF8azR/p5N2O3j37GZe2HoVnyzJmKHqWdRL481dTncfG+dTKPNb7GEX9+mJeZ7\nDsRLzLXVvCbaQcV7a3PO8ah3YI92TNpqfkeH+krML94f5/Mn+qG/eLds8rXF5ust9K1qfZtnfjcl\nvqcT8Uj4t3hHnPcNnIhP1nduweJa3l7W/HYOscn8fk68Y0afPHt+nObZt/ndofgesSdNhY8vFM/K\nBU/i2WxejMrjNY8P893/fcQS8z2x/5ZzMfa1i8Ez9lri3WD++3kxRzAFCnmI9+niHbipj8diYJ4f\n5ccw8f61PuozIO++/LEFH4KHPJoXP/LeXYPmH0dhr1sF+QqyN2Pw43QF9qPiXfvvNM98xz5HfPv1\nhDjdH/kw0T/xL67/V/Tv47j/CO/kH/2k66ZtiTzUFfsqDw17YjydRyX5PP9zT7xuf8/3t/TxOJn3\nLd/f0D/Fz4J0o2kX5nOnPPkLfxA2nPee3pyH+b8V4OP91+Se/oNKI/9l3tu/N8+mTN8Q9i/8tb//\nnnjn82/fxW6lSfwT+OlW6gY6VrynYidopvBv59fme/fZyG8zdA/iwx6cr0CusvUE/90IX/ojX/2X\n+cP8fu8J9p2fg+08+rhO9KI0W2tBs52r0ZbXNy+HmmP5bxawowawk4w/7MLIYjWNc+D7GPjea4/J\nCuTX0izL38fOq43BbwrysT+ff7sueNxO/8K+TJqvV/ib+V5ffM8i4p7buC6+3xFxQMQj0ycv0LPm\nt64N7Ofx8xA3n6X4vJhkxsZZVg3wJ1qgFjJ99G/of1srie+HzOc5j9VGT6R5enuM2nXQMN7F/xXz\n+Hdb5/73bfpcXjzNj6tPqI/y6d/I3MxfQi5V/5BTgdopxaZNLep/+39VQxWgT7D5nv/Wbj+jLPis\nsmDuyfPdfB/Os6En1Flmvfqe/7iZt0Q/YZ8iV/8F/tg7GB8C15X+fg30V9A+QLz9fe2/I9O4CtxT\ngnPfBr4DHgHXze/Z/gJqgHETeKg2zN0BnAcM4Jba0OgIxIp6woL/LnAZx42ACkAEzh+yj4wfgd9Y\nVu47wA+AH8hiWUYnoM5/3GsIW1jr7wUMVo4YXqAdMBLoY9YnfwHUTZLysVEaqASMETXMXwE11khg\nurLJiAb6A88Co4GzwL582efJ0ZYL1lfXrKXyeLbnzxv3f63H/6Ve/p+t+y9593+Xd/wf+cw0XgQu\ngM91wBWzbt2F/dgu7M1QawLvAidNKvZpYs/WFXIVv9V4XLfi+0qBvHPhW6LO7Wa8CWQpy/xV/uM6\n1/qLAGK9ocBg8W2n2Ks7fqPqahUTU83fr4jvJLb7f+Ah/ppKSX8Ea+2vxg/7k/ki4z4/7x9q7kGG\n23sMUbeb+wqaIPYQ4jlt/n5BPL8VewD7Wa+558GxuT85YO0b7P3Qwrw9iHi+mj/+AXuO7+1xz9jj\nime0E+1nmB3N+7j5nPaM3YY5zOep31vjiWe+YnzlFk0wn3GIMTC32IPkQdzzpLwo+DH5EM9FxDPH\n/warqdPfIu855v8AyPsviC8y8T8OyOI3U9axVg1nknkuk26ec81JJLURP3WiNuJ3UqRREZpOG2gb\nbadP6AAdo2t0hwypmBQoVZQqSU9LnaRkaaA0XVolvSodkDIkPwthFVltNpaNYy+xl9nHbI88QZ4h\nL5KXyCvljfJO+UP5tHyZV+Q1eDPenj/D0/kkvpi/yt/i7/KP+FF+ht/kDxRJKa6UV2qU3Vf+gVty\nV3LXcDdwN3LPcD/rXut+1f2z2+8J8pT3NPO09XTz9PD08vTxTPO859nj+dJzxHPK873noifLc8dz\n35PjMbyat5Q3yFvJW9/b3NvK29eb7B3lXeZ92bvVu8973nvDe9cn+WSf6tN8JX0hvjBfuC/CV91X\ny1fP19a3MJSFqqHFQkuElg11h0aEtgztF5pWIazi4Up3ItpHJFebUT1+0/pNr25etnn55u2b393s\nf6v61uStaT+xX7/IVo1Iw+/P9ftN+VvS9EKaGyHNHfQpHaTjdJ3ukl8qLpWQwqXKUk2ps9RPGiTN\nkFZLG6SDUiYjVpqFsyhIczxbw9azPWyvPFmeC2kuk5+XX5fflT+Sv5Hv8nD+NG/Ok3h/PpJP5kv4\nBv4238U/5sf4d/xH/qvClEDFXXZneSqf42buyu6n3Q3djd0z3fPc69wb3L94yFPa4/W09CTZ0kz2\nzPR84NnrOeD52vOt5wfPJc9tzy+eXz25XvLqkGawt4a3gbeFNxHSHOkd613h3eDd5v3elCZBmoop\nzWCf21fRVzVfmu1taQYWkGaqKc1rEe0ielbrF3lpU2NIkyDNFZt3bn4IaT69NfUnCdIkwwtp5kCa\nMFD/I/9D/1VnuP8LZ1n/50TOIgCs1wnLdjLxc0MzTpHjkT8EvUtpPlh4KcBpvO88aLxHZOxyjDbe\nNX+a11YV1k7GQmAakAS0BBoAscDTQGUiZQIwjij3AXD3xshrNYhutwaa3fr5dsKt1243uPrCraNE\nWd9lfZt1Outk1vGsY1lHs77OOpJ1OOsQ2r8A9mWmZX2U2T3r/az3MltnJma2/vFgZiJRZqOsoZn1\ns7pmRmRWycRcmWGZjoycjAcZ1zKuZmRmXMk4m3Em4wRRxpGMwxkHMz7J2JGxPSP6UkRGlYzKGb4M\nd0aJK79euXjl/GXPxUk/9D1HZ3/97tczq5PXJL+UXCetUnJscnTfu30+7/VZr71lQos/ExCuFXHW\ndzR+/DeM5i8T44CmwAhgQQEcNq+eNv+9AnMOzruDVc6jrJZJ45CFiOF+tgEhB6qQIUG5I/AMMA9Y\nCXwAfAv8aN0t5yAs8T/z8vh5frvT+jrwP17THzsPfkK/J7T/3//P+bXzqPOY87jzhPMkdmyHnD84\nLzgvOi85Lzuv0Bya68xwZjqvOq85r9OzNM95w3nT+aPzljPLeZvm0wLnb87fnY+c2c4cZy4tpEVO\nw+nXSJM0RoudX9ESWuo8TMu0mlotrbYWpUVrMbRci9XqaHW1OK2eVl9roDWkFfSc1khrrDXR4rUE\nranWjFbS81pzrYXWUmulJWqt6QVapfXUeml9tWStn5bi/JfziH7NjEfv0E56l3bRP/Trel/6ns67\nFJfqcricLs2lu1yuAPqBLuiRriKuoq5iruKuQLpIl1wlXCWdp5w/aZO0ydoUbarWXeuh9db60GW6\n4qrmiqQMyqSryBrX6YargdRWaudqqF9lVVhVFsGquRqxSFZd+4bV0L7VzmjfsadZTe2idkm7zGpp\nV7QMVlvL1K6yKO0ai9ausxjthnaTxWo/sjqsrnZLy9Juaz9pd7S72s/aLyxBu689YE21e6wZa85a\nsJasFUtkrbVfWRvWVnuo/ab9rj3Sslk71p4lsQ6uxq4mLJn1c8W7ElxNWQp7xtXM1dzVwtWS9Wep\nLI0NYAP12loOG6TlssGaofl10iU2hA1lw3RZj9I5G64rbISu6g6WrjvZSDaKjdY1nbExuq679AC9\niF5UL6YXF7lQD9RLsJlsFpvN5ugl2Vz2LJunl2Lz2QK2kC3Sg9hiPVgPYUv00mypXkaP1suyl/Ry\nbI3+lF5ed+setpatYy/rXj1G9yELvMJe1U/osXodtp3tYO+wnXpdPU6vr9fTj7Mv2JdsPzvADuon\n9VPsK3aIHWb/0hvoDdkR9jU7yo7pp/Vv9EZ6Y/2g/pXeRI/Xv9XP6MdYBsvUv9aP6gl6U70Zu8qu\nsevsBrvJfmS3WJZ+SD/MbrOf2B09SW+vd9A76p30znoXdpf9rHfVu+nd9R56T72X3lvvo/9LP6IP\n1YexX9g9dp890L/Tz7Jf9eH6OVmVHbJT1mRddskBchFXK1eiq7WrDaqBcF6JV9Zr6rV4FV7VNcY1\nlkfwajySV9cr61X0T/XP9M/1L/Qv9f08ikfzGB7L6/C6PI7X4/V5A94wYF7A/IAFvBFvzJsErAh4\nLmBlwPMB7/LRfIxeVY/gY/k4Pp5P4BNRa0zmU/RqfD8/wA/q3/Ov+CF+mP+LH+Ff86P6Af6A1aUA\n4c3FNlheLbUp4OLmr8cLQLMh6qoiNkTM8gLTAQXYYMF5AHQjsA0QvwPfbsF5EFR8L/EJMBL4FNgv\nognoARuzAdHvGNpFBD5uwYmsYn4BjTjq/AH0DPAdMAc4C6DNmQF6AbgIPAtcAq6iXfze/pqN+cB1\n4A7aAdQkFhD36WfgV7Qjm9JDQFBkSvqdzA8endgBUB4WA6h2pGIQC2QiFbeA+EVSoAXxO32pBFDR\nyshSuAVaClrJAiIdScgqEvKGJmhNC7QMFDlGQlbWRFsdC7QctC7QGO24JjUB4tG+AjQBaIX2RqDI\ntBIyNqKiqVepA9qbgyI3SZ3Q/gJoZyAZ7eJ6PyAFxz1BkbukNBz3BR0ADASf/wIdBEDXmrg+AxDf\ny6wGtYHoStKLwHpL39IrFnTIW3rVgi7GhI1IQteoTSToWoLedOhIygSgL0RkksRYt4lcsCvpJ+CO\npWPprgU9EhT6klChuGCLEvQmPbR0L0FvEnTmErJ/ZMF5CjTbglOMhxwsQX/aJNvEUTu5oCNWGiiD\n9u6gZc0vG0jrDfoUUB4dL4O6AQ/6VwOF/TPoF9GfGHTLaqO9OmgUMBbtN0HHWXDVBx0PvIS5q4Ku\nseBC9cXWAuvQ3hb0ZQuuhqCQJfsY7e1B91jQxfh74YoTrNpFnmxBh+zkKQB0xKqAzrDggj3Ic4Fn\nzb/AYNUlgPYN6HwLDBWeDB+QF6Fd1CpLLGjwLXmZVcdo50CfB16wfpkgQ/8y9K1B5vJLFkRdJGNN\nMtajoXaS11kQcpGxJhnr0aBn+RULQk7yqxY06FzeYIGJXwRstKDBfuTXLbAY0DeAN9EOm5E3WWDw\nBXmzBQ11lrwFeAvt8Bn5bWAn2m+Bog6WPzT/MgPJH1nQfgH92AKDD8mQsQz5avdB91lgqBPlTyxo\n90ARu2TxVwSagR60oMEGZfi/jFjF4FMyfFtGlazBLmXEM/kk2tuBwhZlxDYXfFgWOhA2JWpG2LUM\nm2bwSVnwhPld8G0ZNi5jbAb/lMVYsGeXmBe2LMOGWX8rFAvokDOXLGiizmQWGHyXyxa0XKveFGCD\nQRWrztQQ1zhiPHehfQhogAVd3FfEgg598aIWdDFGMQtsOGhxC7oYL9CCqI05/JCXRLtq1bICLB00\nyILutGpU8XUfQ17gZSzogpeyFnSxjnIW2BhQ+CMPRTtqYB4GVLD8jVe0oIv54Y+8huVz/GkLuuAF\n8ZQL/5wJGm1BB38ctsVhLwy+wuta0AW/sBUufBR+whta0AXvjSww5AIOXXLEYl2sI94Cg//wBAs6\n1sabWmCI/7yZBV2sFXGZC/+Gn/EkC7rgq4MFXcigowURO3gnC7qQR2cLIo7wLgDili5k0wPoZcUV\n3tuCjljF+1jQxVr7WtCxY+SwOZ5ixRv+jAUd+ZYL20q39jdc6GYU2uFrfDQg4hriPBfyRSzShcwm\nWtAR6/gkC3o9UMQnDjkx+B9fYkFHXudCFs+hHTtGjhjDEV90+AlHjOGILQz+xMWasT4dOuBiPSIm\nHgFF/OAip8CXuOBP+LsYE/7Ot6Jd6Ac1CAePOvyTo/bg7+AYeuKIBxy86Ih1fBeAOMAQ3/jHFnT4\nK0cc4HvFXwoBRQzg8H0dtQqH73PsxHWhW8E3/Jwh9nLkSA6+dPg/F/3g+ww5jIuxUK/oQs/fWWDI\nZ/ysBV3o/JwFHXbAkf84Yqou9I8ahov4gNjAEU858omOPSdHjOOIC7rQG2IDR1zQxfzIfRy5Tx8K\nijjB4esMsYQL30as0L+zSjUBhvsUyYIO/1XgYwr8l2EsJdCCDp4U+IwCO5XhvwpsUUEedKHOUJAH\nFZE3EAvKQp5lRayEjYk0WV7ELFwrjxhUHvMKn0R3cou54H9uzOVG/eNCvnOj7nGLX8EBbuRFdwTa\n4eNu5Fc3xuA4d8N33dC/Czbnhv+5oVsd19zwO7fIcagD3fBnN3KcjrjgRn5zw1Zc0I8b+ccNOxGx\nwA07cSPG6ohLbsjFjViui/kRa91CbtCtG3JzC54RI5DmyQNfd0FuHviwR6wd9YMH6/TAf124z9MS\nwDoCIBsPdOnphmNxvYeFAIzv6WUhAGv09LEQgLV6oD/PNBxjjR7w70FNFIDazfMBAPsLwNo8sEHP\nZ1Yc8sDuPF+iHevzIP94YG8BqFE9sDfPMSseeeADHuSYANSEHti3B/YUAH/yoH7yXLRikwd25clC\nO2TkgY167ljxyAOZeLCmAORRD+zDA/0FwJ88sCOPsKGWVsnvFbEZfHoRf72lrNjjDbKgnwdFHPRC\nvxx1pbeGhQD4mxd69Na04ocXtYIX+UqHHLyQtVfECcRwb30LOvTvhc69wm+mgrYAYHcB8FevmFvE\nL8jBm2wh4H1QxCgvYhSHzr1irGVWvPBCFl7UH3w3KGzA+xqOsffwvm5Bh4y8qCu8InYg5ni3WtAh\nYy9iiHef5cde0e+85YveGxY46hnvXQsccQDhlHwiB6Oe8ckWOPr54HQ+1fJhn2aBoybxlbTAoQ8f\n5OZDLcqhEx8cxidyG3Tjq2hB+Lwv3AL2b+SD7HwRVgzwVbcgYoCvlgURC3z1LIh44GtrgaN28CHW\n+GA7HDoOZRYUxPZQ1QKDnkKLWVCQF0MRD0JFLMC8oWUtKBg31G1Bgc5CIywo0FtoSwsK/DW0nwUF\n9hmKPWEo9hcKfLdCmAUFNlnxsAUFcbUSZFcJ61aQLyNQM0WAV0VQ7E8ioGsFflYN41WDfyiIh5Gw\n5+oYQ0Eu2oRxN0HnCmLrplctqFgXTJo2wx5UrGXzcgsB8LPNsI3NyBEqcsRmxLHNsFMVetyMOLgZ\ncUBF/flWdQsqdLwVNrwVPKiII1uxlq1YiwNK/wk6/wkydGA9v35hwQGdQdSUDXk6oDMDzmOgBncA\nht+CAzL0Qwd++JijPrY1QwDEb0dDey/e6f8hkIdpjbWflcCnNLEAkKNYYgGIevjU30OOtZFm46SN\nn/6AWTOKGmaujWMWlAo2Wv1fAPFRRUxW021gTgfijwN6dZywn5J3tIF478R8GmxYQ22r7bcBn9Cx\nv9W32ThTiEIUohCFKEQhClGIQhSiEIUoRCEKUYhCFKIQhShEIQpRiEIUohCFKEQhClGIQhSiEIUo\nRCEKUYhCFKIQhShEIQpRiEL8fwNF/P0OWfz/pZFJJY0CqBhR7UBfoMZkKVAJlGSflMq+zF0rMUm6\nKpXI3SIFZDLZ8Cs7HyUpk3NfY31z++ZOVZwB2cXZxNy+rC9JNN3/QNovVRV/TiQ2KqZWcFApNTR8\neo/V3buv7rE8vkeP+CY9epDkv+efw66YM5MkhUnsSu6NM6y0svP3U2okMernz+Kxypdgqaz5pze8\nFBhdnGrXopIVo8LDQlVHYKng2rViYnms8YvR0rgjFTv/vVRcMi4OSUkeIg1NSR4ssV7GP41zUrjU\nKldqKVUwLhgfh32+ZvVeY9sXL6/ZB07FHxHwKbuwdJKwaCW6ouwzLhpbWE9l16N2vNfQH79DrxZE\nvJWyn0oTVQzyRUsxMdEmB0G+KPCD5TGHxFvllJPODOmU0mvgcOOiVOzW1ftbXzBybt48IP06bk2T\nlJFLhuyXyv7w6Qojd51xB4MOwfLisfqnxN8JKekL8skxtWuVwFhhoRUq+cTKrEmkcdc6yU/n7quQ\nOv70jbvZe41vFMld8qPhyaMntu/KXqjDMu8aB2IN4/rnxrlLhz9bP3rM0tqQXhqGT1I+oSAKxQSl\nKCzUFJ+vdlCY6lAdYi6l1B+zOHiS8eDSTeOmNE/qV6X8wbETS4979+jx3JhJKX1HjUptO6KMdOm0\ncUlqKlG6lCJ98pP8zIAdE4zvN6xdu2r02NXtYzFlN//PPBJiKiV+IAmFKWHRtWNiYtWwUBYtBEWB\nFS2NWVPySGOVsbJC6bNnAseu/vp7Sbt4WSqSmzhgcIsBZcZ3Tx4kFzXWG4n8F+mf20ZKZU6elmoY\nHxr3O43c0Cpq3Lo1W/1+mgo7+4L3oXAqKf6WI5X0G3JtiLYr1p4NRoTd+FTyWZYDEuILDw/zykEm\nG/JRqVox44Rx37hh7JMSpZJSoBQaZJzWp60yzjsXblj2rHT1gnFVmiQlJEsJ0hTjh0uzFxsdJl7J\nnIU5ZsMmOkF9LtNdgnw2ZstHc5NZo9zP2BvKznvGm7eMKb+gd19/liKDI7ewM5WHPc6RwxaML1qR\no4yHd42rxutSOylIKicVLW2cD5y6wDhbQtq6bdiw0sZdlpv7ccNlUrrUoZvUQRpl3D09Yq4xaPm1\nGzVDss9jslWY5DPbr2DU0mfGadNbd9psR+BIMU0ZV3lETjcp8pdflJ3Z8dZ1dTquFxU+Ka6XhGeW\nBPXJM6Vx0kLjlNuYeNSY6DZOSQulFdz7KElaxrZlH+BxuZ2N0XlzKGE40sz5BQv4RwkzTufuxl2R\nrKXgRv4kp4myM6ex/CksR3B1AXfoVMLiGZIJKsXFvbViYCzSO8YpVhchSDinYdyXAmaNHj2LsVxD\n2WncPXHqEfvYiJ287zl7qJ/NBYSIH+mGicFqcUQgB6QZaNu7vMO4ewdDurMlz5KJUr2cfT+PnzB2\nEgvO/VHZefnMK5/H5G4ryvcarSc8kzYBKxK/XT+MQR1EJaNNRQdW4RuNBOM033vvXnYC34uZm8Hq\nVN4ODl1J/Hy3Euw+PDoqpnZt09wRK2JErAgMDgmqKFQt4kepYHalhGvwlnWncx7OattpnXHx0cmP\nH7IqubdbDQweP2ZI6/B64/659O2PG7XuMXvpv/btM9wr2gcealJpT0qLmOaYMh1TNkTsKmaauggd\nlRyCOTOSSKGOQNvBecMTp3YOLmJkS6Fpr31zwghcGB29eFKnTqzkPePI/DEq5Z4baxy+K9UfZXQe\n9e7GmXuw5nh/lvwQy8HIgl8frBZ+HB1VAqswrdbiv2b7AZJUnBm5e7J//y374O/MuCv17T69Xdtv\nuiVuuyA1uPbUValh5hft0/eumSak1AosezBsKRH4KqoQElUyo0OJoCBfMPiNlRCNfNHh4dwZdfqV\nHCNTkgJv3Lyf277YgvQ3+xkHe6cWk1ayPjsTJ0s1v6v6QIozzt+dMnjWJBYyNTW42xhwXp6IXVSD\nSPxFJqF/hCGhh1ohDjDtCKrN/nnGuLBx47f/bN5ODq+9QT4jD8xZIw881ffDL0td0pb2F7o0uvIw\nc/HiTzqFhleKNSUZLWJZJVMGIbG+wFJcEn4bG2gKg5V95lbzmUNfHjNzwMZDP7JbR/7R3yWpMNjU\noaPnxtWdM2qE0bVjt50Tp4yOGy1F3Sj/UKo1eUD2rYt35Y9m/zNVOtD/w3lgXvy5luJQqfgTU1Cg\nrc3gENCocNZkel0kF9+ona/ul4wLPeXUlJxcaG//wj0ZuR3YtsHtwftw3PmucsP8E51UMj//Khhh\nePcXuuP/pCjjgtKxSZcuTRp36fKd8F1i/g1Ga2mbeVtwwdtCsEysulI0Fho9uJu4v1uwFPrZO22a\nVa8+p8Aoi/75eeBVbQmWIP5y1EaV8uPPRuOCSo/MHEviV7zTIdjy+csLEZr5Y4lhZiuWGj+xrnFB\nKq6P2n+iXfq3L+/Deru1nlnbuNhdTh2Qy3jchMVvvrn7Um4i2zWs+aTcILZzaCuRVoX8MEHgnybI\nk1/8lPoiOetjv1izBwP2kFMH5XIeN3XFB1fEQIMSIT8YPk/ACEWojBCESFxBQWYCrVSxQMaMlwLu\nP5R049cH94wHHI41ZVJa2pTJqaxSllTP2J8VlGUckGpdLzL3w91rZ+3dI7zV6McbYmDTW5XQSnnM\nwfJLsQLeyta+NhBLL+Ia+NbRs2eN6/OjYuaP6ptSaowhKecGTzNOPsTYX8oTBxvNhn68Zt77lljZ\nKQwd8Gexymzg67UxVKDW5eXYUFmOSs+tx+NmrSpi3MJNdeDhJ3FTBdwUFV4p3IxWULsvynbukGBh\nAyKMmZ7JPuyyZPO3Vw+f+sW4mNSlZYeuY3fe+PVExl2pJB/XdotUrXojd4WXFs8/dODFhh0TalWv\nHxK2YuPyPTfndknEZLo/iy1VmqEegdeLIYVbglHUI2YdF8uWduizbMurr0q+3bvrxFar7Cj3wjZW\n75TkMh6cys1oWs2JQYqIv4kEa1XN7CT5SpaUs43njdvGSqnGoa94nJmGqrAz4jf1RWmH+KvA4u8d\nUV/z79qJYwki6msfM3LCXKxjmarTaPuYwwM22McKAsAH9rGK9vP2sYMa0y/2sZMCpFr2sUbhUkP7\n2EWlpFT7OKDAcRHqLU20j4tSZ+k0JUCBI2kSOBhMA2kQjUWxW4ueppr4z4vyMx3/DaRhlIazVjSC\n+oNbLzVByzDQjvl3jTHP0kDTMNZ4/JuKnh1x9zPAWCAeGIbWgmPG/amHN79PnM1D7BOudzVnGYPZ\n08GT4Lg6etemOlQvn/8/3xuZf++fRxxscp4CjMWIKbiehjCWguOhaEunAY9JofqfzhKw9tHmGGPx\nb4rJizW+4E9IRfD35/v743g4tUH//jgfYUosFfeNw3GqeZ/gZZAp8SbQTQr6WWd/vqcaWv6THJ42\n9TEWd8ZRDfw3wfyvOsb5Y6zq6D8aHNUATwXHHIOWNtBzAjWjdtQJ/0baY9L/Acca/QYKZW5kc3Ry\nZWFtCmVuZG9iagoxOCAwIG9iago8PC9GaWx0ZXIgL0ZsYXRlRGVjb2RlCi9MZW5ndGggMzM0Pj4g\nc3RyZWFtCnicXZLNaoQwFIX3PkWW08Wg8bcDIkxtB1z0h9o+gJNcp0KNIWYWvn1jjp1CAxG+5J7L\nOd6EdfPYqMGy8M1MoiXL+kFJQ/N0NYLYmS6DCnjM5CDsRv4rxk4HoRO3y2xpbFQ/BWXJWPjubmdr\nFrY7yulMd0H4aiSZQV3Y7rNuHbdXrb9pJGVZFFQVk9S7Ts+dfulGYqGX7Rvp7ge77J3mr+Jj0cRi\nzxxuxCRp1p0g06kLBWXkVsXKk1tVQEr+uz9Ade7FV2d8deaqoyiOqpXie09pAjqCMlANKkBPoIOn\nBF0ydEkKUAw6gFJP2YOnIvfuNh/3v65uIXjqyzg6xSev5fDD0SKBLQ4j/ITDzQ8HJTBZ+8M0ByFj\nznG4ZYQ8R88M8gypcsizLRXiFPEWAJbXP72+iNsYxdUYN0H/bPzo1qENim4vS096Va37B/YJr1wK\nZW5kc3RyZWFtCmVuZG9iagp4cmVmCjAgMTkKMDAwMDAwMDAwMCA2NTUzNSBmIAowMDAwMDAwMDE1\nIDAwMDAwIG4gCjAwMDAwMDAxNTQgMDAwMDAgbiAKMDAwMDAwODExOCAwMDAwMCBuIAowMDAwMDEx\nMDM4IDAwMDAwIG4gCjAwMDAwMTI0MTAgMDAwMDAgbiAKMDAwMDAxMjQ1NyAwMDAwMCBuIAowMDAw\nMDEyNTEyIDAwMDAwIG4gCjAwMDAwMTI3NTAgMDAwMDAgbiAKMDAwMDAxMjc4NyAwMDAwMCBuIAow\nMDAwMDEyOTI2IDAwMDAwIG4gCjAwMDAwMTM1OTQgMDAwMDAgbiAKMDAwMDAxMzgzNCAwMDAwMCBu\nIAowMDAwMDI4ODg4IDAwMDAwIG4gCjAwMDAwMjkyOTAgMDAwMDAgbiAKMDAwMDAyOTQyNyAwMDAw\nMCBuIAowMDAwMDMwMDE4IDAwMDAwIG4gCjAwMDAwMzAyNTUgMDAwMDAgbiAKMDAwMDA0NDY5OSAw\nMDAwMCBuIAp0cmFpbGVyCjw8L1NpemUgMTkKL1Jvb3QgNSAwIFIKL0luZm8gMSAwIFI+PgpzdGFy\ndHhyZWYKNDUxMDQKJSVFT0Y=\n','Generalie Report',1,25);
/*!40000 ALTER TABLE `report` ENABLE KEYS */;
UNLOCK TABLES;

--
-- Table structure for table `sprint`
--

DROP TABLE IF EXISTS `sprint`;
/*!40101 SET @saved_cs_client     = @@character_set_client */;
/*!50503 SET character_set_client = utf8mb4 */;
CREATE TABLE `sprint` (
  `sprintid` int NOT NULL,
  `period` int DEFAULT NULL,
  `sprint_end_date` datetime(6) DEFAULT NULL,
  `sprint_start_date` datetime(6) DEFAULT NULL,
  `sprint_title` varchar(255) DEFAULT NULL,
  `sprint_types` int DEFAULT NULL,
  `status` int DEFAULT NULL,
  `project_projectid` int DEFAULT NULL,
  PRIMARY KEY (`sprintid`),
  KEY `FK7o34wscyenx7h2c6g2dlc69xh` (`project_projectid`),
  CONSTRAINT `FK7o34wscyenx7h2c6g2dlc69xh` FOREIGN KEY (`project_projectid`) REFERENCES `project` (`projectid`)
) ENGINE=InnoDB DEFAULT CHARSET=utf8mb4 COLLATE=utf8mb4_0900_ai_ci;
/*!40101 SET character_set_client = @saved_cs_client */;

--
-- Dumping data for table `sprint`
--

LOCK TABLES `sprint` WRITE;
/*!40000 ALTER TABLE `sprint` DISABLE KEYS */;
INSERT INTO `sprint` VALUES (15,0,'2022-05-07 14:02:00.000000','2022-04-24 14:02:31.922000','Sprint 1',1,2,13),(19,0,'2022-06-24 14:02:00.000000','2022-05-07 15:21:58.306000','Sprint 2',1,1,13),(20,0,'2022-07-24 14:02:00.000000','2022-06-24 20:59:26.540000','Sprint 3',0,0,13),(21,0,'2022-08-24 14:02:00.000000','2022-07-24 21:43:10.721000','Sprint 4',1,0,13),(22,0,'2022-09-24 14:02:00.000000','2022-08-24 21:46:19.814000','Sprint 5',0,0,13),(27,0,'2022-05-26 20:08:00.000000','2022-04-26 20:08:00.000000','Sprint 1',1,1,25);
/*!40000 ALTER TABLE `sprint` ENABLE KEYS */;
UNLOCK TABLES;

--
-- Table structure for table `task`
--

DROP TABLE IF EXISTS `task`;
/*!40101 SET @saved_cs_client     = @@character_set_client */;
/*!50503 SET character_set_client = utf8mb4 */;
CREATE TABLE `task` (
  `taskid` int NOT NULL,
  `creation_date` datetime(6) DEFAULT NULL,
  `is_client_task_validated` tinyint(1) DEFAULT '0',
  `is_created_by_client` bit(1) DEFAULT NULL,
  `task_description` varchar(255) DEFAULT NULL,
  `task_estimation` int DEFAULT NULL,
  `task_status` int DEFAULT NULL,
  `task_title` varchar(255) DEFAULT NULL,
  `assignee_memberid` int DEFAULT NULL,
  `category_categoryid` int DEFAULT NULL,
  `client_memberid` int DEFAULT NULL,
  `priority_priorityid` int DEFAULT NULL,
  `project_projectid` int DEFAULT NULL,
  `reporter_memberid` int DEFAULT NULL,
  `sprint_sprintid` int DEFAULT NULL,
  PRIMARY KEY (`taskid`),
  KEY `FKq0052khbahpap4jpcig4ppdcb` (`assignee_memberid`),
  KEY `FKasrfvh0injf09hj48civ4e6nl` (`category_categoryid`),
  KEY `FK3ogadlaxa0jdiowd49jlyplrd` (`client_memberid`),
  KEY `FKj5tp5u53sldaa06i1uhjg01st` (`priority_priorityid`),
  KEY `FK5b3eoctebn1jeny30rc3eioqk` (`project_projectid`),
  KEY `FK49n1i3xuowvv48pth5uvl73hc` (`reporter_memberid`),
  KEY `FKaiasrnn6nmprsevyojxf3h586` (`sprint_sprintid`),
  CONSTRAINT `FK3ogadlaxa0jdiowd49jlyplrd` FOREIGN KEY (`client_memberid`) REFERENCES `member` (`memberid`),
  CONSTRAINT `FK49n1i3xuowvv48pth5uvl73hc` FOREIGN KEY (`reporter_memberid`) REFERENCES `member` (`memberid`),
  CONSTRAINT `FK5b3eoctebn1jeny30rc3eioqk` FOREIGN KEY (`project_projectid`) REFERENCES `project` (`projectid`),
  CONSTRAINT `FKaiasrnn6nmprsevyojxf3h586` FOREIGN KEY (`sprint_sprintid`) REFERENCES `sprint` (`sprintid`),
  CONSTRAINT `FKasrfvh0injf09hj48civ4e6nl` FOREIGN KEY (`category_categoryid`) REFERENCES `category` (`categoryid`),
  CONSTRAINT `FKj5tp5u53sldaa06i1uhjg01st` FOREIGN KEY (`priority_priorityid`) REFERENCES `priority` (`priorityid`),
  CONSTRAINT `FKq0052khbahpap4jpcig4ppdcb` FOREIGN KEY (`assignee_memberid`) REFERENCES `member` (`memberid`)
) ENGINE=InnoDB DEFAULT CHARSET=utf8mb4 COLLATE=utf8mb4_0900_ai_ci;
/*!40101 SET character_set_client = @saved_cs_client */;

--
-- Dumping data for table `task`
--

LOCK TABLES `task` WRITE;
/*!40000 ALTER TABLE `task` DISABLE KEYS */;
INSERT INTO `task` VALUES (14,'2022-04-24 15:02:25.874431',0,_binary '\0','We need to initiate the project repository on Got Lab',1,2,'Initialize the project on GIT',3,7,NULL,12,13,2,15),(18,'2022-04-24 15:09:55.430501',1,_binary '','We must implement the new design for the onboarding screen',40,2,'Implement the onboarding screen new design',3,7,4,9,13,2,15),(23,'2022-04-24 23:58:41.360503',0,_binary '\0','We need to implement the sign in screen as in the mockups',8,0,'Implement the sign-in screen',3,7,NULL,9,13,2,15),(29,'2022-05-05 11:21:34.840323',0,_binary '\0','test',44,0,'dfkljl ljdf',3,5,NULL,9,13,2,NULL),(32,'2022-05-05 11:29:08.421761',0,_binary '','dfdf',NULL,0,'teskdf ',NULL,6,4,10,25,NULL,NULL),(98,'2022-05-27 16:55:23.639119',0,_binary '\0','testing description',10,0,'test',34,7,NULL,11,13,2,19);
/*!40000 ALTER TABLE `task` ENABLE KEYS */;
UNLOCK TABLES;

--
-- Table structure for table `task_comment`
--

DROP TABLE IF EXISTS `task_comment`;
/*!40101 SET @saved_cs_client     = @@character_set_client */;
/*!50503 SET character_set_client = utf8mb4 */;
CREATE TABLE `task_comment` (
  `commentid` int NOT NULL,
  `comment` longtext,
  `creation_date` datetime(6) DEFAULT NULL,
  `commented_by_memberid` int DEFAULT NULL,
  `task_taskid` int DEFAULT NULL,
  PRIMARY KEY (`commentid`),
  KEY `FK58rbv80mb7jytp801i6rdy3tv` (`commented_by_memberid`),
  KEY `FKrm4wmhrlxwiax6vcr0caaxldc` (`task_taskid`),
  CONSTRAINT `FK58rbv80mb7jytp801i6rdy3tv` FOREIGN KEY (`commented_by_memberid`) REFERENCES `member` (`memberid`),
  CONSTRAINT `FKrm4wmhrlxwiax6vcr0caaxldc` FOREIGN KEY (`task_taskid`) REFERENCES `task` (`taskid`)
) ENGINE=InnoDB DEFAULT CHARSET=utf8mb4 COLLATE=utf8mb4_0900_ai_ci;
/*!40101 SET character_set_client = @saved_cs_client */;

--
-- Dumping data for table `task_comment`
--

LOCK TABLES `task_comment` WRITE;
/*!40000 ALTER TABLE `task_comment` DISABLE KEYS */;
INSERT INTO `task_comment` VALUES (17,'This project has been added to GitLab repositories','2022-04-24 15:06:20.501435',3,14),(28,'Test comment','2022-04-26 23:03:00.304383',3,23),(30,'jkhsd','2022-05-05 11:21:52.834277',2,29),(99,'This task is to priority','2022-05-27 16:56:23.159539',2,98);
/*!40000 ALTER TABLE `task_comment` ENABLE KEYS */;
UNLOCK TABLES;

--
-- Table structure for table `task_duration`
--

DROP TABLE IF EXISTS `task_duration`;
/*!40101 SET @saved_cs_client     = @@character_set_client */;
/*!50503 SET character_set_client = utf8mb4 */;
CREATE TABLE `task_duration` (
  `duration_id` int NOT NULL,
  `creation_date` datetime(6) DEFAULT NULL,
  `duration` int DEFAULT NULL,
  `duration_type` int DEFAULT NULL,
  `logged_by_memberid` int DEFAULT NULL,
  `task_taskid` int DEFAULT NULL,
  PRIMARY KEY (`duration_id`),
  KEY `FK1tlnogdxr5gg99b0qvfmsxhrx` (`logged_by_memberid`),
  KEY `FKmtk1s354y3md96c95frdsdx4p` (`task_taskid`),
  CONSTRAINT `FK1tlnogdxr5gg99b0qvfmsxhrx` FOREIGN KEY (`logged_by_memberid`) REFERENCES `member` (`memberid`),
  CONSTRAINT `FKmtk1s354y3md96c95frdsdx4p` FOREIGN KEY (`task_taskid`) REFERENCES `task` (`taskid`)
) ENGINE=InnoDB DEFAULT CHARSET=utf8mb4 COLLATE=utf8mb4_0900_ai_ci;
/*!40101 SET character_set_client = @saved_cs_client */;

--
-- Dumping data for table `task_duration`
--

LOCK TABLES `task_duration` WRITE;
/*!40000 ALTER TABLE `task_duration` DISABLE KEYS */;
INSERT INTO `task_duration` VALUES (16,'2022-04-24 15:05:25.198279',30,3,3,14),(31,'2022-05-05 11:27:02.729083',45,2,3,18);
/*!40000 ALTER TABLE `task_duration` ENABLE KEYS */;
UNLOCK TABLES;
/*!40103 SET TIME_ZONE=@OLD_TIME_ZONE */;

/*!40101 SET SQL_MODE=@OLD_SQL_MODE */;
/*!40014 SET FOREIGN_KEY_CHECKS=@OLD_FOREIGN_KEY_CHECKS */;
/*!40014 SET UNIQUE_CHECKS=@OLD_UNIQUE_CHECKS */;
/*!40101 SET CHARACTER_SET_CLIENT=@OLD_CHARACTER_SET_CLIENT */;
/*!40101 SET CHARACTER_SET_RESULTS=@OLD_CHARACTER_SET_RESULTS */;
/*!40101 SET COLLATION_CONNECTION=@OLD_COLLATION_CONNECTION */;
/*!40111 SET SQL_NOTES=@OLD_SQL_NOTES */;

-- Dump completed on 2022-05-27 16:59:25
